:020000040800F2
:10400000C005002019CA00080D4F0008054F000820
:10401000074F0008094F00080B4F00080000000080
:104020000000000000000000000000000F4F00082A
:10403000114F000800000000134F0008154F000842
:1040400061CA000861CA000861CA000861CA0008A4
:1040500061CA000861CA000861CA000861CA000894
:1040600061CA000861CA000861CA000861CA000884
:1040700061CA000861CA000861CA000861CA000874
:1040800061CA000861CA000861CA000861CA000864
:1040900061CA000861CA000861CA000861CA000854
:1040A00061CA0008214F000861CA000861CA0008FF
:1040B00061CA000861CA000861CA000861CA000834
:1040C00061CA000861CA000861CA000861CA000824
:1040D00061CA000861CA000861CA000861CA000814
:1040E00061CA000861CA000861CA00080000000037
:1040F00000000000000000000000000000000000C0
:1041000000000000000000005FF808F12DE9F04712
:1041100085684668089FB54203D2761BB6FBF7F662
:1041200003E0AE1BB6FBF7F6F6430468AC4600238B
:10413000BB4223D011F80380B444B8F1000F18BF7C
:1041400000244FEA5C0844444FEA1449444449F3CC
:10415000C03A4FEA14488AEA490948F3C03A8AEA61
:104160004808A9F50049A8F5004848F34E0849F366
:104170004E09C84422F813800133D9E703FB0653E4
:1041800004608360BDE8F0872DE9F04785684668E4
:104190009246B542089F036803D2761BB6FBF7F63A
:1041A00003E0AE1BB6FBF7F6F643AC460024BC4278
:1041B0001BD00A5DB4440AB9634400E000230E4AF0
:1041C0004FEA136932F81980023232F919900FFA66
:1041D00088F2C2EB0902C3F30F2909FB02F208EBD4
:1041E00022482AF814800134E1E704FB06540360F6
:1041F0008460BDE8F08700BFE28201082DE9F04F3E
:104200008368446889B0A342D0F800C004D2129DEC
:10421000E41AB4FBF5FB05E0129E1C1BB4FBF6F49C
:104220006FEA040B129D47F6FF74B0F91090B4FBCF
:10423000F5F4B0F90E50129EC9EB050565430E4426
:10424000CDF810900595069603950293069DA94218
:104250006DD0039DDDF810A04FF4F0460AEBE53475
:10426000DDF80890664311F8014BD944002C4FEA61
:10427000590718BF4FF0000CBC444FEA1C4444F3EC
:10428000C03585EA4404F613A4F5004406F500663B
:1042900036B2CDF808900FFA84F906FB09F94FEA17
:1042A000E939A9F50049274C1FFA89F94FEA292A6B
:1042B00034F81A80A51C35F91AA00096BC440FFAF0
:1042C00088F6C6EB0A0A5FFA89F94FEA1C47CDF86F
:1042D0001CA009FB0AFA47F3C03989EA4707A7F58A
:1042E0000047DDF800903FB209FB07F6F61308EB34
:1042F0002A28A6F5004648F34E08B6B2A2F8008078
:10430000371234F8174035F9177025B27D1BF6B215
:104310007543DDF80CA004EB2525059C45F34E05FF
:10432000A844A24422F8028BCDF80CA08EE7129E7E
:10433000C28906FB0B3302828360C0F800C009B05B
:10434000BDE8F08FE88801082DE9F04F8BB00492AA
:10435000836842680568934204D2149CD21AB2FB67
:10436000F4FB05E0149E9A1AB2FBF6F26FEA020B18
:10437000149C47F6FF72B0F91070B2FBF4F2B0F97A
:104380000E40149EE41B54430E4405970794089670
:1043900003940293089FB9427DD0029FDDF80CC0C0
:1043A000DDF814A05F440AEBEC3202974FF4F047BB
:1043B000574311F8012BFF13002A029A18BF00255A
:1043C0004FEA520C6544394C07F500672E0E3FB298
:1043D00034F816200697A71C37F9168016B2C6EBDC
:1043E0000806C5F30F2808FB06F6DDF818A002EB57
:1043F00026460FFA86F90AFB09F94FEAE939A9F5C9
:1044000000492B4A1FFA89F94FEA292A32F81A8003
:10441000961C36F91A700FFA88FACAEB07075FFA8A
:1044200089F909FB07FA049F08EB2A2A4AF34E0A86
:104430006544A7F800A04FEA156C1E4F34F81C40E5
:1044400037F91CC027B2C7EB0C07C5F30F2C0CFBC8
:1044500007F7DDF818C004EB27473FB20CFB07F461
:10446000E413A4F50044A4B2271232F8172036F959
:10447000177016B2E4B2BE1B664302EB262646F363
:104480004E06B244049A039C079E22F802AB3444C1
:10449000049203947EE7C28905600282149A02FBAB
:1044A0000B3383600BB0BDE8F08F00BFE2820108E0
:1044B000EE8E0108E4820108B0F90E302DE9F04FCC
:1044C000C3F5FF43B0F916407F3304EB63034FEAB3
:1044D00083199B120E2B28BF0E23DD1C0133244CA5
:1044E0000F2B08BF0E23033354F8255054F82360D4
:1044F0001FFA89F90023099CA34236D090E8900066
:104500003C440460CC5C0CB10024046007683C0EA1
:104510004FEA440C35F814800CF1020C35F90CB05C
:104520000FFA88FAC7F30F27CAEB0B0A07FB0AFA40
:1045300036F8144008EB2A4836F90CA00FFA84FC30
:10454000CCEB0A0C07FB0CF71FFA88F804EB2744A6
:104550000FFA88FC24B2CCEB040409FB04F408EB4A
:10456000244822F813800133C5E7BDE8F08F00BF6F
:10457000740300204FF6FF73984228BF184640434B
:10458000800C70474FF6FF73984228BF18461B1ADD
:104590005B43980C404270472DE9F04F8BB0089276
:1045A00098468268436804469A42049204D29B1A51
:1045B000149AB3FBF2F305E0049AD31A149AB3FBEE
:1045C000F2F3DB430793149B0691D4F818B0194417
:1045D000049D0991069A099B9A4200F0D280B4F991
:1045E0000E304FF4404A0AFB03FA069A079912F874
:1045F000016B0D44EB00534528BF9A46069276B3F3
:10460000013E76022268C6F57F43FF332F0C07FB7D
:104610000323934206D3217B31B9534534BF002194
:10462000012102E0012100E00021524505911AD349
:10463000B4F912703046BF10A7F50067BFB2A78269
:104640003FB2A7EB9347FFF795FF78430BEBE03BB7
:104650003046FFF797FF78430123C71305E005961F
:104660003346374601E00123002721682944A94247
:1046700021602CBF00220122B8F1000F0AD008F1FE
:10468000010052B14FEAD51CB1FBFCF1013188F8B1
:1046900000108046290CD94608E088F80020F8E789
:1046A000002B58D1207B28B1207B58BB05980028CF
:1046B000F8D1F5E7206850454CD3CAEB000CB4F8AC
:1046C00014B0BCFBF1FCCBEB904B60460091029226
:1046D0000193CDF80CC0FFF74DFF0FFA8BFB00FBE9
:1046E0000BF0DDF80CC009EBE0396046FFF74AFF3C
:1046F00000FB0BF007EBE03701202073019B029ACF
:104700000099D1E732B3B4F912B00091CBF38F0B1B
:10471000ABF50062A28222680193B2FBF1F210466F
:104720000292FFF727FFABF58F4BABF17F0B0FFA30
:104730008BFB00FB0BF0029A09EBE0391046FFF708
:1047400021FF9DE80A0000FB0BF0002207EBE03799
:104750002273ABE71BB14E4300232660237323680B
:1047600008995345A9F5005938BFB4F914B04FEA78
:10477000490928BF4FEA934B21F8029BBB4408919B
:1047800028E707981499049AC4F818B001FB00238D
:10479000A3600BB0BDE8F08F2DE9F04F8BB008920D
:1047A00098468268436804469A42049204D29B1A4F
:1047B000149AB3FBF2F305E0049AD31A149AB3FBEC
:1047C000F2F3DB430793B4F90E300691B3F5FA4FD9
:1047D000C4BF4FF4FA43E381149BD4F818B01944D2
:1047E000049E0991069A099B9A4200F0A480069AB9
:1047F000B4F90E30079912F8015BC3F500430E447B
:104800004FEA034A06921DB3013D6D022168C5F5CA
:104810007F42FF32300C00FB02128A4206D3217B1A
:1048200039B9524534BF0023012303E0012105912A
:1048300001E00023059352450ED32846FFF79AFE68
:10484000C0EB0B0B2846FFF79DFE0122474205E017
:1048500005952A462F4601E00122002720683044B2
:10486000B04220602CBF00210121B8F1000F0AD016
:1048700008F1010C59B14FEAD619B0FBF9F001303B
:1048800088F80000E0464FEA164CD94608E088F860
:104890000010F7E7002A38D1207B28B1207BE8B947
:1048A000059B002BF8D1F5E7206850452CD3CAEBC7
:1048B000000BBBFBFCFB584603910292CDF804C0F1
:1048C000FFF758FE81445846FFF75CFE074401207D
:1048D0002073DDF804C0029A0399DFE7A1B12168D3
:1048E0000292B1FBFCFB5846CDF804C0FFF742FE34
:1048F000C0EB09095846FFF745FE00213F1A217316
:10490000DDF804C0029ACBE722B10CFB05F50022CA
:104910002560227322680899A9F5804947F6FF7B34
:104920004FEA4909524538BF4FF0000B21F8029B6E
:10493000BB44089156E707981499049AC4F818B034
:1049400001FB0023A3600BB0BDE8F08F2DE9F04F11
:104950009846D0F80890436887B099450446049279
:1049600005D2109AC9EB0303B3FBF2F305E0109AEA
:10497000C3EB0903B3FBF2F3DB430293109BA7697C
:104980000B448A4605934D46059B9A4568D002998B
:104990001AF8016B0D4416B3013E76022268C6F583
:1049A0007F43FF334FEA154B0BFB032B93452CBF83
:1049B0000022012230460392FFF7DCFD4FEA5B4BF9
:1049C00000FB0BF0A7EBE0373046FFF7DBFD00FB09
:1049D0000BF04FEAE03BCBF1000B012302E0039622
:1049E0003346B34621682944A94221602CBF0022E6
:1049F0000122B8F1000F0DD008F101003AB14FEAE1
:104A0000D51CB1FBFCF1013188F8001001E088F8F9
:104A100000208046039901B993B982B121682A0C1C
:104A2000B1FBF2F2104600930192FFF7A3FD019A49
:104A30003F1A1046FFF7A6FD009BC0EB0B0B23B1FE
:104A40002B0C5E43002326602373049AA7F580474E
:104A500023687F0022F8027B04920BEB534793E715
:104A6000029A1099A76101FB0293A36007B0BDE809
:104A7000F08F2DE9F04F8BB00892D0F808B0426863
:104A8000044693451F4605D2149BCBEB0202B2FBB2
:104A9000F3F205E0149BC2EB0B02B2FBF3F2D2433C
:104AA000B4F90E00149BB0F5806F0792B8BF4FF4B5
:104AB00080600591A2691944B8BFE08109915E4602
:104AC000059B09998B4200F0B180059B0799B4F9C9
:104AD0000E9013F8015B0E444FEA09490593002D2F
:104AE00034D0013D6D022068C5F57F41FF314FEAAA
:104AF000164808FB0101814206D3207B30B94945A5
:104B000034BF0023012302E0012300E00023C9EBAE
:104B10000100890C01EB9041C9F100082846C1EB66
:104B2000984804930292FFF725FD00FB08F0029AD3
:104B300002EBE03228460292FFF724FD00FB08F06A
:104B400001214FEAE0380691029A02E004950695A9
:104B5000A84620683044B04220602CBF00210121CB
:104B60004FB107F1010C51B14FEAD61AB0FBFAF080
:104B70000130387067464FEA164C924608E03970AB
:104B8000F8E7069B002B3CD1227B2AB1227BFAB9A5
:104B9000049A002AF8D1F4E722684A452FD3C9EBDA
:104BA0000202B2FBFCF210460391CDF804C002925F
:104BB000FFF7E0FC029AAAEB600A1046FFF7E2FC5E
:104BC0000122A8EB60082273DDF804C00399DDE739
:104BD000A9B12268CDF804C0B2FBFCF210460292E3
:104BE000FFF7C8FC029AAAEB600A1046FFF7CAFC5E
:104BF0000021A8EB60082173DDF804C0C8E706991E
:104C000021B10CFB05F50022256022732168AAF56D
:104C1000804AC9EB01098A0C08994FEA4A0A02EB5B
:104C2000994221F802AB4244089149E7A2610799F1
:104C3000149A02FB01B3A3600BB0BDE8F08F000033
:104C400010B543F6FF739942A8BF1946A1F58041FC
:104C5000002311F5C06103F10103FAD407480C11D8
:104C600050F82420013450F8240001F00F01801A7C
:104C7000414302EB2110D84010BD00BF587A010813
:104C80002DE9F74F067F9A461F4B934653F836702F
:104C900003EBC602437F0446B3428946D2F8048040
:104CA0000FD0012343604CF20103002583824FF4AF
:104CB000F053056005730582C5814582C382856115
:104CC0004677B4F9165020462946FFF7B9FFB5F5E7
:104CD000804F606002DD4FF4804302E0002D01DA76
:104CE0000023E38218F0010F4FEA680016BF235833
:104CF0003D46DD590C9B2044009349465A46534695
:104D0000A84703B0BDE8F08F0000002070B54FF455
:104D1000F053002501264CF201020446A0F86C2055
:104D2000A0F86E30A0F88C20A0F88E30A0F8AC204F
:104D3000A0F8AE308565C66580F86450A0F868506C
:104D4000A0F86650A0F86A5005678567C66780F8C6
:104D50008450A0F88850A0F88650A0F88A50C0F877
:104D60009050C0F89850C0F89C6080F8A450A0F80B
:104D7000A850A0F8A650A0F8AA50C0F8B050C4227D
:104D8000D830294607F0E4FE40F6FD734FF4845214
:104D9000C4F8A031C4F8B431C4F8C831C4F8DC3167
:104DA0004FF48043C4F89C51C4F8A451C4F8A851EE
:104DB000C4F8B051C4F8B851C4F8BC51C4F8C451D7
:104DC000C4F8CC51C4F8D051C4F8D851C4F8E0515B
:104DD000C4F8E451C4F80052C4F80452A4F8EE2117
:104DE000A4F8F03184F8EC61C4F8F45184F8086256
:104DF000C4F82052C4F82452A4F80E22A4F81032A9
:104E000084F80C62C4F8145284F82862C4F8405242
:104E1000C4F84452A4F82E22A4F8303284F82C624C
:104E2000C4F8345284F84862C4F8B85084F8D460A6
:104E300084F8D3606565A580E58070BD2DE9F74FE6
:104E4000C1F3C22B0BF1010B4FEACB1BC1F30417CB
:104E5000C1F341230BFB0BFB01F00F01C90203332C
:104E6000C1F57F454FEA872A00220193FF350AF5F5
:104E7000005A13469CB26443A4F5004424B24C4348
:104E8000A3F180084FEA082805FB08484FEA2848A4
:104E900008FB08F696FBFBF688EAE87CACEBE87CBE
:104EA0001036B6B20CFB07FC4FF48004803694FB3E
:104EB000F6F60AFB08F4DFF848805FFA82F938F961
:104EC00019804FEA6C1C0CF5005C94FBFCFCC6F5E9
:104ED0007F4406FB08F60FFA8CFCFF3404FB0C64DD
:104EE000241440F823400133019CB3F5807F224411
:104EF000C0D1D0F8FC33C0F8003403B0BDE8F08F67
:104F0000E2820108FEE7FEE7FEE7FEE77047704732
:104F100070477047014806F0F1BA00BF3C490020D5
:104F2000584BF0B51A8AD20740F1AB804FF6FE72AB
:104F30001A82554A554B11681B68182202FB03124E
:104F4000534B4FF4805033F81230524AC3F50043AC
:104F50009BB210615061180AA2F55442908100BFC3
:104F600000BF00BF00BF00BF00BF00BF00BF00BF49
:104F700000BF00BF00BF00BF00BF00BF00BF1B02DB
:104F80009BB29381444B454A9D68107885F010058B
:104F90003E4BC5F30015157000281A680CBF284653
:104FA0000020182505FB02123D4D0131A8543D4A51
:104FB00017291578344C40EA05001070154601D8C1
:104FC000216006E0002222601A68013202F003022A
:104FD0001A60354B9A68012A21D00BD3022A26D1B8
:104FE000324C0021A28902F00F0212021A80A18124
:104FF00099601CE02D4C1988A2890A43596892B225
:1050000003EB41061A80B281224E01221144326123
:1050100001F0030172610626A681596006E0234A69
:1050200091895968890189B2918102229A605B68ED
:105030001D4A33BB9468012C23D11D4B518AD7895B
:10504000168A9289A3F8BC10A3F8B620A3F8B8700A
:10505000A3F8BA60174948B1174B5B7913B104FA4A
:1050600003F39BB201330B8000232B700B8843B1F9
:10507000013B104A9BB213801BB9104B01221A70DE
:10508000F0BDF0BD002C0140844F00204C4B0020AF
:10509000C2050020000C014000080140344A0020F5
:1050A00082060020784B0020544B00200030014045
:1050B0003C490020C0050020944F0020514B0020A7
:1050C000012210B540F2ED212A4806F05BFD2A4886
:1050D00004F01AFD294806F01DF8294B0021294843
:1050E000196006F05FFB284806F0B4FC274806F07C
:1050F000BDFB2748FFF70AFE264804F0FFFB2648C1
:1051000006F0BCFC254B264A03F16000A2F13001F9
:10511000914203D0002421F8024BF9E7A3F11801D2
:10512000994203D0002401F8014BF9E701F118037B
:10513000834202F13002E9D11A4B02221A601A4B63
:1051400000241C60194B4FF6FF721C60184B194865
:10515000DC811C829C609A81174B1968FFF76EFEF8
:10516000164B04489C60DC605C601C60BDE810402D
:1051700006F04EBD504B0020944F00203C490020CB
:10518000C84F0020544B0020344A0020904F00208C
:10519000E4060020384A0020884F00209A060020AC
:1051A000F20500204C4B0020304A0020844F0020A4
:1051B0000C4A00207C4B0020ECF7FF1F684B0020BE
:1051C0002DE9F04F944C954BE17BA27BC900D200B6
:1051D000934D53F8222053F821302A606B606B699D
:1051E000296A55F8232085B011449142296212D2D0
:1051F00001336A8BDBB2022B1ABFC2EB02421214DC
:105200000022AA83AA8B6B612A8305EB4302928951
:1052100000236A832B626A69814B55F82220C2B150
:10522000186A804E010E36F81120023636F8111039
:10523000C0F30F20891A41435E8B02EB114189B202
:10524000C1F57F427143188BFF3202FB001212142A
:105250009A83A279B5F81C806F4B734F734E82B35B
:105260001B6AB7F91220DFF8ECE1D21ABEF8003061
:1052700092B218B211B200F1020C614502DC0238A0
:10528000814202DAAEF80020134639221BB25343A2
:10529000227802EBE323372BD8BF23EAE37344F2EF
:1052A0005422D4BF9BB23823B15CDBB2994203D005
:1052B0005E49012081F8D400B3545D4A82F8C030C1
:1052C00009E044F25422B15C1B7899421CBF0121D1
:1052D00086F8D410B354238DB989B4F92400594306
:1052E000E37800EB2131B7F80EC008FB03F3608DC3
:1052F00094F811E00CFB00F008FB0EFE01EB5313D9
:10530000B4F926C047F6FF718B42A8BF0B4623EACB
:10531000E3730CEB2030ADF80C3000EB5E10338003
:10532000E3798842B8BF014621EAE17113F0FB0F2F
:105330007180394A398A05D1D3699269594302EBA0
:10534000213113E0012B05D1D369A1F266615943E4
:10535000091306E0032B07D0A1F2666101EBC1013E
:10536000491001F5F05101E04FF40A51227D314816
:105370003C32D20104F026FBA379DFF89C9063B99C
:10538000798A99F80770D9F82020032F04D08B1A56
:105390004FF4F05253431B131844274B21791A88BA
:1053A00029B112B2821A3F327E2A00F20B81234ABF
:1053B000188023491368E77A01FB03FE214B7344ED
:1053C00013609AB2204B7AB91A6851431D4A0A44B5
:1053D00059681A60120C02FB02121C495A60120E24
:1053E00031F9122012029A60D9689A68521A01EBB8
:1053F0002242DA607A43164B00EBE2401A785ABB3D
:105400005A885968A2F50042C1EB022201EB222220
:105410005A60131221E000BF944F002040DB0008C7
:105420000C4A00204AE90008544B0020E406002002
:105430003C490020384A0020804F0020BC03002057
:105440000D6619005FF36E3C684B0020E282010894
:10545000884F0020924F00200023217C00EB232363
:1054600008FB01F003EBD010A37A80F30E007BB1B0
:10547000800080B2584F021237F81230023737F8E6
:10548000122000F0FC00D21A504303EB202080B21F
:10549000E279237A042A514AA3F1020318BF0022B9
:1054A0004FF4C06707FB03234D4A80B218441378BA
:1054B00030815BB14B4B012083F8D400AB8B2B8345
:1054C000AB896B8300236B612B621370464B474A99
:1054D0001868182505FB00251A68454B4FF0300960
:1054E00009FB0239A27C434B002A6FD1DA78002AEB
:1054F0006CD15B7C002B69D1002967D129464A46D3
:105500001823384804F0E2F9A2783B4B277B33F8A4
:1055100012606278394B7F4333F812B0A27C4FF6A9
:10552000FF73002A08BF9846354BC7EB07371D8825
:105530000023CDF80480BFB2A9F102021946B3FBE3
:10554000F6F006FB103010B951880BEA010108B2E1
:1055500068430014A0F50048DDF804C01FFA88F87D
:10556000DFF8A4904FEA282AC5EB0C0459F82AC0AA
:105570000AF1010A59F82A905FFA88F8CCEB090978
:1055800008FB09F80CEB282C0FFA8CFC07FB0CFC31
:1055900005EB2415C7F57F44FF3481B204FB00C03E
:1055A00001330014182BADB222F8020FC7D1144BEF
:1055B0001D800D4B1A68013202F003021A6005B01B
:1055C000BDE8F08F0F4A01211170F0E62846002156
:1055D000182207F0BDFA91E70CA0010800EEFFFFCA
:1055E000514B0020E4060020304A002082060020B3
:1055F000C2050020944F0020FED30008F0D300081D
:105600007A4B0020784B00207C4B002010B5FFF730
:1056100057FD0F4B0F4A5B7A117899420BD0282126
:1056200013704B430C4A0D48D41804F10801D25EA4
:10563000636804F075F90A4B1A680A4B1B689A42B2
:1056400002D0FFF7BDFDF6E7074806F02FF8E0E7C8
:10565000944F00204800002048CC0008384A002021
:10566000304A00204C4B00203C4900202DE9F74FE8
:10567000B0F90C704668BF11C7F50077B608BFB225
:105680000468458C90F820C0466001970B4406EBF7
:10569000460A99422FD011F8017B002F18BF002431
:1056A0000027A146B846DDF804B0B1445D450BD3F0
:1056B000C57B4FEA196C8CEA450C2CEA050C0CEB07
:1056C000550C5FFA8CFC0025DFF838B0013557F82F
:1056D0000BB00437102F0BFB0C88ADB2E3D14FEAAF
:1056E0002828A8F5DC480AEB0607A8F130083C4456
:1056F00022F8028BCDE780F820C04584046003B017
:10570000BDE8F08F44D800082DE9F04F85B0019135
:105710000393B0F91210C389029201F140041AB246
:10572000A24202DC40398A4200DA4382B0F91230E8
:10573000142253431221DB0B4B43454AB0F90C4072
:10574000D118D35C6400634301EB13414A78897834
:10575000009345683F4B02EBC21201EBC1111A44A2
:1057600019446D080023039EB3426ED00468019E65
:105770002C440460F45C0CB10024046007687C0EC7
:1057800004F1010A165D12F80AC0C7F35708C6EB08
:105790000C0C08FB0CFC4FEA0629A9F500490C5D2E
:1057A00011F80AA009EB2C4CDDF800901FFA8CFCD4
:1057B0001FFA89F64FEA0429C4EB0A0408FB04F433
:1057C000A9F5004909EB24490FFA8CFB0FFA89F976
:1057D000CBEB090906FB09F92F447C0E07600CEBA3
:1057E000294904F1010C12F8048012F80CB0C7F337
:1057F00057074FEA082AC8EB0B0807FB08F80C5DAF
:1058000011F80CC0AAF5004A0AEB284A4FEA04280E
:10581000C4EB0C047C43A8F500481FFA8AFA08EB95
:1058200024480FFA8AFB0FFA88F8CBEB080806FB2E
:1058300008F60AEB264A49F34E094AF34E0A029C3F
:10584000D14424F8139001338DE705B0BDE8F08F03
:10585000DAD6000858F900082DE9F04F8FB007920A
:10586000B0F90C20B0F90E40C2EB02121211550132
:10587000C4EB04142411ADB205956501C4F3C4242E
:10588000C2F3C422ADB2013404EB0214029500222B
:10589000854E651EADB2755D02F1280C05EBC5178E
:1058A000824D365D2F44E8464CF808700AAF174425
:1058B00006EBC616083235441034102A7D60A4B2B7
:1058C000E6D142680B9E520806920A9ACB180C9CAD
:1058D0000D9D039201960893089B994200F0E18088
:1058E0000368DDF818804344036011F8013B0BB1F5
:1058F000002303600268039E530E16F803C0C2F330
:105900005706039A5F1C12F807804FEA0C29CCEB6C
:10591000080806FB08F8DDF804C0A9F5004914F8EA
:1059200003A009EB28481CF8039014F807C0059A57
:10593000CAEB0C0C06FB0CFCC2F57F42FF32049252
:105940004FEA0A2B019AABF5004B0BEB2C4C12F8EB
:1059500007B04FEA092AC9EB0B0906FB09F9AAF5BA
:10596000004AEB5CEF5D1FFA88F80AEB294A0FFA50
:105970008AFA0FFA88F9029AC9EB0A0A4FEA032950
:10598000FB1A734302FB0AFAA9F500491FFA8CFCC3
:1059900009EB234908EB2A480FFA89F90FFA8CFA28
:1059A000CAEB090902FB09F9059B0CEB294C0FFA1C
:1059B0008CFC03FB0CFC049E0FFA88F806FB08CC59
:1059C0000268069EDDF80C801644730E06605F1CAC
:1059D000CDF824C018F803C018F80780C6F357069E
:1059E000CCEB080806FB08F84FEA0C29DDF804C0E8
:1059F000A9F5004914F803A009EB28481CF8039006
:105A000014F807C0019ACAEB0C0C06FB0CFC4FEA19
:105A10000A2BABF5004B0BEB2C4C12F807B04FEAFE
:105A2000092AC9EB0B0906FB09F9AAF5004AEB5C48
:105A30001FFA88F80AEB294AEF5D0FFA88F90FFA86
:105A40008AFA029AC9EB0A0A4FEA0329FB1A73433E
:105A500002FB0AFAA9F500491FFA8CFC09EB23495D
:105A600008EB2A480FFA89F90FFA8CFACAEB0909F0
:105A700002FB09F9059B0CEB294C0FFA8CFC03FB8C
:105A80000CFC049E0FFA88F806FB08C8DDF824C059
:105A9000079A4FEA684808EB6C4822F8028B079295
:105AA0001AE70FB0BDE8F08FF493010858F9000829
:105AB0002DE9F04F95B0079343690E92B0F90C2091
:105AC00003EB430303EB42039B10B0F91020109348
:105AD0004361904B52129A5C0A908F48089102EBF6
:105AE000C212109902440592C1F38522995C0A9D65
:105AF000134401EBC111079A01445C784FF4004351
:105B0000B3FBF2F303916A68B5F90E105208CE00A8
:105B1000B1F5005F0B9311962B680D9280F2FE8019
:105B2000DDF82C90089FDDF81C804FEA49024744BD
:105B300092B2139712924FF0000B0899139A914268
:105B400000F043830898059910F8012B059C002A62
:105B500018BF00235F0807F07E484FEA186811F865
:105B600008C0059E590E4D1C08900795605C755D38
:105B700027F07F470402281A7843A4F5004404EB79
:105B8000204080B20C900D98DDF80C900344DDF8B5
:105B900044A058081FFA8AFA099700F07E4619F8BF
:105BA000017005995A46059CCDF818A0CAF57F4B9F
:105BB000360EDDF82CA08D5D590E14F8019092443C
:105BC0001FFA8AFACDF83CA04FEA092AAAF5004A42
:105BD000CDF808A0DDF814A04C1C0BF1FF0BCDF89C
:105BE00010B01AF804B020F07F40C9EB0B0900FB9D
:105BF00009F9DDF808B04FEA0C2C0BEB294ADDF867
:105C00000C90DDF834B019F80110DDF848905B44D1
:105C100091441FFA89FBDDF80C90ACF5004C19F8A3
:105C200008801FFA8CFC4FEA0829A9F500490FFAF1
:105C300089F90FFA8CF8C8EB090802FB08F80CEB9D
:105C4000284C4FEA07280FFA8CFCA8F50048CDF83D
:105C500008C0CDF80480DDF81CC0DDF80C802D02F2
:105C600018F80C90DDF804C0C7EB0907DDF82490A4
:105C7000A5F5004509FB07F7DDF830900CEB274848
:105C80000FFA88F80FFA89F7C7EB080802FB08F843
:105C9000DDF818C009EB28480FFA88F80CFB08F863
:105CA000029A049FADB207FB028CDDF80C802AB289
:105CB00018F80660DDF83C903602A6F5004636B2CC
:105CC000B21A09FB02F218F8044005EB22450A0259
:105CD000611A4143A2F500421FFA8AFA02EB2142FF
:105CE0000FFA8AF612B2921B09FB02F20AEB224269
:105CF000DDF818A012B20AFB02F22DB207FB052252
:105D000012140E9802EB2C4C4FEA6C0C20F802CBCC
:105D10000E9012E72ED4000858F9000804EBC414C2
:105D200004440494109CB1F5804F4FEA841292B25F
:105D3000069280F2D6800B9F089D079E7A0035441C
:105D400092B2129513924FF0000C089C129DAC4237
:105D500000F03B820898059C10F8012B059E002A54
:105D600018BF00235A0EA15C541C16F80490039F20
:105D70000890C1EB0909C3F357000D0200FB09F9B4
:105D8000B95C3F5DA5F500457F1A474305EB2949FE
:105D90000D020D99A5F50045194407914B0E05EB31
:105DA0002747BFB2F55C079E01970FFA87F8DDF829
:105DB00010A0059FDDF844B0591CC6F357060C9699
:105DC000CDF83C801FFA8BFB1AF8028017F801A06F
:105DD000CDF824B0CBF57F42DDF830B0C5EB0A0A30
:105DE0000BFB0AFA2E02039DA6F5004606EB2A4A93
:105DF000EE5C6D5C4FEA062BAD1B0C9EABF50047CD
:105E0000754307EB2545049F1FFA89F9FB5C0F9F3B
:105E10000FFA89FBCBEB07070CFB07FB09EB2B49C0
:105E20000FFA89F9CDF80890DDF810904FEA082BA9
:105E300019F80440ABF5004BC8EB040800FB08F868
:105E40000BEB2848DDF83CB006980FFA88F8CBEB4E
:105E5000080800FB08F8019C1FFA8AFA04EB28479F
:105E60000B9CDDF82480ADB22EB20FFA8AF06444A8
:105E70003FB208FB07F7A4B2301A6043049CDDF878
:105E800008B0FF32615C02FB0B790C9F0AEB204AE1
:105E90001802CB1A7B43A0F5004000EB2343DDF84A
:105EA00018801BB29B1B08FB03F3DDF824B005EB45
:105EB00023431BB20BFB03F30FFA8AFA02FB0A33EC
:105EC0001B1403EB2949139A0E99079B0D984FEA6F
:105ED0006909624421F8029B03441FFA82FC0E9177
:105EE00033E7B1F5C04F01DB0022D5E0002605966F
:105EF000059A079CA24200F06881DDF82080059F8A
:105F0000DDF80C9018F80720DDF810A0002A18BF63
:105F100000235C085A0E24F07F4604F07E4402F110
:105F2000010C240E19F802101AF8027019F80C501E
:105F300019F8042008026D1A12020D99A2F5004208
:105F40000B4492B20C9275435A0E19F80290DDF888
:105F500044B0A0F500401FFA8BFB4FEA092A00EB82
:105F60002545AAF5004ACBF57F40CDF83CA0FF308F
:105F7000DDF80CA00B90501CCDF824B01AF800B03E
:105F80004FEA530828F07F41C9EB0B0901FB09F9DF
:105F9000DDF83CB008F07E480BEB294ADDF81090A4
:105FA0004FEA186819F80220DDF80C90ADB219F824
:105FB00008B0DDF834904FEA0B2B4B444FEA072929
:105FC000A9F50049CDF83C90DDF81090ABF5004BF9
:105FD00019F80CC01FFA8BFBC7EB0C077743DDF8F1
:105FE0003CC0069E0CEB27490FFA89F90FFA85FC95
:105FF000CCEB090906FB09F9049F05EB29453E5D39
:10600000DDF830903602A6F50046DDF818C036B24D
:106010000FFA89F4341B0CFB04F4099E09EB2444A9
:1060200024B27443DDF810900B9F19F800002DB2D4
:1060300007FB05451402821A4A4319F80810A4F513
:1060400000440902A1F5004104EB224409B20FFA11
:106050008BF28A1A0CFB02F21FFA8AFA0FFA8AF6FE
:1060600024B2A41B0BEB22420CFB04F4DDF824B099
:1060700012B20BFB02F20AEB244A0FFA8AFA07FB70
:106080000A221214059902EB25450E986D1020F88E
:106090001150013105912BE707998A4200F0958054
:1060A000089D0D98A95C039E002918BF00234FEAA4
:1060B000530C0CF07E490344DDF844A00CF0784CFE
:1060C0004FEA1C6C5C084FEA196916F8098016F84B
:1060D0000C701FFA8AF104F07E46DDF80CA004F083
:1060E0007844360E240E1AF806501AF80400DDF82B
:1060F00034A04FEA08285344DDF810A0A8F5004862
:106100001AF809901FFA88F84FEA092AAAF5004AF6
:106110000FFA8AFA0FFA88F9C9EB0A09DDF818A014
:106120003F020AFB09F9DDF810A008EB29481AF82C
:106130000C90A7F500474FEA0929BFB2A9F500491D
:106140000FFA89F90FFA87FCCCEB090CDDF81890EF
:10615000C1F57F4B09FB0CFC07EB2C473FB24F43CB
:106160000BF1FF0B0FFA88F80BFB08781AF8067092
:106170002D02A5F500453F02ADB2A7F500472EB2AE
:106180003FB2BE1B09FB06F605EB26451AF8046074
:106190000002A0F50040360280B2A6F5004604B227
:1061A00036B2341B09FB04F400EB244424B26143EF
:1061B0002DB20BFB0511091401EB28480E984FEA8C
:1061C000680820F81280013266E70A9C109D23605F
:1061D0006B10238215B0BDE8F08F00BF2DE9F04FA2
:1061E0008DB0079300F5CA730293037F00F29455B4
:1061F0000446174603959BB100214FF48062029834
:1062000006F0A6FC00214FF48052039806F0A0FC93
:1062100004F120000021C42206F09AFC0023237719
:1062200094F90D30B4F90E10C3F1AC039BB208938E
:10623000A368A26A5B08A3F50033491201920631F4
:106240001A0A5143B4F82080B4F82290606AE66AD2
:10625000CDF81080CDF824907C4A5D1A95420595C2
:1062600002D95B084908F7E702F174429142F8D875
:106270004FEA15494FEA11484FF0000A258ECDF834
:106280002880CDF82C903A1DCDF818A0DDF8189094
:10629000099BDDF810C01FFA89F8079F4344C444E6
:1062A0009BB21FFA8CFC002F00F0BE8094E88002A5
:1062B000B944C4F80090DDF81090DDF828A009F585
:1062C000006BCAEB0B0B0B9FC34409F5005A1FFA76
:1062D0008BFBC7EB0A0AC244CBF30907DDF8088041
:1062E0000BF1FF3BCBF3090B18F9077018F90BB052
:1062F0001FFA81F90097C9F57F4709FB0BF9DDF813
:1063000000B0FF3707FB0B98059F1FFA8AFA1FFAA8
:1063100087F9DDF80CB0CAF30B070AF1FF3ACAF3AC
:106320000B0A1BF907701BF90AA00097C9F57F47F4
:1063300009FB0AF9DDF800A0FF3707FB0A9744F2D2
:10634000666909FB00F04FEA28484FEA082843F243
:10635000B86909FB08004FEA630ADFF8FC900133D3
:106360005B1039F81AA039F813303F143F02534438
:10637000C01307EB5303DDF820B003440BFB03FA13
:10638000DFF8D8904FEA6A1ABAF1000FB8BFCAF125
:10639000000ACA45A8BFCA46DFF8C4904FEA6A2A75
:1063A00039F81A90DDF80CB003FB09F3DB13C0EBEE
:1063B000030ADB1B029FCCF30B091B124FEA2A2AAC
:1063C000CCF3090C0BF809A007F80C3041F699132F
:1063D000019F03FB08F841F624337B431B1303EBB7
:1063E000E8381B4B734308EB23381A4BC6EB0806FF
:1063F0009E4205DB47F6FF739E42A8BF1E4600E0A3
:106400001E462DB23544079B069F6D1022F8045C92
:10641000023BB5B2013722F8025C019E0793069752
:106420000432CDF8048031E7B3F5B46F019A28BF88
:106430004FF4B463CCF30B0CA4F820C06384606207
:10644000A262E66225860DB0BDE8F08F0000FF0F66
:1064500071F4FFFF0180FFFF0EA20108FFFF0100A2
:10646000089C01082DE9F0471F46C37E00F58345CF
:1064700004468946904614356BB100F5CA76002172
:106480004FF41172304606F063FB2846314605F0A2
:1064900047FE0023E376237F23B1284605F005FF5E
:1064A00000232377617F2846253905F029FEE289FC
:1064B0002846A18905F0D2FE2846218B05F0F2FE80
:1064C0002846494642463B46BDE8F04705F05CBEDB
:1064D000C368426881685A4300294FEA1232C26099
:1064E000036908DD0139816029B983EAE371A1EB11
:1064F000E3710A44C260C068002BB8BF40427047D5
:106500004FF4845242804FF4804200238280012263
:1065100043618361027083600277704703782BB90F
:10652000B0F902305B1A18BF012300E001230370A9
:10653000418070470378F0B52BB3B0F90220334D9A
:106540005204140E35F81430023535F81440120A8E
:10655000E41A92B2624303EB1243B0F904202C4ECA
:106560005204140E9BB2C36036F81430023636F86B
:106570001440120AE41A92B2624303EB12439BB234
:106580000361002303708668C368056944696EB1BE
:10659000B4F5805FCCBF22464FF4006217117E43F2
:1065A000A2F5006203EB662305EBE2058269554321
:1065B000A1EBE53502FB03F104EBE13415498C4214
:1065C000B8BF0C46B4F5004FA8BF47F6FF71446151
:1065D000A8BF416144690F492D1B6B4302EBE332B5
:1065E0008A42B8BF0A46B2F5004FA8BF47F6FF730C
:1065F0008261A8BF8361037F012B01D18069F0BD57
:10660000022B14BF20462846F0BD00BFF0A90108A8
:1066100046E500080180FFFF2DE9F74F1F46C37EC6
:10662000044690465BB340F60C53C0F8E830302384
:10663000C0F8F8304FF44063C0F8FC3040F6FD730A
:106640000025C0F81031C023C0F80C31C0F8E45068
:10665000C0F8EC50C0F8F050C0F80051C0F8045138
:10666000C0F81451C0F8185100F59A70FFF748FFB0
:106670004023C4F83C31012384F85031E576237F70
:10668000EBB100232377454BC4F8F430D4F8E43061
:106690000133C4F8EC30424BC4F80831D4F8F83078
:1066A0000133C4F8003144F25063C4F81C31D4F80B
:1066B0000C310133C4F814312223C4F83C31B4F94D
:1066C0000C10B4F90EB04900C1F57F41FF3101FB58
:1066D00001F30BFB0BFB1B0C4FEADB3B59430BFBA2
:1066E0000BFB890C4FEA1B4BC1F5FF4101230BEB60
:1066F0004B0B656AA4F8381184F834310BF1800B28
:10670000002F46D004F1E400FFF7E2FED4F8003198
:1067100004F59A7A002B0CBF4FF000094FF4804922
:10672000814404F1F800FFF7D3FE814404F586703C
:10673000FFF7CEFED4F81431228B002B14BF4FF498
:10674000086100211144504609B2FFF7E7FE002618
:106750004FEA2912504649460192FFF7EBFE019A93
:106760001044431B0BFB03F305EBE3350D4B9D423C
:1067700005DB47F6FF739D42A8BF1D4600E01D469E
:1067800028F806500236042EE4D108F10408023F2E
:10679000B6E7656203B0BDE8F08F00BF3333040095
:1067A0003DCAFFFF0180FFFF034B04491A680448FC
:1067B00000FB021018607047BC0300205FF36E3CC2
:1067C0000D6619002DE9F04F8FB00A93B0F90C3027
:1067D000416A03F580630D930291836AC16B07934D
:1067E0000391C36A016B01930891436B816B04327F
:1067F000078CD0F84880D0F84090C66CD0F844B0F0
:10680000056D04460493099106920A99002900F047
:106810003381FFF7C9FF0D99C0F316038B42059032
:1068200080F0A480C0F30B06A6F50066B4F90E0054
:1068300036B206EB460800FB08F8258B43F6FF71DD
:1068400005F5C06303EB68480FFA88F88845A8BFD0
:10685000884628EAE878954B4FEA48484FEA186797
:1068600033F817204FEA47090B92914A09F10209C0
:1068700032F8177039F802C04FEA18281FFA88F862
:10688000C7EB0C0C08FB0CFC464307EB1C47BFB2E4
:10689000039705F5186707EBE6373FB28F42A8BFAD
:1068A0000F4627EAE7777F044FEA176A4FEA4A0C58
:1068B0000CF1020C33F81A603CF802B032F81AA05E
:1068C0003F0ABFB2CAEB0B0B07FB0BFB0AEB1B4AE1
:1068D000DDF814B0CDF830901FFA8AF9CBF3CC3A3A
:1068E000AAF5805A00FB0AF005F5F26505EB204099
:1068F00000B28842B8BF014621EAE1714904080E9E
:106900004FEA400A0AF1020A33F8105032F8100038
:106910003AF80220090A89B2121A4A4300EB1240DF
:106920001FFA80FB0C98C25A0B98121A08FB02F847
:106930003CF803203AF80330921B5B1B5743594342
:1069400000EB184806EB174605EB114547F67C703F
:106950001FFA88F8B6B2ADB200FB08F846434543CB
:106960004FEAE838F613ED134FF6FF7705994FF627
:10697000FB420BB27B4357431B14002B4FEA1747D4
:106980000ADD039A02FB03F109FB03F20BFB03F39D
:10699000091412141B140DE003985B4200FB03F171
:1069A00009FB03F20BFB03F3091412141B144942F5
:1069B00052425B42029808FB00FC01EBEC3C079959
:1069C00047F6FA604843ACEBE0313A48814205DBD8
:1069D00047F6FF708142A8BF014600E001460198DA
:1069E00006FB00FC02EBEC3C089A47F6FA605043C9
:1069F000ACEBE0322F48824205DB47F6FF70824263
:106A0000A8BF024600E00246049805FB00FC03EB29
:106A1000EC3C099B47F6FA605843ACEBE033254861
:106A20008342844605DB47F6FF708342A8BF0346D6
:106A300000E00346D0180844604505DB47F6FF7CBC
:106A40006045A8BF604600E01A481FFA80FC06981F
:106A500020F804CC20F802CC0A9802380A90069854
:106A60000430069004980493019B09900893029BBC
:106A7000019207930291C8E6029B07996362039B08
:106A8000A162E3630199089BE16223630499099B76
:106A90002784C4F84880C4F84090E6646163A36327
:106AA000C4F844B025650FB0BDE8F08F78B0010898
:106AB000DC7B01080180FFFF08B5FFF775FE0014BD
:106AC00008BD00002DE9F84FB0F90E709946BF11CE
:106AD000037FC83704461646B0F80C80BFB22BB30C
:106AE000A0234FF0000AA0F8443080F81CA0FFF764
:106AF000E3FF554B013000F00700062202FB003394
:106B00004FEA073C254651465A5C04350CFB02F21D
:106B1000EA615A18D278013103296A63F4D1062850
:106B200040F6FF7338BF0023A4F84630B4F8441091
:106B300019B10139A4F844102EE0444B48F3033056
:106B4000062202FB00302546844690F806A0C8F3D2
:106B50000B0202FB0AFA1CF801B0C2F5805303FBDA
:106B60000BAA07FB0AFAC5F820A090F809B00CEBB5
:106B7000010A02FB0BF29AF803A0013103FB0A237E
:106B800003294FEA2333AB6300F1010005F104054B
:106B9000DBD10023A4F84630B4F846804D46002DE2
:106BA00050D094E88800226A1F44E36AA16B1A441B
:106BB000E262120E264B02F0F002114333F81190FC
:106BC000226B616A27600A442263E16B120E02F0B5
:106BD000F002114333F811A0A26A636B1D491344FC
:106BE0006363226C1B0E03F0F0031A4331F812B0FA
:106BF000FFF762FF2368626808FB0030904209D308
:106C00000AEB090159443F0E09B2C7F1FF07794366
:106C100089B203E00021E16221636163A1F50041D3
:106C200089B20D480A1230F81230023030F91200E1
:106C30001AB2821AC9B2514303EB212326F8023B50
:106C4000013DACE7BDE8F88F6CD8000894D500088A
:106C500078AE010844E10008DE7C01082DE9F04F20
:106C600089B00493037F04460392B0F82090D0F8D3
:106C700024A000F5CA763BB1304600214FF4805283
:106C800005F066FF00232377A5686D08A5F580351C
:106C9000544B9D4201D96D08FAE72B0C0593B4F9CA
:106CA0000C30B4F918205B10C3F5DA4360339BB2A3
:106CB0000693B4F90E30A2F5005202EB63024A4B80
:106CC000A2F3C712278D33F81210DDF81080049B51
:106CD0001FFA88FB1FFA83FC0CEB09031A46CBEB67
:106CE00003039BB20793B8F1000F70D094E80C0037
:106CF000134423600291CDF804C0FFF7DDFE069B2C
:106D0000DDF804C0584309F580536344DDF814C02E
:106D1000C013CCEB0303CBEB030B1FFA8BFBCBF3C2
:106D20000A030BF1FF3BCBF30A0B36F91BB01FFA3A
:106D300085FC46F26662424336F91300CCF57F4388
:106D40000CFB0BFCFF3303FB00C0284B40148244B8
:106D500003FB0AFAD21302F5CC426632C2EB2A3A9E
:106D600003F6662303FB0AF31B1303F5B343DFF8B3
:106D700080C01A336345029905DB47F6FF7B5B450C
:106D8000A8BF5B4600E0634603FB0AF302EBE33275
:106D9000624505DB47F6FF739A42A8BF1A4600E03A
:106DA000134ADDF81CC03FB2CCF30A0326F81320C7
:106DB000C1F580535F4302FB0177039BC7F30F3795
:106DC00023F8027B039308F1FF3882467FE73FB246
:106DD000C2F30A02A7622284C4F824A009B0BDE865
:106DE000F08F00BF0000FF0778AD0108CDF0FFFF76
:106DF0000180FFFF2DE9F04F91B00B93038C00F160
:106E00002405079300F5CA730693037F00F2945C90
:106E100004460A92468C95E8200CCDF814C073B154
:106E2000604600214FF4805205F092FE002506983E
:106E300000214FF4806205F08BFE2E462577A36873
:106E4000B4F90E704FEA4309A9F50039BF124FEAB1
:106E5000192330375F43C7EB0909774B994503D9AD
:106E60004FEA59097F08F8E703F174439F42F7D8C6
:106E7000B4F90C30B4F918201B11C3F503630433C3
:106E80009BB20E936D4BD21133F812204FEA194C7E
:106E9000390CDDF82C80CDF830C00D9108920B9B99
:106EA0001FFA88F198B2079B08F1FF3C03445A1A75
:106EB00092B20992CDF83CC0B8F1000F00F0AD805D
:106EC00094E80C0013442360079BDDF830C003F501
:106ED000005E86440D9ACCEB0E0E03F50063C1EB09
:106EE0000E0E03449B1A1FFA8EFEDDF814C0591AC9
:106EF000CEF30B030EF1FF3ECEF30B0E1CF90E206A
:106F00001CF903301FFA89F042430193DDF804E0D5
:106F1000C0F57F4389B20698FF3303FB0E22C1F30D
:106F20000903C3560139C1F30901019343561FFAFE
:106F300087FC0CFB03F3CCF57F4E01990EF1FF0E9D
:106F40000EFB01333E49121431F816101B14520285
:106F50005B024900029104920393FFF7ADFDDDF857
:106F600038C002990CFB00F04FEA203C01FB0CFCFE
:106F7000CDF804C0DDF820C0049ACCF5805045431C
:106F80000CFB125540F6D77000FB0BFBDDF824C05C
:106F90002D13CAEB050A0AEB2B3BCCF3090ADDF8EB
:106FA00004C04FEA6B0001EBEC31091ADDF818C0A0
:106FB00049120CF80A10039B002B05DB4FF6FF71FA
:106FC0008B42A8BF0B4600E00023DDF824C052101E
:106FD000CCF30B014FEA232C1A4B33F91C30DDF8AC
:106FE00014C003445B120CF80130174B9A4205DBC6
:106FF00047F6FF739A42A8BF1A4600E01A460F9957
:107000000A988B0720F8022B18BF01360A9018BF88
:10701000B6B208F1FF38AA4641E7B6F5B47F28BFFB
:107020004FF4B476238466846562C4F828A0C4F85B
:107030002CB011B0BDE8F08F0000FF0F78AD010853
:10704000F4940108E07E01080180FFFF2DE9F04F74
:10705000B0F91810514C4904054685B0080E02924B
:1070600034F81020023434F810004FEA1128801A46
:107070001FFA88F808FB00F8B5F90C00484F4004E7
:10708000010E4C00023437F8116002EB1848E25B45
:10709000000A80B2921B424306EB1246414AB5F900
:1070A0000EB032F81110A25AB6B2521A4243BBF5D2
:1070B000804F01EB124203961FFA88F892B22E6AB3
:1070C0006C6A05DA5F46CBF5804A4FF0000B06E0AC
:1070D000CBF5FF477F37ABF5804B4FF0000A90456B
:1070E000C6BFC2EBC23292FBF8F247F6FF72994676
:1070F000B9F1000F4DD00192FFF7DEFC0399019A20
:1071000001FB06F3DB13C3EB600006FB08F304EBA3
:10711000E334254B9C4205DB47F6FF739C42A8BF36
:107120001C4600E01C46001B00FB08F306EBE336A0
:1071300006FB07F304FB0AF19B1303EBA13300FBEF
:107140000BF103EBA131184B994205DB47F6FF73B6
:107150009942A8BF194600E019465143C913A1F549
:10716000004189B2DFF844C008123CF810300CF13D
:10717000020C3CF910C018B2C9B2C0EB0C00484375
:10718000029903EB202321F8023B029109F1FF3918
:10719000AEE76C622E6205B0BDE8F08FF0A9010881
:1071A00046E50008E68601080180FFFFDE7C010855
:1071B0002DE9F04F89B00593436AB0F90C60029352
:1071C000836A078B0393C36A43F6FF750193036BCE
:1071D0000FFA87FA0493F31103F57E43D83303FBC8
:1071E00003F1AA45A8BFAA462AEAEA7A4FEA4A4A20
:1071F0004FEA1A6C490C04464FEA4C0B7248069150
:1072000072490BF1020B31F81C903BF8008030F80A
:107210001CC04FEA1A2A1FFA8AFACCEB08080AFBAC
:1072200008F80CEB184C1FFA8CFCCDF81CC0B4F914
:107230000EC0B610ACF5804C07EB6C0C0FFA8CFC52
:10724000AC45A8BFAC462CEAEC7C4FEA4C4C4FEA6C
:107250001C654FEA450808F1020831F8157030F84E
:10726000155038F800004FEA1C2C1FFA8CFC401B0C
:107270000CFB00F005EB10453BF8010038F801105D
:10728000C9EB0000C91B0AFB00FA0CFB01FC09EB6F
:107290001A4A07EB1C4C1FFA8AFA1FFA8CFC03FBF4
:1072A0000AFA03FB0CF3C6F5FF56ADB24FEA1A4AD1
:1072B0004FEA13491F36171D059B002B78D0FFF7A7
:1072C000FBFB4010002808DDDDF81CC005FB00F1C9
:1072D0000CFB00F309141B1409E0DDF81CC040424C
:1072E0000CFB00F368431B1401145B4249420298F3
:1072F000DDF818C00AFB00F2039803EBE2330CFB45
:1073000000F2A3EBE233324A934205DB47F6FF7209
:107310009342A8BF134600E013460198DDF818C059
:1073200009FB00F2049801EBE2310CFB00F2A1EB47
:10733000E231274A914205DB47F6FF708142A8BF40
:10734000014600E01146581806FB00FC00EB6C30CB
:10735000904205DB47F6FF729042A8BF104600E05E
:107360001B48A0F5004080B2DFF868804FEA202C6F
:1073700038F81C2008F1020838F91C800FFA82FC4A
:10738000C0B2CCEB080C00FB0CFC059802EB2C2CDB
:107390000238019A059002981FFA8CFC27F804CC59
:1073A00027F802CC0492043701910390029383E7FB
:1073B000029B6362039BA362019BE362049B2363C2
:1073C00009B0BDE8F08F00BFDC7B010878B0010890
:1073D0000180FFFFDE7C01082DE9F047044690465E
:1073E0001F46054600F14009AB6AB3F1807F01D822
:1073F000EB6A0BBB0026EE62FFF7D6F980B2B0F560
:10740000804F19D2B4F90C20554BD21133F81230F9
:10741000AE62DB00EB6263686B62FFF74DFBB4F9B1
:107420000E2063685043696A4FEA13234CBF02166B
:10743000C21502FB03136B6210354D45D4D117F111
:10744000FF37C0F08B80626A236AE16A1344A26A44
:1074500044480A442362A2621D0E30F81510861CAF
:1074600036F915C00DB2C5EB0C05C3F30F236B4302
:107470003D4D120C35F812A001EB234109B20AFB75
:1074800001FA236B616BE26B1944A36B2163134414
:10749000A3634FEA116C30F81C2036F91C900FFAE8
:1074A00082FCCCEB0909C1F30F2101FB09F91B0C8C
:1074B00002EB2949616C35F81320236C0FFA89F926
:1074C000194402FB09F9A36CE26C21641344A36420
:1074D0004FEA116C30F81C204FEA694909EB6A4900
:1074E00036F91CA00FFA82FCC1F30F21CCEB0A0C79
:1074F00001FB0CFC1B0C35F8131002EB2C4C236D1C
:10750000626D0FFA8CFC01FB0CFCD118E26DA36DCF
:1075100021651344A36509EB6C4C4FEA116930F8FF
:10752000192036F9196010B2301AC1F30F21414306
:107530001B0C02EB214135F8132009B251430CEB2F
:10754000614111F5004F05DB47F6FF739942A8BF73
:10755000194600E0054928F8021B70E7BDE8F087EE
:10756000EA8A0108E282010850EF00080080FFFF6C
:107570002DE9F04F1E46C37E87B00446154600F540
:107580009A7700F5AA7800F5BA79002B3ED04FF42F
:10759000C062C0F8E8203022C0F8F820C0F80C2102
:1075A0004FF4966200234FF44061C0F8102140F67A
:1075B000FD72C0F8E430C0F8EC30C0F8F030C0F82C
:1075C0000031C0F80431C0F81431C0F81831C0F8E7
:1075D0002031C0F82421C0F82831C0F82C31C0F87F
:1075E000FC1038460193FEF78BFF4046FEF788FFFC
:1075F0004846FEF785FF4FF4FA62019BA4F8782114
:10760000012284F8742184F89021E376237F002BF3
:1076100053D0B4F90E30B4F91800B3F5804FACBFB5
:10762000A3F580420022C0F5404010444FF6FF71A0
:107630008842A8BF0846C0F34F1202F5E241483124
:10764000A4F83811B3F5605FA8BF4FF4605301216F
:107650008B4002F5CF420432A4F858214FF4F022B7
:10766000C4F8F420D4F8E42003F500730A44C4F805
:10767000EC20554AC4F83031C4F80821D4F8F82079
:10768000D4F820310A44C4F8002143F23332801385
:10769000C4F81C21D4F80C210B4400F6FC7080B215
:1076A0000A44C4F82831002384F8341184F85411B2
:1076B000C4F82401C4F814212377218B384601F53E
:1076C000C06109B2FEF72AFF218B404601F54061F7
:1076D00009B2FEF723FF218B484601F5F05109B2AC
:1076E000FEF71CFFB4F90CC04FEA6C0CCCF5AB43B1
:1076F0000CF5AB4C70330CF1700C0435002E60D0DF
:1077000004F1E4000193CDF808C0FEF7E1FE8346E2
:1077100004F1F800FEF7DCFED4F800215844002AFA
:1077200040F63D2208BF002200EB020B04F58670F4
:10773000FEF7CEFED4F8142143F2333A002A08BFF4
:107740004FF0000A8244FFF7B7F9059004F59070F6
:10775000FEF7BEFE594604903846FEF7EBFE514652
:10776000024640460392FEF7E5FEDDF808C0039AA4
:10777000019B00EB2A1002EB2B120CFB00FB5A437F
:107780004FEAEB3B05980BEBE23B049A02FB00F15E
:107790004846C913FEF7CEFE0C4A58449042019B5E
:1077A000DDF808C005DB47F6FF729042A8BF10461F
:1077B00000E0104680B225F8040C25F8020C023EC9
:1077C0009BE707B0BDE8F08F0080FFFF0180FFFF5F
:1077D0002DE9F04F41689A46037F49008BB004467B
:1077E000416063B3837E28260133DBB2022B88BF5E
:1077F00000238376837E0D465E4320368319002066
:107800009860B5F5000F986802DD6D100130F7E75C
:107810004FF4806545FA00F0A0514E001E62B4F9A5
:107820000E60451E06EB4606761006F500567043C0
:10783000DD60000C00255D60D96158612577A37E6D
:10784000282000FB0343203360681D6A890B8542B2
:1078500034BF03F12000201D0068C1F58051D861BC
:10786000B4F90C3089B2B3F5804FA3BFD810A0EBA8
:10787000401000F500304FF6FF70069008B2FF2868
:10788000D8BF4FF48071B3F5804F07DA09B2C3F562
:10789000804909FB01F9C9F38F3901E04FF0000974
:1078A000B4F8448002F1040BBAF1000F00F09480A8
:1078B00004F17803254604F5CA76099300276B6B1B
:1078C00083B1013B6B6336F913300393FFF7F4F890
:1078D000039B00EB400018446B6B801026F81300EC
:1078E000074459E0A96BE86BAB6A01441633A963FE
:1078F000D940EA6A02310A406B6A079207998B42C3
:1079000035D0E96A5A1C0A4006EB430136F813C029
:10791000089136F81210059201910393CDF810C02A
:10792000FEF742FF069980B28842059A039BDDF874
:1079300010C015D801980FFA8CFC01B21CEB0101A4
:1079400043BF4942491049424910B9F1000F05D0DF
:107950000FFA89F0C0F500404143C913089801802F
:107960001BB931882B6A26F813101346C6E7A86B9B
:10797000A96A6B6220FA01F18A0D36F8123006EB23
:107980004202B2F902001AB2821AC1F38F115143B6
:1079900003EB21431BB21F44099A2835954206F692
:1079A00002068CD10F4B9F4205DB47F6FF739F42C7
:1079B000A8BF1F4600E01F460FFA88F8B8444FEAF8
:1079C00068082BF8048C1FFA87F82BF8028CAAF1B0
:1079D000020A0BF1040B67E7A4F844800BB0BDE882
:1079E000F08F00BF0180FFFF10B543F6FF7399428F
:1079F000A8BF1946A1F58041002311F5C06103F12C
:107A00000103FAD407480C1150F82420013450F82F
:107A1000240001F00F01801A414302EB2110D840ED
:107A200010BD00BF587A01082DE9F04F8846B0F923
:107A30000C10B0F8189087B0A1F58041019209EBC5
:107A4000A101426809B204469A4607680292C66AD2
:107A5000056BFFF7C9FFB4F90E300390A3F580431F
:107A600009EBA301204609B2FFF7BEFFC24407F1AC
:107A700080470490CDF814A0059B98455BD018F87A
:107A8000013B13B9029B1F4402E000252E462F46FE
:107A9000039A049B16441D442B4B4FEA176A4FEA86
:107AA000166C290E33F81C0033F8112033F81A90A5
:107AB000023333F91AB00FFA89FACAEB0B0AC7F38B
:107AC0000F2B0BFB0AFA09EB2A4933F91CA00FFA1A
:107AD00080FCCCEB0A0CC6F30F2A0AFB0CFC33F932
:107AE000111013B200EB2C4CCB1AC5F30F214B43F2
:107AF0000FFA89F90FFA8CFC0CFB09FC02EB23420C
:107B00004FEA2C4C12B202FB0CF21214A2F5004206
:107B100092B20E48111230F81130023030F91100D3
:107B200019B2411AD2B24A4303EB2223019A22F836
:107B3000023B0192A0E707F140472760E662256318
:107B400007B0BDE8F08F00BFE2820108DE7C0108CB
:107B50002DE9F04FB0F90CA097B00AF5806A0AFB46
:107B60000AFA01924FEA6A2A028B04460E469846A8
:107B7000AAEB8A09002502EB29439BB219B22046E1
:107B800003920493FFF730FF049B8346591C09B20C
:107B90002046FFF729FF1FFA89F1CBEB0000414394
:107BA0000FAB0BEB2141E95004351C2DD144039A56
:107BB000E1D1237F4BB10025FEF7F6FD63190435B3
:107BC000182D1862F8D100232377B4F90E1042F66D
:107BD000A9229142A1F52A51D4BF18220C222A3998
:107BE0005143B4F91830584803EB611181F30F0188
:107BF00049040A0E30F81230023030F812000A0A36
:107C0000C01A92B2424303EB1242504B0F991B88A9
:107C1000119F05930691109B12990793089709915C
:107C2000139B149F1599B044256DE06C92B20A9392
:107C30000B970C91CDF834800D998E427FD016F8B9
:107C4000013B002B5FD1216ADDF81CC0DDF82080EC
:107C50008C44616A23688844069FA16ADDF82490F9
:107C60003B448944C4F820C0E16ADDF828A04FEA0B
:107C7000DC4C0CEBD34C8A44DDF82CB0216BACF51A
:107C8000E04C0CEBD84C8B440C9F616B0CEBD94C4B
:107C90000CEBDA4C39440CEBDB4C616302910CEBDE
:107CA000D141A1F50041C4F8248089B2DFF8A48055
:107CB0004FEA212CC4F82890C4F82CA0C4F830B0A6
:107CC000236038F81C3008F1020838F91C800FFADC
:107CD00083FCC9B2CCEB080C01FB0CFC05FB02F1E8
:107CE000059F00EBE13007FB05F9194903EB2C2355
:107CF0001BB28842A3EBE9330DDB47F6FF7C6045FE
:107D0000A8BF604608E0002323626362A362E362C7
:107D10002363636397E708461B1A03FB02FC8B424D
:107D200005EBEC3505DB47F6FF718B42A8BF0B4630
:107D300000E0074B019F27F8023B01977CE7E064D6
:107D4000256517B0BDE8F08FF0A9010846E50008E9
:107D50000180FFFFDE7C01082DE9F04F89B0029120
:107D6000B0F90C109B46038BA1F5006103EB610198
:107D7000437F09B20E3BDBB2019343F6FF73994296
:107D8000A8BF1946D0F8208004460492476A866A44
:107D9000C56AFFF729FE804504D2C8EB0000B0FB9E
:107DA000FBF004E0C0EB0800B0FBFBF0C043DDF8E3
:107DB00008900390D944CDF818904346029806994C
:107DC000884200F0C1802268616802980A44DDF8A8
:107DD0000CA02260534410F8012B4FEA933CCDF8DD
:107DE00014C002900AB91F4406E00025012284F85D
:107DF000302025602E462F4622688A4204D25748FA
:107E0000DDF8049050F829704900B1EB420F01D819
:107E10001E440DE094F83010DDF804A081F001015B
:107E200084F830100AF001004C49023051F820600B
:107E30004B49380E31F8109001F1020C3CF910A0BA
:107E40000FFA89F0C0EB0A00C7F30F2A0AFB00F013
:107E50004FEA166A31F81A1009EB20403CF91A90E3
:107E60000FFA81FCCCEB090CC6F30F2909FB0CF9C6
:107E700001EB2949E1890FFA89F9CDF800900FFA51
:107E800081F9C2F3CF3CB9F5804F6FEA0C0AA8BF65
:107E90008CEAE272DDF800C01FFA8AFA0AFB0CF9DC
:107EA00094F830C0B8BF6FEA124200B292B24FEA03
:107EB0002949BCF1000F01D0C9F10009DDF814A077
:107EC0001FFA8AFC0CFB09FC05EB2C45DFF894C07B
:107ED000654505DB47F6FF7C6545A8BF654600E0C4
:107EE0006546DDF804C01CF0020F04D042431FFABF
:107EF00089F9120C0FE000F500404243019812147A
:107F00000128A2F5004208BFA94492B214BF1FFA8B
:107F100085F9C9F34F0908B2B0F5804FA8BFC9432E
:107F2000890089B20FFA89F901FB09F9C1F57F4C83
:107F300012B20CF1FF0C0CFB0299049A4FEA29498A
:107F400022F8029B049239E7039A67620BFB0283D3
:107F5000A662E562236209B0BDE8F08F9CD80008F4
:107F6000E28201080180FFFF2DE9F04F8846B0F959
:107F70000C1085B04910044603930292FFF734FDBC
:107F8000B4F90E10206249102046FFF72DFD0023A2
:107F90006062039A93425DD0226861680A4422605D
:107FA00018F803200AB100222260E26A256A2B4FEA
:107FB0001544E562BE1C2A0E37F812C036F812903E
:107FC000606A226BDFF898B010442063020E37F825
:107FD000127036F81220019222684FEA126A3BF8BA
:107FE0001A608A420BF1020B3BF81AA028D30FFA51
:107FF0008CF10FFA89F9C1EB09090199C5F30F2535
:1080000005FB09F90DB239B2691AC0F30F20C6EBAE
:108010000A0A4843C2F30F2202FB0AF20CEB294C76
:108020004CF34E0C07EB20470CF5C04C47F38D0783
:1080300006EB12466744C6F34E067E43F61302E093
:108040000026E6622663029AA6F5C04622F813606F
:1080500001339EE705B0BDE8F08F00BFE282010862
:1080600054F500082DE9F04F99460E46038BB0F900
:108070000E1003F5C063A1F5804103EB610185B0EB
:1080800009B204461746056AFFF7AEFCB4F90CC006
:108090004FEA5008B4F9100047F6FF73B3FBF9F349
:1080A000C0EB0C0C0CFB03FCB1440190CDF80C9020
:1080B0006346DDF80CA0564538D0019901EBE33258
:1080C00094E803000144216016F8011B09B1002562
:1080D0002560194945444FEA156A31F81A90881C01
:1080E00030F91AB00FFA89FACAEB0B0AC5F30F2B55
:1080F0000BFB0AFA09EB2A490FFA89F902FB09F985
:108100002268634402EB89094FEA196A31F81A10B0
:1081100030F91AA008B2C0EB0A00C9F30F2909FB15
:1081200000F901EB294127F8021BC2E7A389256268
:10813000238205B0BDE8F08FE28201082DE9F04FFF
:1081400087B002929946028BB0F90E3015B2A3F5B2
:1081500080435B10A5F510551D44AD00C5F5FF45E6
:108160007F35002D04460F46B0F824A0066A05DBD3
:1081700047F6FF718D42A8BF0D4600E0002502F5CD
:10818000C062D118204609B2FFF72EFCB4F910B036
:10819000B4F90C2047F6FF73B3FBF9F3CBEB020203
:1081A00002FB03F84008B9440390CDF81090434611
:1081B000DDF810904F454BD00BEBE332019294E881
:1081C00006000A44226017F8012B0AB10026266037
:1081D000DDF80C9022494E440FFA8AFC06EB8C3CE9
:1081E000881C4FEA1C6A31F81A2030F91AA0CCF327
:1081F0000F2CCDF814A0DDF814900FFA82FACAEB18
:10820000090A0CFB0AFADDF804C002EB2A4205FB5E
:108210000CFA12B24FEAEA3A0AFB02FA2268434425
:1082200002EB4A024FEA126931F8191030F919A02D
:1082300008B2C0EB0A00C2F30F2A0AFB00FA029A46
:1082400001EB2A4A1FFA8AFA22F802AB0292AFE740
:10825000A389A4F824A02382266207B0BDE8F08F8A
:10826000E28201082DE9F04F99460E46038BB0F9E2
:108270000E1003F5C063A1F5804103EB610185B0E9
:1082800009B204461746FFF7AFFBB4F91020B4F962
:108290000CC047F6FF73B3FBF9F3C2EB0C0C0CFBFD
:1082A00003FCB144A18C256A01924FEA5028CDF815
:1082B0000C906346DDF80CA056453ED094E80300D0
:1082C00001442160DDF804A016F8011B0AEBE3323B
:1082D00009B1002525601C494FEA156A31F81A904A
:1082E000881C30F91AB00FFA89FACAEB0B0AC5F3E9
:1082F0000F2B0BFB0AFA09EB2A490FFA89F902FB4B
:1083000009F92268634402EB49094FEA196A31F816
:108310001AB030F91A000FFA8BF1411AC9F30F297C
:1083200009FB01F10BEB214189B241F34620813079
:1083300027F8021B08FB0055BCE7A389A184238210
:10834000256205B0BDE8F08FE28201082DE9F04F0B
:108350001E46037F91B004469146CBB1816F024621
:108360000023A448B1F5806F185E03F10203C2F840
:10837000A400BCBF4FF0804010620C2B02F104023D
:10838000EFD100232377278B00251FFA87F820E001
:10839000B0F90C20B2F5FA4FF5DAC2F5FF427F32A0
:1083A00012125243D511024693499448595A185A09
:1083B0000233081A6843A1EBE011906F0C2B00FB0D
:1083C00001F04FEA2040C2F8A40002F10402EBD110
:1083D000D9E78B4B2046E95A414409B2FFF704FB29
:1083E00004EB4503023540000C2DD864F1D1B4F8FC
:1083F000D010B4F90E30019139B2A1F5C06101EB92
:10840000A30181F30F0109047E4D080E35F81020F9
:10841000023535F81000090A801A89B2414302EB8F
:10842000114292B2039243F257229342D4F8D88079
:10843000D4F8DC70D4F8E05002DC03F580530AE095
:10844000B3F5804F05DB4FF48042A3F580430592DE
:1084500003E04FF480430593002343F25822534333
:108460009B1307934FF48033B3FBF6F34FF0000AEE
:10847000099309F10409CDF808A0002E00F0A380AB
:10848000DDF808B0DDF824C0E344CDF808B0FEF70D
:1084900013FBB0F5804F05DC5B4B10F5804FB8BF88
:1084A000184601E04FF480400399C8EB00004843B0
:1084B00008EBE038C7EB08034B4307EBE3377B1BC4
:1084C0004B4304F12000002205EBE33506900492B3
:1084D000069BDFF83CB1C4EB030C8444DCF80C10C1
:1084E00083580B4483504FEA136A3BF81A100BF180
:1084F000020B3BF91AB00891CDF800B0DDF820B0BE
:10850000DCF838100FFA8BFADDF800B0DCF864C044
:10851000CAEB0B0AC3F30F23DDF808B003FB0AF321
:10852000C1EB0C0C0BFB0CFCDDF820A001EBEC31DB
:108530000AEB23431BB25943DDF810C0DDF818B035
:10854000091402F1280A04328C446B460BF1040B27
:10855000182ACDF810C04AF80310CDF818B0B7D1DA
:108560000B9BDDF81CC06B43CCF540521B125A43E9
:108570000A9B059903EBA2320D9BDDF810A06B431B
:108580005B120CFB03F302EBA33301FB0AF203EBD8
:10859000A2331E4A934205DB47F6FF729342A8BFFF
:1085A000134600E01346DDF804B0023E0FFA8BF2EA
:1085B0001A4452109BB229F8042C29F8023C01936A
:1085C00009F1040959E7DDF804C0C4F8D880A4F81B
:1085D000D0C0C4F8DC70C4F8E05004F12003334488
:1085E000D3F8842004362C2E9A65F6D111B0BDE85C
:1085F000F08F00BF0CD4000860D80008ACD8000889
:1086000054D80008F0A9010800C0FFFF0180FFFF57
:10861000E28201082DE9F04789469846B0F9121028
:10862000C3890446924601F140001AB2824202DC3C
:1086300040398A4200DA6382A389B4F910101AB271
:1086400001F11000824202DC10398A4200DA2382F2
:10865000237F23B1FEF7A8F80023E0622377656843
:108660002668002D04DB6D0002D46D0058BF6D003C
:10867000218A2046A1F5804109B2FFF7B5F9B4F986
:1086800012304FF480329B120133012B08BF0223BA
:108690004000B2FBF3F3606259080027474524D03D
:1086A00019F807200AB92E4400E00026AE4217D27E
:1086B000A26A0F4E72430F4E1644226AA66202440B
:1086C0008242226202D2E26A2062A262228DB2FB60
:1086D000F3FC8E1803FB1C22B6B2B21A22862E4679
:1086E000228E2AF817200137D8E72660BDE8F087E8
:1086F0000D6619005FF36E3C2DE9F04F1E46C37EF8
:1087000089B004469246DBB100F59A70FDF7F8FE99
:10871000012542F6E063A4F8383184F8505184F81A
:10872000345104F5AA70FDF7EBFE022384F8703192
:108730004FF4FA63A4F85831002384F85451E376D7
:10874000B4F918102046491001F5A051FFF74CF973
:1087500045F6D162830A5A431209039243F2111279
:108760005A431209049244F2F1725A4312090592D3
:1087700045F2B4725A431209069247F672425343C5
:10878000B4F90C10B4F90E20182704F59A781B09D7
:10879000491005464743404607930092FDF7BEFE49
:1087A000B4F90C1004F5AA7948464910FDF7B6FE55
:1087B000002E64D023683B44BB42236005D2A36BE8
:1087C000304A5A43304B1344A363626ADDF80CB05D
:1087D000A06A5A44DDF810B0E16ADDF814E0236ABB
:1087E00058448E44A062216BDDF818C0C00F2B44A2
:1087F00000EBD2708C4400EBD370616BDDF81CB0E1
:10880000C4F82CE000EBDE7E5944C4F830C00EEB17
:10881000DC7C019161630CEBD1712362033941F27D
:108820005553626259434046FDF784FE174A03469A
:10883000904205DB47F6FF729342A8BF134600E063
:108840001346618F4846A1F5004149100293FDF798
:1088500071FE0E4A029B904205DB47F6FF72904282
:10886000A8BF104600E01046DDF800B0C01A0BFBB0
:1088700000F003EBE0332AF8023B013E98E709B031
:10888000BDE8F08F0D6619005FF36E3C0180FFFFBD
:108890002DE9F843D0F8D450164698460B22EB1C2D
:1088A000B3FBF2F102FB1132C0F8D420027F044680
:1088B00022B90B2B34BF1F460B270EE001460023C5
:1088C000474A04319A5E02334A67162B4FF08042C2
:1088D000CA61F5D1002525770B27BD4219D2414B3E
:1088E00015F0010F33F81510238B20461944B4F905
:1088F0000E3089B214BF01EBE311A1EBE31189B291
:1089000009B2FFF771F804EB85034000D864013524
:10891000E3E7B4F90C30B3F5FA4F03DBB4F8D05009
:10892000321D50E0C3F5FF437F331B125B43002130
:10893000DD1123462C4A2D488A5A085A0231101A52
:108940006843A2EBE012986F162900FB02F04FEA91
:108950002040986703F10403ECD1DFE7076AC36C9A
:10896000DFF890901F4407624FEA176C39F81C300B
:1089700009F1020939F91C900FFA83FCCCEB090CC0
:10898000C7F30F2707FB0CF703EB2743876F1BB2D7
:108990007B4301360B2E01EB634100F10400DDD176
:1089A000134B994216DB47F6FF739942A8BF19464D
:1089B0002DB20D446D1022F8045C8DB222F8025CD9
:1089C000A8F102080432B8F1000F05D000262046B5
:1089D0003146C3E71946EBE7A4F8D050BDE8F88369
:1089E00068D50008C4D600087ED5000818D4000851
:1089F0000180FFFFE282010810B5B1F5804FA8BFEA
:108A00004FF48041A1F580410023002903DA01F5EC
:108A1000C0610133F9E709480C1150F824200134F2
:108A200050F8240001F00F01801A4143C3F10C00FB
:108A300002EB211222FA00F010BD00BFF4AB0108D6
:108A40002DE9F84F1F46B0F90C30B0F92410154647
:108A5000B0F91820A3F5804302EB6303C1EB0111C9
:108A60001944C1F30F11818409B2044600F5CA7894
:108A7000FFF7C2FFE2892F4E520092B2111236F870
:108A80001130023636F911A019B2C1EB0A0A02F010
:108A9000FE0202FB0AFA2168B0F1005F28BF4FF026
:108AA000005003EB2A2A4FEA10491FFA8AFAC1F351
:108AB0000C01C0F34E00AA1E17F1FF3737D3C9EBE4
:108AC0000103C3F30C0503F57F533F33C3F30C03DA
:108AD00038F9156038F91350B2F902C0AD1B45439F
:108AE00006EBE5350FFA8AF66E434FEA6C0303EBAB
:108AF000E636114B9E4205DB47F6FF7B5E45A8BF7D
:108B00005E4600E01E460CEB45056D109D4228F8C0
:108B1000116005DB47F6FF739D42A8BF1D4600E0CC
:108B2000054D013122F8025FC1F30C01C4E7216059
:108B3000BDE8F88FDE7C01080180FFFF2DE9F047DA
:108B40009846437F9146A3F11602D2B2022A044608
:108B50008A4610D8C1893C4841F30725ADB230F8A8
:108B60001520013530F9155010B2281AC9B2414309
:108B700002EB2122E281354A02EBC30152F8336055
:108B8000A27F4F689A423AD00021C42204F120000B
:108B900003F0DEFF002540F6FD73C4F8E830C4F8AA
:108BA000FC30C4F81031C4F8243104F59A70C4F8CC
:108BB000E450C4F8EC50C4F8F050C4F8F850C4F8CD
:108BC0000051C4F80451C4F80C51C4F81451C4F84D
:108BD0001851C4F82051C4F82851C4F82C51FDF79D
:108BE0008FFC04F5AA70FDF78BFC04F5BA70FDF755
:108BF00087FC01232377E376637F2560A377B4F9AD
:108C0000185020462946FEF7EFFE294660602046B0
:108C1000FFF7F2FEB5F58C4FA06002DD4FF48C43F8
:108C200002E0002D01DA0023238317F0010F4FEA41
:108C3000670018BF2358514618BF9E5920444A4622
:108C40004346B047BDE8F087F29201084C0000208F
:108C5000F0B5C2F34F304FF0320C0CFB00FC9DF826
:108C60001470C3F34F3000EB8004013001EB0C05AE
:108C70003C440CF1320C00EB800035F81460614488
:108C8000384435F8105031F9147031F9100034B20D
:108C9000D20092B23C1B29B2411A54434A4306EB1C
:108CA0002444A4B205EB224521B22DB2DB006D1A9B
:108CB0009BB26B4304EB234000B2F0BD2DE9F04FB3
:108CC000C68987899BB0002590F81B800696079778
:108CD00004469446059307462E46069B5FFA86FB9C
:108CE0000FFA83FA079B70490FFA83F952464B46F5
:108CF000CDF800B02046CDF810C0FFF7A9FF00F571
:108D0000C06040046949020E31F81230023131F876
:108D10001220000AD21A80B250430DAA03EB10436E
:108D200022F81630204652464B46CDF800B0604936
:108D3000FFF78EFF0AAB23F8160010AA15ABDDF87B
:108D400010C0B8F1000F03D000215151595103E078
:108D5000B96A5151FA6B5A510136052E05F10405D5
:108D600007F10407B9D1B8F1000F01D00023E37671
:108D70006368BDF928704FEA430B4FEA1B46216830
:108D8000B4F92480206A079609970CF10405059F21
:108D9000002F76D011EB0B0112D3DDF81CA04FF69B
:108DA000FF73B1FBFAF29A4238BF134603FB03F29A
:108DB000C3F57F43FF335B43A0EB92409B0C00E085
:108DC000002303EB514308930DF132030693002374
:108DD0001A4615AE9F590DF1400CA0EBA71603964D
:108DE000069E36F9029F07FB09FA53F80C700696A7
:108DF00007EBEA3A2F4FBA45A8BF5746B7F5004FE1
:108E000043F80C70A4BF47F6FF774CF803700DF1E0
:108E1000400C53F80CC0DDF80CA015AFCCEB0A06E3
:108E200006FB09F9DE5906EBE939224EB145A8BF28
:108E30004E46B6F5004FDE51A4BF47F6FF76FE5012
:108E400015AE9E59099F04337E43142B02EB6642F4
:108E5000BFD1184B9A4205DB47F6FF739A42A8BF71
:108E60001A4600E01A46059E90444FEA6808023E02
:108E700025F8048C25F8022C0596043508989046B0
:108E800085E721602062A4F824803B4610AA9A5806
:108E90000434626215AA9A580433142BA263F5D1E4
:108EA0001BB0BDE8F08F00BF6ED40008F0A9010828
:108EB000CAD500080180FFFF2DE9F00FB0F90E5070
:108EC000B0F90CC0B5F5804F05FB05FA4FEAA515C2
:108ED000A4BFC5F5FF75013505FB05F5AD129EB0C4
:108EE00005FB05F50CEB4C0C44680493B0F8D0304E
:108EF000CCF3581C64004FEA6C0B88464FEAEA3A00
:108F0000019301680023059203940BF5C06B0435AF
:108F10004FEACA1A1A4605AC1E02CCEB0607CBEB89
:108F2000060606FB06F607FB07F796FBF5F997FB27
:108F3000F5F7803709F180094FF480069AFBF9F9BB
:108F400096FBF7F601334E440C2B324444F8046F81
:108F5000E2D1039D6FF000442B0CB3F5804F94FBDE
:108F6000F2F298BF069C056A9CBF544326144FEA50
:108F7000430488BF0026B4F5804F129598BF079D23
:108F8000069698BF554304EB030698BF2F14456A15
:108F900088BF0027B6F5804F1395354698BF089DCA
:108FA000079798BF5543866A98BF2F144FEA8305E9
:108FB00088BF0027B5F5804F149698BF099E089783
:108FC00096BF5643002737140997C66AEF18B7F5BE
:108FD000804F15963E4697BF0A9E0027564337148A
:108FE0000A97066BE718B7F5005F16963E4698BFDE
:108FF0000B9E4FEAC30796BF564300263614C3EBB9
:10900000070C0B96466BBCF5804F179697BF0C9ECE
:109010004FF0000C56434FEA264C866BB7F5804F55
:10902000189698BF0D9E1F4498BF5643CDF830C088
:1090300098BF4FEA264CC66B88BF4FF0000CB7F5BF
:10904000804F199697BF0E9E002756433714CDF8D0
:1090500034C0066C0E97EF18B7F5005F1A963E46BF
:1090600098BF0F9E1D4498BF564303EB450594BF20
:1090700037140027B5F5804F98BF109D466C98BFF8
:10908000554323441B9694BF2E140026B3F5805FEE
:1090900098BF119B856C98BF5A43C36C98BF12143C
:1090A0001D93049B88BF00220F9710961C95119268
:1090B000002B74D0DFF8F0C0059D9B4698F8003077
:1090C00005F1040A0CF1020912AF0290002B48D1FD
:1090D00098F8013008F10208002B44D1039E314476
:1090E00000231D460A460491100E3CF8104039F941
:1090F000106020B2361AC2F30F2000FB06F606A954
:10910000F85804EB2644C95824B200FB04F40E1AA4
:1091100000EB2620F850049E0433302B324405EB3C
:10912000E435E1D11F4B31469D421EDBB5F5004FC2
:10913000B8BFABB202DB47F6FF752B460198BBF117
:10914000020B02B215444FEA65052AF8045C2AF8BE
:10915000023C0AF1040A0CD0019398F80030002B6D
:10916000B6D008F101080021BAE71D4648F2010314
:10917000E4E702980546A0F8D0301EAE45F8201B63
:109180003C460FCCB44228606960AA60EB60274679
:1091900005F11005F4D11EB0BDE8F00F7047019B3A
:1091A00012AFE7E70180FFFFE28201082DE9F341FA
:1091B00006880446A0F86660082084F8740084F8E5
:1091C00094001D4694F903002389A4F88660A4F84E
:1091D0006E300344A4F88E3004F158008846002312
:1091E00000951746FBF74CFD04F1220204F17800CC
:1091F000009541460023FBF743FD20343A46013DEC
:109200006B1C02F102020BD032F9023C5B1022F817
:10921000023C34F9021F03EB610322F8023CEEE743
:1092200002B0BDE8F08173B51D4603890446A0F87D
:109230006E30022380F8743003885830C38130F8D0
:10924000563C1646438200230095FBF719FDB4F9FE
:109250000230C3F5FF437F331B1115F1FF3508D3EF
:10926000B6F900200D211A444A43D21026F8022BE9
:10927000F3E702B070BD2DE9F3471D4603880446AD
:10928000A0F86630A0F8863003898846A0F86E30D2
:10929000A0F88E30012380F87430032380F89430D6
:1092A00000F122060023583000951746FBF7E8FC32
:1092B00004F178004146002300953246FBF7E0FCBC
:1092C000B4F90610B4F9020047F6FF73B3FBF5F3E7
:1092D000401A5843034615F1FF351BD336F9029B5C
:1092E0004FF0940A0AFB09F901EBE33C4FEA4C0CFE
:1092F0001FFA8CFC4FEA2929CCF57F420CFB09FCB4
:1093000037F9028BFF3202FB08C2121427F8022C35
:109310000344E0E76388E38002B0BDE8F0872DE90D
:10932000F3471D4644F254230446C35C0088052BD2
:10933000A4F866004FF0030084F89400B4F902002A
:1093400014BF0123032384F87430B0F5804F2389C0
:10935000ACBF4FF4C0604FF440600026A4F86E30FC
:109360001B1A8946A4F88E3004F158003346A4F83D
:109370008660009504F122079046FBF781FC494680
:109380003A463346009504F17800FBF779FCB4F9CE
:109390000620B4F902C047F6FF73B3FBF5F3C2EB46
:1093A0000C0C0CFB03FC3346614615F1FF351CD356
:1093B00002EBE136B6F5804FBABFC6F57F563F36B1
:1093C000A6F5804637F903A07600B6B2C6F57F4011
:1093D00006FB0AF638F90390FF3000FB0960001421
:1093E00028F8030061440233DFE76388E38002B0BA
:1093F000BDE8F0872DE9F3471D4644F25423C35CD2
:109400000026072B044614BF30460320238984F826
:10941000740084F89400B4F90000A4F86E3004F1EC
:109420000A0903EBA003A4F88E3004F158004B4660
:10943000A4F86660A4F88660009504F122079046BF
:10944000FBF71EFC49463A463346009504F1780086
:10945000FBF716FCB4F90620B4F902C047F6FF7317
:10946000B3FBF5F3C2EB0C0C0CFB03FC334661467B
:1094700015F1FF3516D302EBE13637F903A076007C
:10948000B6B2C6F57F4006FB0AF638F90390FF3006
:1094900000FB0960801400EB400028F803006144E1
:1094A0000233E5E76388E38002B0BDE8F0872DE989
:1094B000F3471D46038904461FB24FF0060EC7F559
:1094C00038500EFB00F0C7F52057C7EBC70700F573
:1094D000FF4007F5FF477F307F3747F6FF76B4F947
:1094E00000C027EAE77720EAE070B742A8BF374616
:1094F000B042A8BF304600FB0CF007FB0CFCC013C9
:109500004FEAEC3CA4F86E30A4F88E30072389466D
:10951000A4F86600A4F886C084F8743084F894E057
:1095200004F158000023009504F122079046FBF750
:10953000A7FB49463A460023009504F17800FBF763
:109540009FFBB4F90620B4F90230B6FBF5F69B1A7E
:109550005E430023314615F1FF3516D302EBE13CA3
:1095600037F903A04FEA4C0C1FFA8CFCCCF57F4076
:109570000CFB0AFC38F90390FF3000FB09C0001413
:1095800028F8030031440233E5E76388E38002B042
:10959000BDE8F0872DE9F04F17461D460288038984
:1095A0008946A0F86E30A0F88E3042F6AA2113B298
:1095B0008B4285B004464FF000060CDC042302EB1E
:1095C0004202A0F86660A0F8866080F8946080F897
:1095D0007430560013E045F25552934211DCC3F546
:1095E0002A532B3303EB4303A0F86660A0F8866090
:1095F000032280F894605E0080F87420013EB6B2C9
:109600000EE0A3F5AA43563B03EB4303A0F86630F4
:10961000032380F874300523A0F8866080F8943026
:10962000494604F158003A46002304F12208009507
:10963000FBF726FB494604F17800424600230095DB
:10964000FBF71EFBB4F90820B4F90230DFF8E09014
:10965000A2EB630000F5804080F30F0040044FEA66
:10966000106C39F81C1009F1020939F81CC0000A05
:10967000C1EB0C0C80B200FB0CF001EB104189B285
:10968000B2F5205F03914FEA4303616D44DDA2F51B
:109690002052A3EB021323EAE3733DE038F9022BD7
:1096A00037F902CB7243C6F57F40FF3000FB0C2038
:1096B0000014421A02900398424301EBE2311B4A24
:1096C00091422DDB47F6FF729142A8BF114601F58A
:1096D0000049DFF860B04FEA292A3BF81AC00BF1C5
:1096E000020B3BF91AB00FFA8CFACAEB0B0A5FFABD
:1096F00089F909FB0AFA0CEB2A2C98B20FFA8CFCB8
:10970000C0F57F4200FB0CF0DDF808C0FF3202FB21
:109710000C02121427F8022C15F1FF35BED201E01D
:109720001146D4E7616505B0BDE8F08F0180FFFF09
:10973000F0A90108E48401082DE9F74F984644F2A6
:109740005423C35C1746093BDBB2022B98BF304A57
:10975000044698BFD25C23894FF00000894688BF39
:109760000522A4F86600A4F88600A4F8A600A4F8D0
:109770006E30235A274D1EB271123612013635F85B
:109780001110B4F808C0761035F916508C441B023D
:1097900009B2691A9BB24B4304EB001E02300CEB7A
:1097A00023430428AEF88E30E3D14FEA480A84F808
:1097B000742084F8942084F8B4203B4607EB0A0216
:1097C000934203D0002123F8021BF9E704F1580665
:1097D00004F1B80BCDF800803046494604F122026E
:1097E0000023FBF74DFA002555450AD06319B3F95C
:1097F0002230152253437A5B02EBA3137B530235CD
:10980000F2E720365E45E5D103B0BDE8F08F00BF3A
:10981000B8D80008BCD8000870B5B0F9D06044884A
:109820000588B6F5345FA0F8C640A0F8C450048996
:1098300008DD25B2B5F5345F04DD35446D10A0F8C0
:10984000D05001E0A0F8D04044F25424045DB83078
:109850000D3C4477BDE87040FFF770B92DE9F34146
:109860001E4600230446A0F86630008984F8743050
:10987000A4F86E00009604F1580017468846FBF7DE
:10988000FFF9B4F9D05063882288B5F5345FA4F8A5
:10989000C630A4F8C420238908DD18B2B0F5345FBF
:1098A00004DD28444010A4F8D00001E0A4F8D03032
:1098B0000C2384F8D53004F1B80041463A463346CB
:1098C00002B0BDE8F041FFF739B9000070B544F2CD
:1098D0005425455D084C04EBC50654F835407568C1
:1098E00015F0010F4FEA650518BF4659284418BF07
:1098F0003459A04770BD00BFAC01002000230122F5
:10990000C0F80431C0F80831C0F80C3102706FF0B3
:109910003F03DA010133402B20F8022FF9D17047C1
:109920002DE9F007002944D0002B42D0002A40D076
:1099300001258446002403F100490CF8805B00F106
:10994000820809F1FF39204625461BE0B7F5004F94
:10995000A8BF47F6FF7731DB16F5004F26DDB6F5D9
:10996000004FA8BF47F6FF762ADB0130834204F19F
:1099700001049CBF01350020402C2CF8027F28F800
:10998000026D18D031F91070C0EB090602FB0577A3
:1099900031F916606FEA050A17F5004F02FB0A66F7
:1099A000D4DC16F5004F48F20107D8DC48F2010676
:1099B000DBE700230370BDE8F0077047BFB2CBE7D9
:1099C000B6B2D2E703782DE9F001002B7CD0D0F8B5
:1099D0000831891A99426ADA1FFA81F800F10805FC
:1099E0007B26002E13DD741035F914300FFA88FC35
:1099F000634505EB440705DC60E035F91360664517
:109A00005EDD1C46631005EB4307002CF5D100F129
:109A10000208C8EB05084FEA6808A8F102039BB2E8
:109A20000FFA88F81CB24FF6FF75A045A0F8105148
:109A30004EDB4FF4804C00EB4404B4F902400FFAC3
:109A40008CF60C1B002CB8BF6442A4B227B2B742FC
:109A500003F10105B8BFA0F81031ABB2B8BFA446FE
:109A60001CB2A045E7DAB0F910315C1E5D1C00EBBA
:109A7000430300EB450500EB4404B3F90210B4F9CD
:109A80000240B5F9023004EBC40403EBC305C1EB9B
:109A9000C1031C442B4424111B11C0F80411C0F84D
:109AA0000841C0F80C318818BDE8F0017047D0F8C3
:109AB0000C31994290DCD0F80411F4E72346344687
:109AC000E31A5E1EBD1C8CE70846BDE8F001704736
:109AD00000256FF001044FF0FF33C8E770B5094C63
:109AE0000546024604F13006234603CBB34210601C
:109AF00051601C4602F10802F6D14D2385F82C3046
:109B000070BD00BF28B70108F8B5324B04464D259B
:109B10001F46264603F1300C3A4603CA62453060C0
:109B20007160174606F10806F6D100221146605C06
:109B300001310244302992B2F9D1188E598E9042E7
:109B400004D1A94202D1013525860AE0224A343BDC
:109B5000934205F1FF35DBD1002323862046FFF732
:109B6000BDFF00230122E15C6AB10C225A431B486D
:109B7000155C8D4206D8024452788A4234BF0022D6
:109B8000012200E000220133162BECD182B194F8BF
:109B90002C304D2B0CD1238DB3F5804F08D9A38CDD
:109BA00043F67E6203F5F9531F339BB2934204D907
:109BB0002046BDE8F840FFF791BF638DB3F5804FB5
:109BC000F6D9E38C03F5F9531F339BB29342EFD8D8
:109BD000F8BD00BFA4FF0108CCEF010884B1010863
:109BE000F8B54D2380F82C30038E34245C43264B8B
:109BF000264A2344934205464FF0000604D804F158
:109C0000006404F5F83402E0214C0686012602F0D7
:109C100075FD7EB11E4802F0ADFD1E4802F0AAFDA2
:109C20001D4802F0A7FD1D4802F0A4FD04F1300715
:109C300026460DE0631E04F1340020F47F7023F407
:109C40007F7320F0030023F003039842ECD1EDE78B
:109C50002B1B30469959043602F0ACFDBE42F7D1B9
:109C600000210B46EA5C01331144302B89B2F9D153
:109C7000384602F0C9FD04F13200298E02F0C4FD1D
:109C80002B8E01332B86F8BD34F00108FFFF01084D
:109C900000F0010800F4010800F8010800FC0108C8
:109CA0002DE9F04FA1B01392017F9DF8AC200A90EE
:109CB00009932A9D0C9261B3CB4ECC4B3268CC49B0
:109CC00003FB02F21144804603FB01F0C84AC8F8C6
:109CD00020101446024403FB02F0044403FB04F783
:109CE000C348C349384403FB00F7394403FB01F37D
:109CF000C8F82420BE4A00271A443260C8F834202D
:109D00000C9AC8F82840C8F82C00C8F8301088F819
:109D10001C70002A40F084820A9CE68973019BB281
:109D2000B3F5F04F46F3C42680F0D482DDF83080DE
:109D30000A9DB6B206EB46067600AE4B6A68B71DC2
:109D400020ADDDF828901F441E4445F8182D00244E
:109D5000335B395BB9F81820C91A08FB01F11344C9
:109D600003EB214109B24846FDF73EFE05EB4403F3
:109D70000234062C5860EBD104230C930A9C637FB9
:109D8000062B00F0B682012B00F0B2820A2B00F005
:109D9000EE83052B00F0EB83082B00F01987032BD3
:109DA00000F01687072B00F05186022B00F04E863C
:109DB000DDF828800A9CB8F90C30D8F82400C3EBF1
:109DC000031343F31013256B099F03F50063D8F8C1
:109DD00020B09BB20390D8F82880E66A0495002F43
:109DE00000F01282139F1A981B991C9A1D9C1E9DAD
:109DF0000437079008910D920B940E951BB20597AE
:109E0000CDF808800798039A0899029D0D9CDFF809
:109E1000E88183440A44254408F1020902954FEA87
:109E20001B64100E38F8145038F8101039F910C0AF
:109E30000B9F029839F914803744060E28B2C0EB04
:109E40000808CBF30F2000FB08F808B2C0EB0C0C9D
:109E500005EB2845C2F30F2808FB0CFC0697A9F177
:109E6000020737F81640DDF8088039F9167001EB63
:109E70002C41DDF818900FFA84FCCCEB0707C8F3EF
:109E80000F2C4FEA19660CFB07F7DFF86C912DB227
:109E900039F8160003FB05F509F1020939F91660D6
:109EA00009B2DDF8189004EB274703FB01F104B277
:109EB000361BC9F30F2404FB06F6ED13A5F5004588
:109EC000DFF838C14FEAE138A9B20C123CF814505F
:109ED00000EB26460CF1020030F914A03FB228B284
:109EE000C9B2C0EB0A0A03FB07F7A8F5004801FB5B
:109EF0000AFA1FFA88F84FEA28243CF8140036B210
:109F00000CF1020C3CF9149003FB06F6FF1305EB71
:109F10002A25A7F500470FFA80FABFB2CAEB090954
:109F20005FFA88F83C1208FB09F8FFB20397F613B2
:109F3000ACF1020737F81410A6F50046B6B23CF9AA
:109F400014C000EB2828341208B237F81490C0EB84
:109F50000C0C0237039837F9144000FB0CF70FFA8A
:109F600089F0241AF6B206FB04F62DB201EB27277E
:109F70000FFA88F8A84409EB26263FB236B24744C8
:109F8000049D0E9C07EB06090C9E1B491B482544AB
:109F9000042E049500F1020401F1020530D9049F5A
:109FA0003E0E31F8161035F916600DB2751BC7F369
:109FB0000F2606FB05F501EB254109B203FB01F174
:109FC000C913A1F5004189B20D1230F8150034F91A
:109FD000155004B2C9B22C1B01FB04F100EB212186
:109FE00009B289440CE000BFBC0300200D661900D3
:109FF0005FF36E3CE4B80108E2820108EE8E0108CE
:10A00000029D0D9E07983544059F4FEA6911089CF3
:10A01000029501EBE909B34D834427F8049C1444ED
:10A020004FEA1B60210EAF1C0394069E35F81040CA
:10A030000B9A37F91080029837F911C01644023F85
:10A0400035F8112021B2050EC1EB080807F102090D
:10A05000CBF30F2137F8150001FB08F839F915701B
:10A0600011B2350EA9F10209C1EB0C0C39F815102B
:10A0700009F1020939F915A0039D04EB2844C5F341
:10A080000F2808FB0CFC029D02EB2C420FFA80FC0F
:10A09000CCEB070724B2C5F30F2C0CFB07F703FB2F
:10A0A00004F412B203FB02F200EB2747E41308B2F8
:10A0B000C0EB0A05A4F50044C6F30F20DFF8289290
:10A0C00000FB05F54FEAE238A2B2101239F8104051
:10A0D00009F1020C3CF910A001EB25453FB221B279
:10A0E000D2B2C1EB0A0A03FB07F7A8F5004802FB4E
:10A0F0000AFA1FFA88F84FEA282039F810102DB212
:10A100003CF9109003FB05F5FF1304EB2A24A7F597
:10A1100000470FFA81FABFB2CAEB09095FFA88F863
:10A12000381208FB09F8FFB20697ED13ACF10207ED
:10A1300037F81020A5F500453CF910C0ADB2281243
:10A1400001EB282811B237F81090C1EB0C0C023744
:10A15000069937F9100001FB0CF70FFA89F1401A44
:10A16000EDB205FB00F524B20FFA88F80E9802EB69
:10A170002727A044049C09EB25253FB204442DB2B7
:10A180004744049407EB05090C9D564A5649042D93
:10A1900002F1020401F1020022D9049F3D0E32F8BF
:10A1A000152034F9155014B22C1BC7F30F2505FBED
:10A1B00004F402EB244212B203FB02F2D213A2F522
:10A1C000004292B2141231F8141030F9144008B25F
:10A1D000D2B2201A02FB00F201EB222212B2914409
:10A1E0004FEA6912DDF8148002EBE909099A28F8B0
:10A1F000029C023A08F10408CDF8148009927FF419
:10A2000001AEDDF808800A9C039DE662049EC4F856
:10A2100020B06562C4F82880266321B0BDE8F08FC5
:10A22000324E3378002B3AD0B6F81031DDF8288062
:10A230001AB206EB4202B2F90210D8F80420B8F9BB
:10A2400018701A920C9A9BB2012AC1EB07073FF4CF
:10A2500095AD2C7823449CB2802C00F2DF86BFB2EF
:10A260000DF168094FF00108DDF828A0DDF830B0E5
:10A2700006E015F8013F1C44A4B2802C00F2C98608
:10A2800006EB440359885046394409B2FDF7ACFB4C
:10A2900008F10108D84549F8040FEAD36EE50A9E93
:10A2A0000C9A7368012A1A933FF468AD374601246B
:10A2B0001AAE90462B1913F8011C3B8B384603EB62
:10A2C000C11109B2FDF790FB0134444546F8040F73
:10A2D000F0D353E5B3F5084FC0F041814FF6FF7856
:10A2E00026E500BFE2820108EE8E0108384A002010
:10A2F0000A9C1A9D0020D4F820B0D4F824901B9A10
:10A3000003900B900346666B04F1280014951C9C87
:10A310001D9D159216941E9A1F9C17950A9D4FF02D
:10A3200006084FF0050C189219940D950324022588
:10A33000CDF82080CDF848C004224FF00108DDF8A8
:10A3400030C010940F951192CDF838805C464D4680
:10A3500083C8099A002A00F0B0809246159ADDF869
:10A360005080D21A0592179A9844D21ACDF80880D4
:10A370000492DDF85880199ADDF860B098449B4447
:10A38000D31ACDF818800793139A01965BE0B8F5BD
:10A39000004FA8BF43F6FF78C0F25486039B002B02
:10A3A00000F04086134633F8029BC8441FFA88F633
:10A3B000DDF8088016804444DDF814804FEA144923
:10A3C0004544DDF81880C9F500494044DDF81080A7
:10A3D000A9EB15494144079EDDF8008009F5C03915
:10A3E000A9EB10494644BCF1040F5F440196A9EB68
:10A3F00011490CD94FEA1748C8F50048BCF1050FC0
:10A40000C14404D04FEA1648C8F50048C1444FEA99
:10A41000691808EBA90919F5004F4ADDB9F5004F95
:10A42000A8BF43F6FF78C0F20586039E16B1B3F8C5
:10A430000090C8441FFA88F8BAF1020AA3F8008015
:10A4400002F1040238D0029B069EDDF810801C4405
:10A4500030444144030C4FEA144803EB1143C8F560
:10A460000038C3EB0808DDF81490019B079E4D44AB
:10A470003344BCF1040F5F440093A8EB15480DD999
:10A480003B0CC3F50043BCF1050F984406D0DDF842
:10A4900000904FEA1943C3F5004398444FEA68130C
:10A4A00003EBA80818F5004F3FF771AFDFF82881DC
:10A4B00074E7DFF82481B8E7019EDDF82C80109B5B
:10A4C00008F1080BDDF838900F9A03F10808119B8A
:10A4D00009F1080A02F1080903F10802129B083386
:10A4E00002930A9B43F82B4043F82A50029C039D99
:10A4F00043F8290043F8281043F8227043F82460F9
:10A50000002D7FF48AAE089E0D9F06F1010806F12A
:10A510000209CDF83880CDF83C90DDF83480DDF8C4
:10A520002090321D06F1030BB3F90C300B96053663
:10A530001192129609F10609D8F84C60012208F12F
:10A540001808BC6BFD6B386C796CDB00CDF840B043
:10A55000BF6CCDF82090CDF834800392F9E6A3F5D6
:10A56000F0484FEA081808F47E48FFF7E1BB0A9E5E
:10A57000174AB089376A40F38523D1184978D25CED
:10A58000144B02EBC212800101EBC111194480B2DD
:10A59000D318059002910393706AB16AF26A336B23
:10A5A000099C08970490079106920B93002C00F0E9
:10A5B0003F82139A1A9D1B9E1C9F1D981E99043260
:10A5C0000E950F961097119012910D9224E100BFF5
:10A5D0008CB9010858F9000800C0FFFFBAF5004F18
:10A5E000A8BF47F6FF71C0F22985049A0F9B089F08
:10A5F0000E981A44079C109D0744049208977A0EFF
:10A600002C44049E0D9F079427F8041C730E039D91
:10A61000DDF8088006981199079E541C15F804C0AF
:10A62000770E084418F80460A95C089C18F80250DA
:10A63000DDF80C80C4F357020690C1EB0C0C581CDB
:10A64000761B18F803B002FB0CFC06FB02F618F8A8
:10A650000020DDF80890CBEB020214920902069A62
:10A66000A1F500412D0219F80340A5F50045530E50
:10A6700001EB2C41029A19F800A089B2781C05EB75
:10A68000264618F807C036B219F8077018F8009077
:10A6900012F8008008B2301A1390049EC4EB0A0A24
:10A6A000C6F35700149E4FEA0B2B00FB06F20AFB81
:10A6B00000F0ABF5004B029E0BEB22422402DDF8CA
:10A6C0000CB05D1CA4F5004404EB204A1BF80340C9
:10A6D000F05C1BF805B0755D079EC7EB0808C6F374
:10A6E0005703CCEB090903FB09F908FB03F33F020D
:10A6F000A7F5004707EB23434FEA0C2C069FACF568
:10A70000004CC4EB0B0B0CEB2949C7F3570C2D1A6B
:10A710000CFB0BFB05FB0CF52402A4F50044000226
:10A7200092B2A0F5004004EB2B4BDDF814801FFA29
:10A7300089F91FFA8BFB00EB25450FFA8AFA10B254
:10A74000DDF84CC0C0EB0A0A0FFA89F70FFA8BF05C
:10A750001BB22DB208FB0CF608FB0AFADB1B281A09
:10A7600008FB00F008FB03F301EB264602EB2A4A44
:10A7700036B20BEB204B0FFA8AFA0B9809EB234900
:10A7800012990C9AB2440FFA89F9CA440FFA8BFB5A
:10A790000844042A0B900AEB0B0624D9430E039CB1
:10A7A000591C029DE25C0746605CEB5C6C5C801AA5
:10A7B000C7F3570101FB00F0E41A04FB01F1120298
:10A7C000A2F500421B0202EB2042A3F5004392B225
:10A7D00003EB214110B209B2091A08FB01F102EBA7
:10A7E000214212B21644B61016F5004F40F31D81F7
:10A7F000B6F5004FA8BF47F6FF76C0F21884DDF823
:10A800003480099A28F8026C023A08F10408CDF85D
:10A810003480099200F00C81089C0E9B06991C4420
:10A820001198620E0894DDF81C80039C109F01446F
:10A83000501CB844049E275C0F9D0691DDF82090C3
:10A84000A15C2E44C9F357047F1A730E04FB07F76B
:10A850000496CDF81C804FEA5866DDF8088009029E
:10A8600018F8005018F80200A1F50041DDF80CB00E
:10A870002D1A01EB2741039F03F1010C05FB04F5A1
:10A88000741C18F803A01BF80C2018F80C9017F88B
:10A890000480DDF818C0029F1BF803B04FEA5C6328
:10A8A00017F804C0039C0002A75D029CA0F50040BD
:10A8B000A65D89B2C6EB0C0CCDF84CC000EB25456B
:10A8C000DDF810C00CB22DB2CAEB0909CBEB0202C5
:10A8D0002D1BCCF3570404FB02F209FB04F44FEAEE
:10A8E0000A2AAAF5004A0AEB2449DDF808C0039CAD
:10A8F0004FEA0B2B581CABF5004B14F800A00BEBE8
:10A9000022421CF800B01CF80300DDF81CC0E45C17
:10A91000CCF35703DDF84CC0C7EB080803FB08F87D
:10A920000CFB03F33602A6F5004606EB23433F0279
:10A93000069EA7F50047C4EB0A0A07EB2848C6F3B2
:10A940005707C0EB0B0B07FB0AFA0BFB07FB2402B4
:10A95000A4F50044000292B2A0F5004004EB2A4A9C
:10A960001FFA8AFA00EB2B4B0FFA89F910B2059FF8
:10A970001FFA88F8C0EB09090FFA8BFB0FFA8AF06F
:10A980000FFA88F61BB2C0EB0B0007FB05F507FBBF
:10A9900009F99B1B07FB00F007FB03F301EB2545BF
:10A9A00002EB29490AEB20400FFA80FA0B992DB2ED
:10A9B0000FFA89F908EB234812980C9A4D440FFAC4
:10A9C00088F845440144042A0B91AA4424D94B0E2B
:10A9D000039C0E46029D591CE25C605CEB5C6C5C67
:10A9E000801AC6F3570101FB00F0E41A04FB01F1E1
:10A9F0001202A2F500421B0202EB2042A3F5004323
:10AA000092B203EB214110B209B2091A07FB01F11E
:10AA100002EB214212B292444FEAAA0A1AF5004F01
:10AA20003FF7DCAD48F20101DFE548F20106E6E65A
:10AA30000A9C089B049D079E069F0B9823626562F3
:10AA4000A662E762206321B0BDE8F08F0A9D0A9CF0
:10AA500005F12400B4F90C306F6B099D47C8246AD6
:10AA60001B0404960797002D00F0A4801B9F1A9EDC
:10AA700002971C9D139F03961D9E07F104080595E0
:10AA8000029F039D06964FEA47096E0004EB4504BA
:10AA900000EB4700059D069F0E96CDF82C906E00AA
:10AAA00002EB47024FEA4709C24601EB45010D960A
:10AAB000CDF82090904603E0644630462946904603
:10AAC000039D029E621B404D9342C6EB000B42F673
:10AAD000302C059E38BF00253C4AE14628BF4FF088
:10AAE000000C5B4538BF654641F21857C6EB010BB9
:10AAF000069E5B452CBF9346BB465D44C6EB080BE8
:10AB00000C9E5B452CBF9346BB46042EBC465D4461
:10AB10000DD9049EB3422CBF9346BB460C9E5D44A8
:10AB2000052E04D0079EB34228BF94466544A34235
:10AB30002CBF00224A46DFF890902AF8045C38BF08
:10AB40004FF00009834238BF9146204A8B4238BFFC
:10AB50003A4691441D4A434538BF3A4691440C9ABF
:10AB6000042A0ED91646049D184AAB4238BF3A460D
:10AB7000052E914405D0154E079A934238BF3E46A4
:10AB8000B14447F6FF72099F9145A8BF9146DDF891
:10AB900038C00B9E0D9D089A023F2AF8029CA444DF
:10ABA0000AF1040A06440D444244099784D1049EE4
:10ABB000079F42460A9D2C626862A962EA622E6380
:10ABC0006F6321B0BDE8F08FD0D5FFFFE8EAFFFF4B
:10ABD0000A9C099AB4F90C30256AC3EB031343F3BA
:10ABE0001013666A276B606B03F5006305959BB2D3
:10ABF0000296D4F828B0E16A07970890002A00F07E
:10AC0000F3811D9F1A9C0F971FB2139B1B9D1C9EC7
:10AC10001E981F9A04330D940B950E961090119266
:10AC200003930D9C059ADDF83C802244140C884463
:10AC300044F3C03181EA4401029B0B9DA1F5004120
:10AC400009B22B440E9E07FB01F1180C5E4440F341
:10AC5000C03989EA4009300C40F3C03CA9F50049ED
:10AC6000C9138CEA400C0FFA89F94FEA1840A1F594
:10AC70000041DFF8D8B389B2069607FB09F940F323
:10AC8000C03686EA400608123BF810500BF1020469
:10AC900034F910B0ACF5004C28B20FFA8CFC4FEA36
:10ACA000E939C9B2C0EB0B0B07FB0CFCA9F5004955
:10ACB00001FB0BFB1FFA89F9CDF81080DFF88C83BC
:10ACC0004FEA292438F81400A6F5004608F10208D6
:10ACD00038F914A036B24FEAEC3C05EB2B2507FB04
:10ACE00006F60FFA80FBACF5004CCBEB0A0A1FFA14
:10ACF0008CFC5FFA89F94FEA2C2409FB0AF95FFA08
:10AD00008CFCCDF808C0A8F1020C3CF81410F61326
:10AD100038F91480A6F50046B6B200EB292908B22E
:10AD20003412C0EB080802983CF814A00CF1020B96
:10AD30003BF9144000FB08FC0FFA8AF0241AF6B223
:10AD400006FB04F601EB2C2C2DB20FFA89F94D44C9
:10AD50000FFA8CFC05EB0C001099079D0AEB2626D8
:10AD60000D4436B207951199089D30440C9E0D4450
:10AD7000042EABF10204089541D9DDF81C804FEA9E
:10AD8000184545F3C03686EA4506A6F5004636B2B4
:10AD900007FB06F6F613A6F50046B6B24FEA262CD8
:10ADA00034F81C503BF91C800FFA85FCF6B2CCEB52
:10ADB000080C06FB0CF605EB26260C9D36B2052D7D
:10ADC00030441CD0089E350C45F3C03686EA450554
:10ADD000A5F500452DB207FB05F5ED13A5F50045DA
:10ADE000ADB22E1234F816403BF9166021B2EDB226
:10ADF000711A05FB01F504EB25252DB228440D99A8
:10AE0000DDF818B011440B9A0F9C1A440E9B059163
:10AE10009B440B0C04990292214443F3C03484EA0E
:10AE20004303A3F50043120C1BB242F3C03807FBE7
:10AE300003F388EA42084FEA1B4242F3C03686EA2F
:10AE400042060A0C42F3C035A8F50048DB1385EA38
:10AE50004205DDF80C9042110FFA88F8A3F5004383
:10AE6000DFF8E8C102EBE0009BB207FB08F829F825
:10AE7000040C1A123CF812400CF1020030F912A036
:10AE8000A6F5004622B236B24FEAE838DBB2C2EB92
:10AE90000A0A07FB06F6A8F5004803FB0AFA1FFAA0
:10AEA00088F84FEA28203CF81020A5F500450CF161
:10AEB000020C3CF910902DB2F61304EB2A2407FB88
:10AEC00005F50FFA82FAA6F50046B6B2CAEB0909F3
:10AED0005FFA88F8301208FB09F8F6B20496ACF174
:10AEE000020636F81030ED133CF910C0A5F5004508
:10AEF000ADB202EB28281AB22812C2EB0C0C049A4D
:10AF000036F81090023636F9100002FB0CF60FFAF4
:10AF100089F2801AEDB205FB00F503EB262624B278
:10AF20000FFA88F836B244443444079B109E09EB6C
:10AF3000252533442DB20898079304EB0509119B8E
:10AF40000C9C424A1844042C089002F102033CD99C
:10AF5000079D280C40F3C03484EA4004A4F5004463
:10AF600024B207FB04F4E413A4F50044A4B22512B0
:10AF700032F8150033F9156005B2751BE4B204FB15
:10AF800005F40C9E00EB242424B2052EA1441CD011
:10AF9000089C200C40F3C03484EA4000A0F5004037
:10AFA00000B207FB00F0C013A0F5004080B204120D
:10AFB00032F8142033F9144013B2C0B2E31A00FB84
:10AFC00003F002EB202000B28144039D099E4FEA6A
:10AFD000691303EBE90925F8029C023E05F104051B
:10AFE000039509967FF41DAEDDF82880059F029831
:10AFF000C8F82C10089A0799C8F82070C8F82400DF
:10B00000C8F828B0C8F83010C8F8342021B0BDE81E
:10B01000F08F5FFA88F30C93FEF7B0BE01240C9416
:10B02000FEF7ACBE1FFA88F6931CFFF7C1B9B6B2A3
:10B03000FFF7E5BB4FEA6908FFF7F7B91FFA8AF196
:10B04000FFF7D3BA4FEA6808FFF7A8B9E888010804
:10B050002DE9F0411A4D04462D7884B00F4616466E
:10B060009846C089D5B1000B04230A288DF8093011
:10B0700022D90F2814BF032301238DF80830114B68
:10B0800013F82050033515F0FF0507D003EB8001BE
:10B0900001310DF10A002A4601F0E4FC0DF1080E21
:10B0A00001952046394632464346CDF800E0FEF78A
:10B0B000F7FD04B0BDE8F08102238DF80830DEE72B
:10B0C000384A00204CB901082DE9F041B0F90E4092
:10B0D00084B0E4120134E4B26700FFB23E19F6B264
:10B0E0003519EDB24FF0050C0DF1080805EB040E13
:10B0F0008DE800118DF808408DF809708DF80A6010
:10B100008DF80CE08DF80B50FEF7CAFD04B0BDE8D9
:10B11000F08100BF10B50446AC3000F05FFC04F1D4
:10B12000A20000F0EBFB144B5B7B0133A4F8AA30C8
:10B13000002384F89C3084F89930C4F88830A4F84F
:10B140009A30C4F8843084F89D3084F8A030A4F894
:10B150009E3084F8913084F8923084F89330C4F8AB
:10B16000943084F89830C4F8C43084F8C830A4F817
:10B17000CA3084F8CC3010BD944F002070B504461E
:10B180001C48437DABB31C4A94F899601168D4F80D
:10B19000C4208D1A41F2883206FB0222954228D340
:10B1A00094F89D20012A08D194F8A0300BB3022313
:10B1B00084F89D30C4F8C41070BD022A19D194F8E7
:10B1C000A020022B84F8C820B4F89E20A4F8CA203E
:10B1D0004FF0010284F8CC2001D1FEF701FD0023DD
:10B1E000012284F8A030A4F89E3084F89D20C4F891
:10B1F000C43070BD944F0020C84F002090F89D20AF
:10B2000013B50346042A65D8DFE802F0031132596A
:10B210005C00314A1068127900908DF8042093F890
:10B22000BE2002F00702683A8DF800202DE090F869
:10B230009120A23022B1294B1A7A294B9B6E05E04E
:10B2400093F898202AB193F89920264B53F82210AE
:10B250003AE093F8A020214C115D0AB9A479B4BB5F
:10B260001F4B0C2404FB0232936853F821102BE08F
:10B2700090F8A020172A1AD1174A10681279009066
:10B280008DF8042093F8BF201AB103F1A20069469B
:10B290001AE003EB4201B1F9B610C1EBC101091389
:10B2A00070390DF802100132042AF2D1EDE70C4991
:10B2B0000C2000FB021103F1A200023104E0A230D5
:10B2C000094901E00949A23000F03AFB02E093F895
:10B2D000C010C5E702B010BDCAB90108944F0020E4
:10B2E00084B10108B0B90108C0B90108C5B90108A5
:10B2F00090F89D30012B02D0022B08D0704790F8B7
:10B30000A0207AB980F8913080F892207047064BDF
:10B310001B68C0F8C43090F8A030162B04BF03237C
:10B3200080F89D30704700BFC84F002038B590F8B6
:10B330009D300446013B032B54D8DFE803F002188C
:10B34000283690F8CC100222274B80F89D2051B16E
:10B3500090F8C82080F8A020B0F8CA20A0F89E205D
:10B36000002280F8CC201B68C4F8C43038BD90F8A7
:10B37000A030152B07D8012280F89D2093BB1B48D5
:10B38000FEF72EFC38BD182B2CD1002328E0B0F896
:10B39000BA30A0F8B030B0F8B630A0F8B230B0F89B
:10B3A000B830A0F8B43004231AE0B0F9B010B0F906
:10B3B000BA20B0F9BC508A420ED0531A4FF4400064
:10B3C00090FBF3F00A44094B5210D861504300132C
:10B3D000C0F5F05098611D620448FEF701FC02239D
:10B3E00084F89D3038BD00BFC84F0020944F002026
:10B3F00090F89830F0B56BB14B6890F899201344F1
:10B400001BB283F3020380F899302D4B1B68C0F800
:10B41000C430F0BD90F8914074B12A4B4A68197A53
:10B420000A4412B2042AA8BF042222EAE2721A7263
:10B43000012380F89230F0BD90F89D30012B02D0AE
:10B44000022B21D0F0BD90F8A0400C2666431D4A87
:10B450001D4D4B6814F802C077196344715D9BB2AF
:10B460007E781DB2B542174601DD334602E08D42BB
:10B47000B8BF0B46A354124B1B68C0F8C4307B7B8B
:10B480000133A0F8AA30F0BD0D4B4A681B68C0F824
:10B49000C430B0F89E3013449BB21AB2002A02DACC
:10B4A000A0F89E4004E0182AC8BF1823A0F89E30D8
:10B4B000B0F99E30054AD35C80F8A030F0BD00BFE3
:10B4C000C84F0020944F002084B10108C8B801087B
:10B4D00070B5D0F88840061D06F8341006EBC40598
:10B4E00001346B6004F00F04034B6A80C0F888409D
:10B4F0001B68036070BD00BFC84F002070B5654D6C
:10B5000004462B68AC3001332B6010F8103C01333B
:10B5100000F8103C00F07AFA94F8982094F8AC30D7
:10B5200012B17F2B00F09B8094F891207AB17F2B91
:10B530000DD12B680026C4F8943094F8923084F82A
:10B54000916023B15448FEF74BFB84F8926094F865
:10B5500091303BB9D4F8942022B129688A1A632A21
:10B5600000F2848094F8AC20802A05D12968C4F8C0
:10B570008C10002184F8901094F8901089B983B948
:10B5800094F898306BB994F89D60012E09D194F825
:10B59000A03033B92AB92968D4F88C30CB1AF92BEA
:10B5A0006AD894F89030B3B994F891309BB994F874
:10B5B000983083B994F89D30012B0CD194F8A020D9
:10B5C000152A08D194F8AC202AB92968D4F88C201F
:10B5D0008A1AF92A58D894F89020CAB994F8AC304D
:10B5E0007BB92968D4F88C208A1AB2F5487F0FD32A
:10B5F0001A4620460321FFF76BFF012384F89030A1
:10B6000006E07F2B04D1204602211346FFF760FF9E
:10B6100094F8AD3094F8AE2003F00303022B02F04F
:10B62000030200D122B1022A0DD163B9012301E046
:10B630004FF0FF33184AD27C02B15B422046012111
:10B640000022FFF745FF2046FFF798FD94F89C3055
:10B65000DB071ED404F1A20000F096F970BD0022B1
:10B6600084F898202A68C4F8C4205DE7012284F891
:10B670009320C4F8943075E7204603211346FFF762
:10B6800027FF84F890608CE784F8983084F8903035
:10B69000A1E770BDC84F0020944F0020024B006806
:10B6A0001B68181A704700BFC84F002037B590F8C4
:10B6B000935004461DB1002380F893300125D4F83F
:10B6C0008820D4F88430D31A1B0721D0D4F88420E2
:10B6D00004EBC201043103C98DE80300013202F01A
:10B6E0000F02C4F884209DF80020022A03D12046CE
:10B6F000FFF71CFEE2E7032A03D12046FFF7F8FD1F
:10B70000DCE7012ADAD120466946FFF771FED5E76A
:10B710002046FFF7C3FFB0F57A7F204688BF01259A
:10B72000FFF7BCFF31280FD994F89D3063B994F826
:10B73000BE2001250132D2B2082A29D184F8BE30B8
:10B7400084F89D5084F8A0302046FFF7A7FF3128E9
:10B7500004D994F8A030172B08BF01252046FFF725
:10B760009DFF312809D994F8A03033B994F89D3061
:10B77000012B02D1094B9B7903B965B1084B2046D7
:10B780001B682360FFF73AFD002384F8BF3002E016
:10B7900084F8BE20D8E703B030BD00BF944F00202E
:10B7A000C84F0020F0B587B00546012603240F4698
:10B7B000102369462A488DF802408DF80330ADF811
:10B7C000006001F03DF8A023ADF800306946182371
:10B7D00024488DF802408DF8033001F031F8402301
:10B7E000ADF80030694604231E488DF802408DF8FC
:10B7F0000330002401F024F84FF48273A742ADF81F
:10B8000006304FF40073ADF80E300CBF2823202310
:10B81000ADF8103001A907231348ADF81430ADF886
:10B820000440ADF80840ADF80A40ADF80C40ADF862
:10B83000124001F08BF83146094801F055F83146C5
:10B84000094801F0A2F805F10C00214608222C80DD
:10B850006C60AC6007B0BDE8F04001F079B900BFA2
:10B86000000C0140000801400030014030B5224C7E
:10B8700087B04FF48053ADF80030032510232046E5
:10B8800069468DF803308DF8025000F0D9FF4FF46F
:10B890002043ADF800302046182369468DF8033068
:10B8A0008DF8025000F0CCFF4FF48272ADF8062004
:10B8B0004FF400620023ADF80820A4F5544402229E
:10B8C000ADF80430ADF80A20ADF80C304FF400723A
:10B8D000ADF81030ADF812302046072301A9ADF8BD
:10B8E0000E20ADF8143001F031F82046012101F0AE
:10B8F0004CF807B030BD00BF000C014073B50F4ECF
:10B9000040F6E2530446ADF80430032510233046D8
:10B9100001A98DF807308DF8065000F091FF4FF423
:10B92000806333610023A380E380258120462021AA
:10B93000042201F00DF902B070BD00BF000C0140FF
:10B94000042201F04FB900000E4B4FF480625A619F
:10B9500010220C4B4FF40060586111F0010F4FF0B2
:10B96000020002F1FF3214BF1861586192B24FF425
:10B97000006049081861002AEBD1024B4FF4806245
:10B980001A617047000C01400389C28870B59A4261
:10B99000044683880E4E0F4D11D836F8132001331C
:10B9A0006A6103F003038380C25C0B4B33F812100F
:10B9B000FFF7CAFFA38836F813302B6102E036F890
:10B9C00013306B61E388013303F00303E38070BD40
:10B9D000E4B90108000C0140E280010813B54FF4FE
:10B9E0006043ADF80430012304468DF80630064864
:10B9F000482301A98DF8073000F022FFFF232370B0
:10BA0000A370637002B010BD0010014070B5104DFE
:10BA1000044606784FF40051284600F05FFF760098
:10BA2000F6B2304320704FF480412846667800F02B
:10BA300055FF7600F6B2304360704FF4004128465F
:10BA4000A67800F04BFF7600F6B23043A07070BDD0
:10BA50000010014037B510230546ADF8043001242D
:10BA60004823054801A98DF806408DF8073000F0FD
:10BA7000E7FE2C7003B030BD0008014070B53C4DAE
:10BA800092B04FF4007301240646ADF80430284606
:10BA9000482301A98DF807308DF8064000F0D0FE4C
:10BAA000AB6801A9C3F34023002506F8023B3148E7
:10BAB0000823ADF804308DF806408DF8075000F0EB
:10BAC000BFFE2D4800F07CFD2C4B2B4807938023B4
:10BAD0000C934FF480730D934FF480630E932023E7
:10BAE0000F9307A94FF400531093089609950A94F1
:10BAF0000B95119500F0DAFD21461F4800F0F4FD8A
:10BB00001F4800F095FC4FF4602304931C484FF449
:10BB1000006302A9059302958DF80C408DF80D4045
:10BB20008DF8184000F0B2FC154803212246072387
:10BB300000F0FDFC1248214600F0CCFC104800F05B
:10BB4000DBFC0F4800F0DDFC0028FAD10C4800F0C7
:10BB5000DCFC0B4800F0DEFC0028FAD1084801218B
:10BB600000F0C1FC0648012100F0D8FC12B070BD05
:10BB7000000C014000080140080002404C24014034
:10BB80000024014030B5154685B00C4600F094FB0A
:10BB90002DB14FF000604FF4804100F03FFC45F6BE
:10BBA0001C20012100F0AEFE4FF48040012100F086
:10BBB000B5FE0120014600F099FEADF8084013489B
:10BBC0000024ADF80440ADF80A40ADF806408DF809
:10BBD0000C4000F01AFF01A90C4800F0E3FE01211F
:10BBE0000A4800F0FDFE4FF4A06000F0D9FB1923D5
:10BBF0008DF80030684601238DF801408DF8024031
:10BC00008DF8033000F0D6FB05B030BD002C0140AC
:10BC100001210A4608B5074800F0EEFE064B074A28
:10BC2000F0215A60064A82F8231000229A60072207
:10BC30001A6008BD002C014010E000E03F1901002F
:10BC400000ED00E0482301600B71026882F82B30A0
:10BC50000268002382F82C30026882F82D300268D6
:10BC600082F82E30026882F82F307047036801F1A5
:10BC7000080230B5DA600A7808328C181C614C78FA
:10BC800022448C185C618C7822448C189C60CC789F
:10BC900022448C189C610C7922448C18DC614C790C
:10BCA00022448C181C628C7922440A445A62002275
:10BCB00083F828200B789342036809D9DC68A55CD7
:10BCC00093F8284002322C4483F8284092B2F1E7DE
:10BCD000002283F82A20036893F8282083F829207B
:10BCE00030BD0B789A4203D3D21AD2B20231F8E7B0
:10BCF00048787047114B70B51D68046805EB8505E1
:10BD00000F4E0D4456F8256025881960354425806E
:10BD10000023016832250E884C88B6FBF5F52544D2
:10BD20001D444FF4FA7495FBF4F604FB16540133EA
:10BD30002144052B81F83220EBD170BDCC4F00207F
:10BD4000F4C101082DE9F04780468A4615461F4692
:10BD50001446114B4FF00809234413F80A603306C8
:10BD600047BF0321A02204216022404609F1FF3988
:10BD7000FFF7C0FF760019F0FF09F6B2EFD10134EA
:10BD80007B1BE4B2DBB2234413F0FF0FE1D1E81BCD
:10BD9000C0B2BDE8F08700BFECB901082DE9F84357
:10BDA0001B010646894614465FFA83F80C4B0827A8
:10BDB0004B441D5D2B0647BF022150220121424604
:10BDC0003046013FFFF796FF6D0017F0FF07EDB219
:10BDD000F0D1013414F0FF04E8D1BDE8F88300BFCE
:10BDE000ECB901082DE9F04102F00706013EF6B278
:10BDF00012F0F80205460C464FEA06270FD10168FB
:10BE00001A468968FFF76DFF6FEA20133946284606
:10BE10002278DBB2FFF796FF2070BDE8F081044B7B
:10BE200039469B5D82F0FF02BDE8F041FFF7B6BFE7
:10BE3000ECC001082DE9F84304689DF82070A16961
:10BE40003A460546FFF74DFFDFF8709094F82C3026
:10BE5000184E19F80330E1691843C3B23A46284630
:10BE600016F80380FFF73DFF94F82D30216A19F88A
:10BE700003303A461843C3B2F35C28469844B8F1FD
:10BE8000FF0F94BF4FF000094FF00109FFF729FFA2
:10BE900094F82E30084A0021D35C1843C3B2F35CF7
:10BEA00028468833984408EB0902D2B2BDE8F8432B
:10BEB000FFF720BFECBE0108ECBF0108F1C001088C
:10BEC000036870B5002483F82A4006682246B168EA
:10BED0000546FFF706FF86F830002B6893F8302000
:10BEE000A2EB920283F831202B681C805C8070BD2D
:10BEF000F0B5046825883224B5FBF4F4611A0029F2
:10BF000029DD9142B8BF0A460024944201680DDA47
:10BF10004E884FF4FA75264496FBF5F705FB176536
:10BF2000294491F8321019550134EEE7C2EB82230F
:10BF3000088802EB8303C2EBC30300EB430348888A
:10BF40000B8010444FF4FA7390FBF3F403FB1403DB
:10BF500010464B80F0BD0020F0BD0368C9B283F8E5
:10BF60002A10036893F82920511A83F82810704783
:10BF70002DE9F74305680E469046696A3246044645
:10BF8000FFF7AFFE10F0F80907460CD005F12F01BE
:10BF90003A4633462046FFF725FF236802251A79E3
:10BFA00083F82B205DE095F82D2095F82E3095F83C
:10BFB0002C1020460096FFF73DFF236893F82B20B6
:10BFC000013A83F82B20236893F82B203AB9B8F173
:10BFD000010F61D01A79012583F82B2000E04D462E
:10BFE000236893F83020013A83F83020236893F8CF
:10BFF0003020002A35D093F83120013A83F83120DF
:10C00000D4F80080AB1998F8312002B917BBDFB221
:10C01000D8F80C103A462046FFF763FE98F82C300B
:10C020003A46184488F82C00266820463169FFF704
:10C0300058FE96F82D303A46184486F82D002668AA
:10C0400020467169FFF74DFE96F82E30184486F8A9
:10C050002E0022E0204608F12F013A46DBB2FFF71E
:10C06000C1FE2768AA19B968D2B22046FFF739FE87
:10C0700087F83000236893F83020A2EB920283F80F
:10C0800031202268002382F82C30226882F82D307B
:10C09000226882F82E3000E04546284603B0BDE80D
:10C0A000F083000010B5436800221A745A60DA7BEE
:10C0B0009B7B0E4902EB03120D4B044653F82230D2
:10C0C0001944FFF7D3FD2046FFF7FAFE6368997B1A
:10C0D000DA7B02EB0112074931F8120006490144EC
:10C0E000596106498A5C1A7610BD00BF58C2010822
:10C0F000D8E90108C8EA010878EA010858EA010805
:10C1000043689A7B8A4202D09973FFF7CBBF70478E
:10C110004368DA7B8A4202D0D973FFF7C3BF704706
:10C1200010B5044641601C31FFF78CFD63680021A7
:10C13000997359606368FF22DA7320465981BDE81C
:10C140001040FFF7E5BF000010B543F6FF739842BB
:10C15000A8BF1846A0F58043002213F5C06302F182
:10C160000102FAD407481C1150F82410013450F889
:10C17000240003F00F03401A434301EB2310D04087
:10C1800010BD00BF587A01082DE9F743994643686E
:10C190000446B3F908009046FFF7D6FF002507468E
:10C1A0004D4554DA6268002150682A4BCEB298425D
:10C1B00001F1010115D9284B03445360F4E7002134
:10C1C000204601220DF10703FFF792FE616858B186
:10C1D0004B88013E0B809DF80730F6B27F3B1B0277
:10C1E0004B80002EEBD129E00A7C23681AB193F82A
:10C1F000282002B90A740A7C3AB9898993F82A304E
:10C200008B4202D02046FFF7A8FE2368204693F811
:10C210002A1093F82820FFF7ABFE63681B7C002BE5
:10C22000DFD0236893F82A20024483F82A20236869
:10C2300093F82820101A83F82800D2E763681A8838
:10C2400028F815205A6801353A445A60A8E703B027
:10C25000BDE8F0839A77CE01668831FE38B50C468A
:10C26000D10A0546FFF754FF47F6FF7314F4004F59
:10C2700018BF1C466A682B68107E93F829301B1A79
:10C28000DBB25C430023C4F3CF34DDB2E118854256
:10C2900089B201D3918138BD5569ED5C8D42F9D2E7
:10C2A0000133F2E7436819817047436801221A7429
:10C2B0009989FFF752BE0000364B82B01A6842F0EF
:10C2C00001021A605968344A0A405A601A6822F01A
:10C2D000847222F480321A601A6822F480221A6072
:10C2E0005A6822F4FE025A604FF41F029A6000223C
:10C2F000009201921A6842F480321A601A6802F4BD
:10C3000000320192009A01320092019A1AB9009A01
:10C31000B2F5A06FF2D11A6812F4003218BF0122F0
:10C320000192019A012A32D11C4A116841F0100190
:10C330001160116821F003011160116841F00201E0
:10C3400011605A685A605A685A605A6842F48062AA
:10C350005A605A6822F47C125A605A6842F4E81211
:10C360005A601A6842F080721A601968094A890195
:10C37000FBD5516821F003015160516841F0020181
:10C3800051605A6802F00C02082AFAD100E0FEE778
:10C3900002B07047001002400000FFF80020024089
:10C3A00040F0BF60024B40F40030D860704700BFDF
:10C3B00000ED00E0C27810B50378FAB1154A447870
:10C3C000D26803F16043D243C2F30222C2F10401F6
:10C3D00004FA01F10F2424FA02F2847803F5614390
:10C3E00022400A431201D2B283F8002303780122CB
:10C3F000590903F01F0302FA03F306E05909012269
:10C4000003F01F0302FA03F32031034A42F82130FC
:10C4100010BD00BF00ED00E000E100E021F0604150
:10C4200021F07F01014B08439860704700ED00E068
:10C4300008B5134B984207D14FF40070012100F06A
:10C4400079FA4FF4007014E00E4B984207D14FF484
:10C450008060012100F06EFA4FF4806009E00A4B21
:10C4600098420BD14FF40040012100F063FA4FF4E1
:10C4700000400021BDE8084000F05CBA08BD00BFE4
:10C480000024014000280140003C014043680A6844
:10C4900023F4702323F4807313430A7910B543EA1D
:10C4A000022343608A68CB6884681A43084B2340A0
:10C4B00013434A7943EA420383600B7CC26A013B1F
:10C4C00022F47002DBB242EA0353C36210BD00BF24
:10C4D000FDF7F1FF836811B143F0010301E023F0A0
:10C4E000010383607047836811B143F4807301E0F6
:10C4F00023F4807383607047836843F0080383608C
:10C5000070478068C0F3C0007047836843F004033D
:10C51000836070478068C0F380007047836811B102
:10C5200043F4A00301E023F4A003836070470929CA
:10C5300070B50DD9A1F10A0404EB44040725A54008
:10C54000A340C66826EA050545EA0304C4600BE07B
:10C5500001EB41040725A54003FA04F4066926EA25
:10C56000050545EA04030361062A0CD8013A02EBEB
:10C5700082021F23934001FA02F2446B24EA030370
:10C580001A43426370BD0C2A0CD8073A02EB8202B0
:10C590001F23934001FA02F2046B24EA03031A43B7
:10C5A000026370BD0D3A02EB82021F23934001FA31
:10C5B00002F2C46A24EA03031A43C26270BD000097
:10C5C000036823F00103036000230360436083607A
:10C5D000C3602A4B984222D0294B984229D0294B3C
:10C5E000984230D0284B984237D0284B98423ED0C2
:10C5F000274B984206D153F8682C42F4700243F856
:10C60000682C7047234B984206D153F87C2C42F09B
:10C61000706243F87C2C70471F4B984206D153F848
:10C62000042C42F00F0243F8042C70471B4B984235
:10C6300006D153F8182C42F0F00243F8182C70473A
:10C64000174B984206D153F82C2C42F4706243F8F1
:10C650002C2C7047134B984206D153F8402C42F4CF
:10C66000704243F8402C70470F4B984205D153F865
:10C67000542C42F4702243F8542C704708000240B6
:10C680001C000240300002404400024058000240BA
:10C690006C00024080000240080402401C0402407A
:10C6A0003004024044040240580402408A6810B535
:10C6B0000C6A036814430A6923F4FF4314434A696C
:10C6C00023F0700314438A691443CA6914434A6A05
:10C6D00014438A6A224313430360CB6843600B68A8
:10C6E00083604B68C36010BD036811B143F0010360
:10C6F00001E023F00103036070470000034B044A8C
:10C700005A6002F188325A60704700BF0020024030
:10C7100023016745084BDA68D10709D4DA68520764
:10C7200008D4DB6813F0100F0CBF042003207047FF
:10C7300001207047022070470020024013B50446D4
:10C74000FFF7E8FF01280FD164B100230193FF2315
:10C750000193019B13B1019B013BF9E7FFF7DAFF5E
:10C76000013CEFE7052002E0002C08BF052002B0E5
:10C7700010BD000038B5054640F6FF70FFF7DEFF3C
:10C78000042814D10A4C40F6FF70236943F00203D9
:10C7900023616561236943F040032361FFF7CEFF06
:10C7A000052804D0226941F6FD731340236138BD8A
:10C7B0000020024073B5002306460F200D4601936A
:10C7C000FFF7BCFF04281AD10E4C0F20236943F059
:10C7D00001032361ABB23380FFF7B0FF042807D118
:10C7E00002360196019B2D0C1D800F20FFF7A6FF3E
:10C7F000052804D0226941F6FE731340236102B07C
:10C8000070BD00BF0020024070B505460F200E46E7
:10C81000FFF794FF04280FD1084C0F20236943F041
:10C82000010323612E80FFF789FF052804D02269C8
:10C8300041F6FE731340236170BD00BF002002402B
:10C84000CB78F0B5DA0648BF8A78098803F00F057F
:10C8500048BF154311F0FF0F1DD0046800220127C7
:10C86000974007EA0106BE4211D197004FF00F0C26
:10C870000CFA07FC05FA07F724EA0C04282B44EA13
:10C88000070401D1466102E0482B08BF066101326E
:10C89000082AE4D10460FF291FD94468002202F16C
:10C8A00008060127B74007EA0106BE4211D19700EA
:10C8B0004FF00F0C0CFA07FC05FA07F724EA0C04FA
:10C8C000282B44EA070401D1466102E0482B08BF47
:10C8D00006610132082AE2D14460F0BD8368194242
:10C8E0000CBF00200120704701617047044B5A695A
:10C8F00009B1104301E022EA00005861704700BF0F
:10C9000000100240044B9A6909B1104301E022EA89
:10C9100000009861704700BF00100240044BDA69C4
:10C9200009B1104301E022EA0000D861704700BF5E
:10C9300000100240044BDA6809B1104301E022EA1A
:10C940000000D860704700BF001002400B8810B58F
:10C950004C88028823438C8802F441522343CC88BC
:10C9600023430C8923434C8923438C892343CC895B
:10C97000234313439BB20380838B23F400631B0484
:10C980001B0C83830B8A038210BD038819B19BB2F1
:10C9900043F0400303E023F040031B041B0C03801F
:10C9A000704700000388CA8803F08F030380038860
:10C9B0009BB213434A8813439BB203808B888385C1
:10C9C0000B880385054B984203D003F5006398421A
:10C9D00001D10B7A0386012383827047002C01402A
:10C9E000038819B19BB243F0010303E023F0010374
:10C9F0009B059B0D0380704783899BB20AB1194345
:10CA000001E023EA010181817047038923F00703D4
:10CA10001B041B0C03817047002100F004B80B4B72
:10CA20005B58435004310A480A4B42189A42FFF4BB
:10CA3000F6AF094A00F003B8002342F8043B074B65
:10CA40009A42FFF4F9AFF8F7E1FD704720EB0108D7
:10CA500000000020C0030020C0050020D04F0020AF
:10CA6000FFF7FEBF844641EA000313F0030349D1F8
:10CA7000403A23D30B6803604B6843608B68836044
:10CA8000CB68C3600B6903614B6943618B69836148
:10CA9000CB69C3610B6A03624B6A43628B6A836230
:10CAA000CB6AC3620B6B03634B6B43638B6B836318
:10CAB000CB6BC36340304031403ADBD230320BD3D2
:10CAC0000B6803604B6843608B688360CB68C3600E
:10CAD00010301031103AF3D20C3205D351F8043B28
:10CAE00040F8043B043AF9D2043208D0D2071CBF04
:10CAF00011F8013B00F8013B01D30B88038060462D
:10CB0000704700BF082A13D38B07B1D010F003037E
:10CB1000AED0C3F10403D21ADB071CBF11F8013BEE
:10CB200000F8013BA4D331F8023B20F8023B9FE719
:10CB3000043AD9D3013A11F8013B00F8013BF9D28C
:10CB40000B7803704B7843708B7883706046704726
:10CB5000F0B4840743D0541E002A3ED0CDB2034621
:10CB600003E0621E002C38D0144603F8015B9A07DC
:10CB7000F7D1032C2AD9CDB245EA05250F2C45EA79
:10CB8000054515D9A4F110073F0903F1100606EB7E
:10CB900007161A46156055609560D5601032B2428E
:10CBA000F8D104F00F040137032C03EB07130DD960
:10CBB0001E462246043A032A46F8045BFAD8221F8E
:10CBC00022F003020432134404F003042CB1C9B26E
:10CBD0001C4403F8011BA342FBD1F0BC7047144670
:10CBE0000346C6E740EA01039B0770B42AD1032A33
:10CBF00028D90C460346214654F8045BA5F10136BA
:10CC000026EA050616F0803F05D1043A032A43F8C8
:10CC1000045B2146EFD89AB10C78013A1C700133BD
:10CC20003CB16AB111F8014F013A03F8014B002CF5
:10CC3000F7D12AB11A44002103F8011B9342FBD11A
:10CC400070BC70470346E6E70000000000000000EB
:10CC500000000000000000000000000000000000D4
:10CC600000000000000000000000000000000000C4
:10CC7000000600000C0000000000800000018001A0
:10CC80000002800200038003000480040005800588
:10CC90000000000000000000000600000700000087
:10CCA0000000000100028002800380048005000073
:10CCB0000000000000000000000000000000000074
:10CCC0000006000007000000000000018001800253
:10CCD0008003800400050000000000000000000048
:10CCE0000000000000000000000600000700000037
:10CCF0000000800080018002800300040005000025
:10CD00000000000000000000000000000000000023
:10CD10000006000007000000000000010002000300
:10CD20008003800480050000000000000000000077
:10CD300000000000000000000006000007000000E6
:10CD40000000000100028002800380040005000052
:10CD500000000000000000000000000000000000D3
:10CD600000060000070000000000000180018002B2
:10CD70008003000400050000000000000000000027
:10CD80000000000000000000000600000700000096
:10CD90000000800080018002000300040005000004
:10CDA0000000000000000000000000000000000083
:10CDB0000006000006000000000080010002800361
:10CDC00080040005000000000000000000000000DA
:10CDD0000000000000000000000600000600000047
:10CDE00000008001800200038003000500000000B5
:10CDF0000000000000000000000000000000000033
:10CE00000006000005000000000000010002800391
:10CE1000800400000000000000000000000000008E
:10CE200000000000000000000006000005000000F7
:10CE30000000800180028003000500000000000067
:10CE400000000000000000000000000000000000E2
:10CE500000060000080000000000800080010002C1
:10CE600080028003000400050000000000000000B4
:10CE700000000000000000000006000005000000A7
:10CE80000000800080028003000400000000000019
:10CE90000000000000000000000000000000000092
:10CEA00000060000050000000000800080018003F3
:10CEB000000400000000000000000000000000006E
:10CEC0000000000000000000000600000700000055
:10CED00000000001800100038003000480050000C1
:10CEE0000000000000000000000000000000000042
:10CEF0000006000007000000000080000002800221
:10CF00008003000480050000000000000000000015
:10CF10000000000000000000000600000700000004
:10CF20000000800000028002800300040005000071
:10CF300000000000000000000000000000000000F1
:10CF400000060000060000000000000100020003CF
:10CF500000040005000000000000000000000000C8
:10CF60000000000000000000000600000C000000AF
:10CF700000007300050178010A027D020F0383039C
:10CF8000F6038804FB048D0500000000000000008B
:10CF9000000600000C00000000008000000180017D
:10CFA000C0018002000380030004800400054005E6
:10CFB0000000000000000000000600000C0000005F
:10CFC0000000800000018001C00180020003800396
:10CFD000000480040005800500000000000000003F
:10CFE000000600000C00000000008000000180012D
:10CFF000C001800200038003000440040005800596
:10D000000000000000000000000600000700000013
:10D0100000007300EE017D028303F603710500003A
:10D020000000000000000000000000000000000000
:10D03000000600000500000000008F007D02830351
:10D0400012040000000000000000000000000000CA
:10D0500000000000000000000006000006000000C4
:10D0600000008F00EE01F3026C0471050000000067
:10D0700000000000000000000000000000000000B0
:10D08000000600000700000000007300EE01F3023C
:10D090008303F6037105000000000000000000009B
:10D0A0000000000000000000000600000700000073
:10D0B00000008F00EE01F3028303120471050000EB
:10D0C0000000000000000000000000000000000060
:10D0D000000600000700000000000501EE017D02CF
:10D0E00083038804710500000000000000000000B8
:10D0F0000000000000000000000600000700000023
:10D10000000005010A020F03830388048D05000057
:10D11000000000000000000000000000000000000F
:10D1200000060000070000000000E90078017D0211
:10D1300083036C04FB0400000000000000000000FA
:10D1400000000000000000000006000007000000D2
:10D150000000050194017D02830388041705000087
:10D1600000000000000000000000000000000000BF
:10D1700000060000070000000000050178017D02A4
:10D180008303F603FB040000000000000000000021
:10D190000000000000000000000600000700000082
:10D1A00000000501EE017D0283036C04FB04000016
:10D1B000000000000000000000000000000000006F
:10D1C000000600000800000000000501EE017D02DD
:10D1D00083038804FB048D050000000000000000AC
:10D1E0000000000000000000000600000800000031
:10D1F0000000050178017D0283036C04FB047105C6
:10D20000000000000000000000000000000000001E
:10D2100000060000060000000000730078017D0297
:10D220006C04FB040000000000000000000000008F
:10D2300000000000000000000006000006000000E2
:10D240000000050178017D028303710500000000E4
:10D2500000000000000000000000000000000000CE
:10D2600000060000060000000000EE017D028303BE
:10D27000F603FB04000000000000000000000000B6
:10D280000000000000000000000600000600000092
:10D2900000000501F30283036C04FB04000000009E
:10D2A000000000000000000000000000000000007E
:10D2B00000060000070000000000050178017D0263
:10D2C00083038804FB04000000000000000000004D
:10D2D0000000000000000000000600000700000041
:10D2E00000000501EE017D028303F60371050000D5
:10D2F000000000000000000000000000000000002E
:10D300000006000006000000000005010A027D0280
:10D31000F603FB0400000000000000000000000015
:10D3200000000000000000000006000005000000F2
:10D33000000073007D028303FB0400000000000076
:10D3400000000000000000000000000000000000DD
:10D350000006000005000000000073007801830350
:10D36000FB040000000000000000000000000000BE
:10D3700000000000000000000006000005000000A2
:10D38000000078017D028303FB0400000000000020
:10D39000000000000000000000000000000000008D
:10D3A0000006000005000000000078017D02F30285
:10D3B000F603000000000000000000000000000074
:10D3C0000000000000000000000600000600000051
:10D3D00000007801EE017D026C04FB0400000000F7
:10D3E000000000000000000000000000000000003D
:10D3F00000C000E000F000F800FFF0FFFFFF1800A1
:10D400000C00060004000300020001005A425E0AFC
:10D410008D0FBC148D0FA90B1CFF03FFA2FE63FE32
:10D4200047FD79FD78FC99FB26FA46F76FF4BBB30C
:10D430009A9B87868913180308424F19B4AE407F20
:10D44000C60F0A070B00BFC073EEEDECF12F464C80
:10D45000EB1A85D022AFB792939496979899758AD4
:10D460002021237DC7C91E1FC11B1D1512B62F25E4
:10D47000F229A0305C315C32AC21C82D2F318432CE
:10D4800066339B1D732EE03142330B34AC211D27D4
:10D490002F31E031D23284202F252F311F32F83244
:10D4A000E025452A0A32D232CF33AC21332EE03187
:10D4B000AC33A534E41E062F8432CF338C34AC2138
:10D4C000AC27E03184321D3384202F253432D23210
:10D4D000F0330226962A5C321D3312348022B12E9C
:10D4E00034321D33F033451EEE2ED2321234AB34BB
:10D4F0004D22E32734321D33F03300219B255C326B
:10D500001D333334AC27D02A843273347337AC21C3
:10D51000AC2D3432F03373378420332E3432EE3472
:10D520007337B122AC279C3273347337E01F8426E3
:10D53000A43173347337AC27D02AD23263357337B2
:10D5400084209B2F8432B1347337451E3130F8323A
:10D5500063357337B122AC279C3229357337E01F0E
:10D56000842634322935733700207015002099390C
:10D5700070557035B82E8F2A8F2A00188F2AFDFF1C
:10D58000FDFFFDFFFCFFFBFFFBFFFAFFF9FFF7FFCD
:10D59000F3FFEFFF1B28590F0D0112333E0D0C0650
:10D5A0000F455D0E0C070A546E0D0A08172C570F15
:10D5B0000C010D1D500D0800062E510C03000933FF
:10D5C0005F0F030006496307030E0040961CB51663
:10D5D000B516660600401310B51613100E0800406D
:10D5E0000602240A15058C0200400912B4056606DD
:10D5F000A300004066069B018C020301004013203B
:10D60000961C7A1915050040C50C1310C50C66064A
:10D610000040610B0E086606060200403D14131020
:10D6200013103503004066060A09C50C3503004097
:10D63000132087040904CE000040C50C0E086606BE
:10D6400066060040090409040301030100403D147B
:10D6500035031505460100406606870406024601AB
:10D66000004061286606030110000040090406021C
:10D67000230110000040660606020301100000406E
:10D68000B516240A8C021D00004013100602A300E8
:10D690000A00004013209B01660633000040660626
:10D6A000610BA30019000040131035033503670018
:10D6B000004009121505150533000040240A230116
:10D6C000A3001000FCFAFDFA48FF49FF810197040E
:10D6D0000006B9088209760B260C1000010203042B
:10D6E00005060708090A0B0C0D0E0F0F101011127A
:10D6F000131415161718191A1B1C1D1E1F1F102096
:10D700002122232425262728292A2B2C2D2E2F2F92
:10D7100010303132333435363738393A3B3C3D3EC0
:10D720003F3F104041424344444546474849494AE7
:10D730004B4B4C4C104D4E4F505152535455565725
:10D7400058595A5B5C5C105D5E5F60616263646542
:10D75000666768696A6B6C6C106D6E6F707172735E
:10D760007475767778797A7B7C7C107D7E7F80817A
:10D7700082838484848484848484848410858687DA
:10D7800088898A8B8C8D8E8F909090919191109238
:10D790009394959697979798989898999999999915
:10D7A000089A9A9A9A9A9A9B9C9C00000000000002
:10D7B000000010B09D9E9FA0A1A2A3A4A5A6A7A80B
:10D7C000A9AAABAB10ACADAEAFB0B1B2B3B4B5B605
:10D7D000B7B8B9BABBBB10B0BCBDBEBFC0C1C2C335
:10D7E000C4C5C6C7C8C9CACA10CBCDCCCDD4CECF4C
:10D7F000D0D0D1D2D2D3D3D4D4D408D5D5D5D6D7BE
:10D80000D8D9DADB000000000000000010DCDDDE0B
:10D81000DFE0E1E2E3E4E5E6E7E8E9EAEBEB10EC80
:10D82000EDEEEFF0F1F2F3F4F5F6F7F8F9FAFBFBB1
:10D8300004FCFDFEFFFE00000000000000000000F0
:10D8400000000000222900009F3900000040000075
:10D850009F390000000000001104D3063607000CB9
:10D86000FDFFFBFFFBFFFBFFFBFFECFF063679092B
:10D8700009001232330C0A050B18460D08000F453B
:10D880004A0E0C0710256F0E080112333E0E0C06CF
:10D89000061A51050505064963070A0E0000000037
:10D8A0000000008000000040000000803BFECBFC38
:10D8B000CBFCCBFCCBFC68F30003040000F400F4C9
:10D8C00004F480F400F580F500F680F600F77CF7AC
:10D8D00080F700F880F800F980F9FCF900FA80FA86
:10D8E00000FB80FB00FC7CFC80FC00FD80FD00FE5A
:10D8F00080FE00FF80FFE8FFF8FFFCFF000004004F
:10D90000080018008000000180010002800200036E
:10D9100080038403000480040005800500060406DB
:10D920008006000780070008800884080009800935
:10D93000000A800A000B800BFC0B000C000C00009E
:10D940002FFEFDFB9DF946F730F58FF391F24EF275
:10D95000D1F21BF40CF67EF83AFBFFFD9000A50215
:10D960001004A10448040003DF000FFECEFA62F7A2
:10D970001EF451F144EF37EE47EE8DEFF4F156F51A
:10D980006FF9E9FD6102650692098B0B060CE00A4E
:10D990000908A803FEFD73F78AF0E3E91CE4DADF67
:10D9A000B6DD27DE83E1FDE781F1E1FDA10C2F1D4E
:10D9B000C52E894094510061FA6DCB77EB7DFD7FD8
:10D9C000EA7DCC77F96D016193518A40C42E2F1DF9
:10D9D000A30CDEFD84F1FBE784E126DEB6DDDBDFB0
:10D9E0001CE4E2E98BF073F7FDFDA8030A08DF0AE7
:10D9F000070C8A0B930965066002EAFD6FF955F57D
:10DA0000F5F18BEF4AEE35EE45EF50F11FF461F77B
:10DA1000CFFA0EFEE000FF024804A2041004A502A3
:10DA20008F0000FE39FB7FF80BF61BF4D3F24CF2AB
:10DA300091F290F330F545F79EF9FCFB30FEFFFFC5
:10DA40004901EB01E2012C01E2FF24FE1CFCFDF97F
:10DA5000FAF740F6F6F43AF41AF494F49EF51BF74C
:10DA6000E5F8D3FAB3FC60FEABFF7D00C1007400A3
:10DA70009FFF57FEBCFCF5FA2CF98CF73AF655F5EA
:10DA8000F3F416F5C1F5DCF652F8FBF9B1FB4BFDEA
:10DA9000A5FE9BFF1D001B0097FFA1FE4CFDBAFBDE
:10DAA00011FA7AF816F70CF66EF54EF5B0F586F623
:10DAB000C0F73DF9DEFA76FCE7FD07FFC0FF000086
:10DAC000C1FF07FFE6FD77FCDDFA3EF9BFF787F6F9
:10DAD000AFF54FF56EF50BF617F779F812FABAFBBA
:10DAE0004BFDA1FE98FF1A001D009DFFA3FE4CFDFB
:10DAF000B1FBFAF952F8DDF6C0F517F5F2F456F578
:10DB000039F68DF72CF9F4FABCFC58FE9FFF730030
:10DB1000C2007C00ACFF5FFEB4FCD3FAE4F81CF753
:10DB20009DF595F419F43BF4F6F43FF6FAF7FEF997
:10DB30001CFC23FEE2FF2D01E101EC014801000085
:10DB400055555555DF480A48516F1D3D52F415345F
:10DB50003687952CC1075226AFD21021FF3BA31C5C
:10DB60002FE6E3189CBCB4151F67FD12A918AA1074
:10DB70005EA2AA0EDCBAF10C486D740B02A7290A4A
:10DB800002DD0909AEC30E080715330733627206BA
:10DB9000F9EDC8054C8E33058193AF0412B43A04F5
:10DBA000FAFBD20304BF76037E8D2403D72ADB025F
:10DBB000D185990201B25E025CE22902A464FA01F5
:10DBC000909DCF018C05A901FA258601DB9666019F
:10DBD000D8FC49018D0730011A701801E4F70201E1
:10DBE0008467EF00E48DDD006B3FCD005855BE002B
:10DBF00027ADB0000C28A40088AA9800001C8E0055
:10DC00006A66840000767B0000397300719F6B00A8
:10DC1000EF9A6400821E5E00741E5800309052001D
:10DC2000226A4D009BA34800BE34440065164000A4
:10DC300011423C00DBB138005F603500B74832006C
:10DC400069662F005CB52C00D5312A0067D8270003
:10DC5000F1A5250092972300A9AA2100C8DC1F0086
:10DC6000B82B1E006C951C0002181B00BEB11900D9
:10DC7000066118006124170072FA1500F6E114001D
:10DC8000C4D91300C7E0120000F611008418110077
:10DC9000754710000A820F0084C70E0035170E006A
:10DCA00079700D00B8D20C00663D0C00FFAF0B0080
:10DCB000092A0B0010AB0A00AB320A0076C009003B
:10DCC0001554090030ED0800778B08009D2E0800E0
:10DCD0005CD60700728207009F320700ABE60600A1
:10DCE0005D9E060083590600ED1706006DD90500FC
:10DCF000D99D050009650500D82E050022FB04000A
:10DD0000C6C90400A59A0400A16D04009F42040046
:10DD10008519040039F20300A5CC0300B3A8030061
:10DD20004E86030062650300DE450300AF27030053
:10DD3000C50A030010EF020082D402000CBB0200EF
:10DD400072FF6EFF71FF75FF7FFF83FF86FF83FF0A
:10DD50007BFF72FF6EFF6EFF73FF7BFF84FF88FF08
:10DD600085FF7FFF74FF6DFF6BFF6FFF78FF83FF01
:10DD70008BFF89FF82FF78FF6CFF66FF6AFF75FFEC
:10DD800081FF8DFF8FFF89FF7BFF6CFF61FF62FFCB
:10DD90006DFF7FFF90FF99FF94FF82FF6CFF58FF9C
:10DDA00051FF5FFF78FF98FFAEFFB0FF97FF6AFF5C
:10DDB0003CFF1EFF24FF5CFFBFFF3C00B4000E01D0
:10DDC000FD7F0F01B4003B00BFFF5DFF24FF1DFF7F
:10DDD0003CFF6BFF96FFB1FFADFF98FF79FF5EFF41
:10DDE00052FF58FF6AFF84FF93FF9AFF8FFF80FF67
:10DDF0006DFF61FF62FF6BFF7CFF88FF8FFF8EFF6F
:10DE000081FF74FF6AFF67FF6CFF76FF84FF89FF65
:10DE10008AFF83FF79FF6FFF6AFF6DFF75FF7EFF4B
:10DE200086FF87FF84FF7CFF73FF6DFF6EFF73FF2C
:10DE30007BFF82FF86FF84FF7EFF76FF70FF6FFF10
:10DE400071FF79FF80FF84FF83FF80FF79FF72FFFE
:10DE50006FFF72FF77FF7DFF82FF83FF82FF79FFF5
:10DE600076FF70FF71FF75FF7BFF81FF83FF81FFEE
:10DE70007DFF76FF72FF72FF73FF79FF80FF81FFE6
:10DE800082FF7EFF79FF73FF71FF73FF78FF7DFFD5
:10DE900081FF82FF80FF79FF75FF73FF71FF77FFBE
:10DEA0007BFF80FF82FF80FF7CFF77FF72FF72FFA6
:10DEB00075FF79FF80FF81FF80FF7FFF77FF74FF91
:10DEC00071FF75FF77FF7EFF81FF81FF7FFF7AFF84
:10DED00074FF72FF74FF75FF7DFF7FFF83FF7FFF7D
:10DEE0007CFF76FF72FF72FF76FF79FF7FFF83FF73
:10DEF00080FF7EFF77FF74FF70FF74FF79FF7DFF67
:10DF000082FF83FF7EFF79FF74FF72FF71FF77FF4F
:10DF10007DFF80FF84FF80FF7CFF74FF71FF72FF35
:10DF200074FF7AFF81FF83FF83FF7DFF77FF71FF1F
:10DF300070FF72FF78FF80FF84FF84FF7FFF79FF0F
:10DF400072FF00003FFE2DFCDFF969F7EDF47FF270
:10DF50003CF041EEA3EC78EBD0EAB8EA33EB44ECCA
:10DF6000E1ED00F08EF271F591F8C7FBF9FEFB01CF
:10DF7000B304F706AE08C009120A9E095A084D06F6
:10DF80007C030100F1FB74F7B3F2D8ED1DE9B1E4B5
:10DF9000CBE0A2DD62DB3BDA53DAC3DBA2DEFBE2DD
:10DFA000C8E800F089F84202F70C7B188724DD30BE
:10DFB000303D3849AC54405FB668CD705077187C1E
:10DFC000027FFF7F037F187C5077CD70B568415F7B
:10DFD000AC543849303DDC3088247A18F90C4002C2
:10DFE00089F801F0C8E8FBE2A2DEC3DB52DA3CDAD2
:10DFF00062DBA2DDCBE0B0E41DE9DAEDB1F275F74A
:10E00000F1FB00007D034D0659089F09130ABE0964
:10E01000AE08F906B104FC01F9FEC7FB90F872F5F1
:10E020008DF201F0E1ED44EC33EBB7EAD1EA78EBA5
:10E03000A3EC40EE3EF07DF2EDF46BF7DDF92EFC43
:10E040003FFEFFFF5F014F02C702C9025302710189
:10E05000290090FEB9FCB5FA9EF889F691F4C3F256
:10E060003AF101F023EFACEE9CEEF5EEADEFC1F02E
:10E0700020F2B8F37FF556F734F9FBFA9DFC0AFE5F
:10E080002CFF0100780093004D00AFFFBBFE81FD27
:10E090000CFC6EFAB6F8FDF64FF5C2F368F24CF1DF
:10E0A0007DF0FFEFDEEF14F0A2F082F1A7F206F4AC
:10E0B00093F536F7E3F884FA09FC61FD7DFE52FF23
:10E0C000D2FF0100D4FF50FF7EFE60FD0AFC84FAFF
:10E0D000E3F836F792F507F4A7F282F1A2F013F015
:10E0E000DFEFFFEF7DF04BF168F2C4F34EF5FCF685
:10E0F000B7F86EFA0CFC80FDBCFEAEFF4F0091003D
:10E10000790000002EFF08FE9EFCFBFA33F957F75A
:10E110007EF5BAF31EF2C2F0ADEFF4EE9DEEACEE7A
:10E1200023EF01F039F1C4F290F48AF69EF8B5FAC3
:10E13000B8FC91FE2A006F015402C802C8024F02C7
:10E140005E01000000000100010002000200030067
:10E1500003000400040005000600080009000B008D
:10E160000D00100000000100010002000200030089
:10E1700003000400040005000600080009000B006D
:10E180000D00100000000100010002000200030069
:10E1900003000400040005000600080009000B004D
:10E1A0000D00100000000100010002000200030049
:10E1B00003000400040005000600080009000B002D
:10E1C0000D00100000000100010002000200030029
:10E1D00003000400040005000600080009000B000D
:10E1E0000D00100000000100010002000200030009
:10E1F00003000400040005000600080009000B00ED
:10E200000D001000000001000100020002000300E8
:10E2100003000400040005000600080009000B00CC
:10E220000D001000000001000100020002000300C8
:10E2300003000400040005000600080009000B00AC
:10E240000D0010000000FFFFFFFFFEFFFEFFFDFFBF
:10E25000FDFFFCFFFCFFFBFFFAFFF8FFF7FFF5FFF8
:10E26000F3FFF0FF0000FFFFFFFFFEFFFEFFFDFFDB
:10E27000FDFFFCFFFCFFFBFFFAFFF8FFF7FFF5FFD8
:10E28000F3FFF0FF0000FFFFFFFFFEFFFEFFFDFFBB
:10E29000FDFFFCFFFCFFFBFFFAFFF8FFF7FFF5FFB8
:10E2A000F3FFF0FF0000FFFFFFFFFEFFFEFFFDFF9B
:10E2B000FDFFFCFFFCFFFBFFFAFFF8FFF7FFF5FF98
:10E2C000F3FFF0FF0000FFFFFFFFFEFFFEFFFDFF7B
:10E2D000FDFFFCFFFCFFFBFFFAFFF8FFF7FFF5FF78
:10E2E000F3FFF0FF0000FFFFFFFFFEFFFEFFFDFF5B
:10E2F000FDFFFCFFFCFFFBFFFAFFF8FFF7FFF5FF58
:10E30000F3FFF0FF0000FFFFFFFFFEFFFEFFFDFF3A
:10E31000FDFFFCFFFCFFFBFFFAFFF8FFF7FFF5FF37
:10E32000F3FFF0FF0000FFFFFFFFFEFFFEFFFDFF1A
:10E33000FDFFFCFFFCFFFBFFFAFFF8FFF7FFF5FF17
:10E34000F3FFF0FF61FF5CFF80FF92FF75FF59FF55
:10E3500066FF8EFF8CFF67FF55FF76FF97FF81FFFB
:10E3600056FF5DFF89FF97FF6DFF50FF6BFF98FF22
:10E370008EFF5BFF4EFF81FFA2FF7AFF49FF5CFF2C
:10E3800098FF9FFF61FF3FFF74FFADFF8DFF45FFCB
:10E3900044FF94FFB8FF6EFF2AFF5CFFBAFFB1FF96
:10E3A00040FF1CFF88FFE3FF8EFF02FF24FFD7FF23
:10E3B00003003EFFAAFE5BFF7700180047FEBEFD8C
:10E3C000BE00AD05FF7FAD05BF00BDFD46FE1A00D6
:10E3D00076005BFFABFE3DFF0300D7FF24FF02FF8B
:10E3E0008EFFE3FF88FF1DFF3FFFB0FFBCFF5BFF19
:10E3F0002AFF6FFFB6FF95FF45FF44FF8DFFAEFF7D
:10E4000072FF41FF60FF9FFF99FF5BFF48FF7CFFAA
:10E41000A1FF80FF50FF5AFF8EFF98FF6CFF4EFF59
:10E420006FFF96FF8AFF5BFF58FF80FF96FF77FF25
:10E4300056FF66FF8CFF8EFF67FF57FF77FF91FF48
:10E4400080FF5CFF61FF85FF8DFF71FF5AFF6EFF4C
:10E450008CFF86FF63FF5FFF7BFF8EFF79FF5DFF11
:10E4600068FF86FF89FF6BFF5FFF73FF8BFF7FFFF6
:10E4700063FF64FF7EFF8BFF74FF5EFF6DFF88FF0D
:10E4800083FF6AFF5FFF7AFF8AFF79FF62FF68FF01
:10E4900083FF87FF6EFF61FF71FF89FF80FF65FFCC
:10E4A00064FF7DFF88FF76FF61FF6CFF85FF83FFC0
:10E4B0006CFF61FF78FF87FF7CFF63FF68FF80FFD1
:10E4C00087FF71FF61FF70FF87FF81FF67FF63FFB9
:10E4D0007CFF88FF77FF62FF6AFF85FF84FF6DFF87
:10E4E00061FF74FF8AFF7CFF64FF66FF80FF87FF88
:10E4F00073FF60FF6FFF87FF82FF68FF62FF7AFF95
:10E5000089FF7AFF60FF69FF83FF88FF6EFF5EFF70
:10E5100073FF8BFF7FFF63FF63FF7FFF8BFF75FF41
:10E520005CFF6DFF88FF87FF67FF5EFF78FF8EFF50
:10E530007CFF5DFF65FF86FF8BFF6FFF59FF70FF5C
:10E5400090FF83FF61FFFEFF3DC02DB417ACD5A542
:10E55000A9A0379C4C98C6949291A08EE48B5689C2
:10E56000F086AD8488827D808B7EAE7CE47A2D79C6
:10E570008577EC756174E37271710970AC6E586DDA
:10E580000D6CCB6A90695D6832670D66EE64D66388
:10E59000C362B661AE60AB5FAC5EB35DBE5CCD5BCB
:10E5A000E05AF7591259315853577856A155CC545F
:10E5B000FB532D5361529951D3500F504E4F904EF3
:10E5C000D44D1A4D634CAD4BFA4A494A9A49EC482E
:10E5D00041489747F0464A46A64503456244C3432F
:10E5E00025438942EE415541BD402740923FFE3EC2
:10E5F0006C3EDA3D4B3DBC3C2F3CA23B173B8D3A79
:10E60000053A7D39F6387138EC376937E6366536C4
:10E61000E4356535E6346834EB336F33F4327A32FF
:10E620000132883111319A302430AE2F3A2FC62E64
:10E63000532EE02D6F2DFE2C8E2C1E2CAF2B412B3C
:10E64000D42A672AFB298F292429BA285128E727A9
:10E650007F271727B0264926E3257D251825B424D2
:10E660005024EC2389232723C52264220322A221DC
:10E670004221E32084202620C81F6A1F0D1FB01EE0
:10E68000541EF81D9D1D421DE81C8D1C341CDB1BF7
:10E69000821B291BD11A7A1A221ACC1975191F1933
:10E6A000C91874181F18CA1776172217CF167B16A9
:10E6B0002916D61584153215E1148F143F14EE1364
:10E6C0009E134E13FE12AF1260121212C311751177
:10E6D0002711DA108D104010F30FA70F5B0F0F0FEB
:10E6E000C40E790E2E0EE30D990D4F0D050DBB0CCA
:10E6F000720C290CE00B980B4F0B070BC00A780A21
:10E70000310AEA09A3095C091609D0088A084408F5
:10E71000FF07BA0775073007EB06A70663061F0653
:10E72000DC05980555051205CF048C044A0408043D
:10E73000C603840342030103C0027F023E02FE01BE
:10E74000BD017D013D01FD0037FFA4FF8BFF23FFCD
:10E750005EFFB6FF5CFF1FFF90FFAAFF2DFF3BFF90
:10E76000B7FF80FF14FF6CFFC3FF49FF18FFA5FF31
:10E77000ACFF15FF41FFCEFF74FFFCFE83FFD4FF0B
:10E780002DFF0DFFC7FFADFFF0FE4BFFF4FF5EFF57
:10E79000D8FEA7FFF1FFFBFEFBFE0700ACFFA9FEC2
:10E7A00060FF42002CFF8CFEF9FF340081FED0FE9A
:10E7B000AD00AFFFCDFDA8FF550168FE39FDA801F2
:10E7C000CE01A9FAE6FC410FFE7F410FE5FCAAFA53
:10E7D000CE01A7013AFD68FE5501A7FFCEFDAFFFB0
:10E7E000AC00D1FE81FE3300FAFF8CFE2CFF42000C
:10E7F00060FFA8FEADFF0600FCFEFBFEF1FFA6FFDA
:10E80000D9FE5EFFF4FF4BFFEFFEADFFC8FF0DFF2B
:10E810002DFFD4FF82FFFDFE73FFD0FF3FFF16FFE9
:10E82000ABFFA6FF18FF49FFC2FF6EFF12FF81FF7B
:10E83000B7FF3AFF2EFFAAFF8FFF20FF5CFFB5FF57
:10E840005FFF24FF89FFA5FF36FF41FFA8FF7EFF82
:10E8500027FF69FFACFF54FF30FF91FF95FF36FFA4
:10E860004FFFA4FF72FF2DFF74FFA3FF4CFF3BFF80
:10E8700095FF8AFF34FF5BFFA3FF65FF33FF7FFF38
:10E8800099FF45FF47FF97FF7FFF35FF65FFA0FF1B
:10E890005CFF38FF87FF91FF40FF50FF9AFF74FF36
:10E8A00036FF70FF9AFF55FF3FFF8CFF89FF3DFF4A
:10E8B00058FF9CFF6BFF37FF78FF98FF4BFF46FF29
:10E8C00093FF80FF3AFF61FF9CFF62FF39FF82FFE9
:10E8D00091FF46FF4CFF98FF77FF38FF6BFF9BFFD0
:10E8E00059FF3CFF89FF8DFF3FFF54FF9BFF70FFE7
:10E8F00035FF75FF99FF50FF41FF91FF86FF39FFFC
:10E900005CFF9FFF66FF35FF7EFF98FF46FF45FFD8
:10E910009BFF7DFF33FF66FFA2FF5CFF34FF89FF93
:10E9200096FF3AFF4DFFA2FF75FF2DFF71FFA5FF78
:10E930004FFF35FF96FF91FF2FFF55FFABFF6AFF9B
:10E9400026FF7FFFA8FF3FFF38FF00000A040508ED
:10E95000F10BCC0F98135617041BA41E3522B825B3
:10E960002E29952CEF2F3C337C36AE39D43CEE3F2C
:10E97000FB42FC45F148DB4BB94E8B5153540F57CA
:10E98000C059675C035F95611D649B660E69786B77
:10E99000D96D30707E72C274FE7630795A7B7C7D80
:10E9A000957FA581AE83AE85A7879789808B618D82
:10E9B0003B8F0E91D9929D945A961098C099699B5D
:10E9C0000B9DA79E3CA0CBA154A3D6A453A6CAA737
:10E9D0003BA9A6AA0CAC6CADC7AE1CB06CB1B7B26B
:10E9E000FDB33DB579B6B0B7E2B80FBA37BB5BBC83
:10E9F0007BBD96BEACBFBEC0CCC1D6C2DCC3DEC43C
:10EA0000DBC5D5C6CBC7BDC8ABC996CA7CCB60CC6D
:10EA100040CD1CCEF5CECBCF9DD06CD138D200D31B
:10EA2000C6D388D448D504D6BED674D728D8D9D86A
:10EA300088D933DADCDA83DB26DCC8DC66DD03DE8A
:10EA40009CDE34DFC9DF5CE0ECE07BE107E291E2D1
:10EA500018E39EE322E4A3E423E5A0E51CE695E6A3
:10EA60000DE783E7F7E76AE8DAE849E9B6E921EA7A
:10EA70008BEAF3EA5AEBBFEB22EC84ECE4EC43EDD7
:10EA8000A0EDFCED56EEAFEE07EF5DEFB2EF06F056
:10EA900058F0A9F0F9F048F195F1E1F12CF276F295
:10EAA000BFF206F34DF392F3D6F31AF45CF49DF43F
:10EAB000DDF41CF55AF597F5D4F50FF649F683F613
:10EAC000BBF6F3F62AF760F795F7CAF7FDF730F8CB
:10EAD00062F893F8C3F8F3F822F950F97EF9AAF92D
:10EAE000D6F902FA2DFA57FA80FAA9FAD1FAF8FA09
:10EAF0001FFB46FB6BFB90FBB5FBD9FBFCFB1FFC34
:10EB000041FC63FC85FCA5FCC6FCE5FC05FD23FD82
:10EB100042FD5FFD7DFD9AFDB6FDD2FDEEFD09FED5
:10EB200024FE3EFE58FE71FE8AFEA3FEBCFED4FE0D
:10EB3000EBFE02FF19FF30FF46FF5CFF71FF86FF0F
:10EB40009BFFB0FFC4FFD8FFEBFFFFFF000014FEE8
:10EB5000C8FBAFF951F808F8F1F8D6FA4DFDB1FF4E
:10EB60007301150267018EFFF0FC31FA04F8F4F628
:10EB700055F71BF9E3FB04FFB7014B034C03A70157
:10EB8000B2FE1EFBC6F789F505F576F699F9C1FDCB
:10EB9000EB010D054A062D05D301EFFC9AF72CF386
:10EBA000D6F063F1F4F4F0FA0E029F08E40C760D4F
:10EBB000B509F0017FF79FECFBE342E091E3F4EE4F
:10EBC00020025D1BC2379153F56A877AFF7F877AEF
:10EBD000F56A9253C1375D1B2102F3EE91E342E0E7
:10EBE000FCE39DEC81F7EF01B509770DE20CA0087D
:10EBF0000F02EFFAF4F464F1D5F02CF39BF7EDFC7F
:10EC0000D5012C054A060D05EC01C0FD99F976F6F3
:10EC100006F588F5C6F71EFBB2FEA8014B034B03B1
:10EC2000B70104FFE3FB1BF956F7F4F602F833FAD9
:10EC3000EFFC8DFF690115027101B3FF4CFDD7FA9E
:10EC4000F0F808F850F8B1F9C7FB14FE01001701FD
:10EC50001D01120041FE20FC32FAF6F8AEF86CF904
:10EC6000F9FAF3FCDAFE3500B7003E00F1FE20FDB4
:10EC700044FBD0F91BF955F965FA0CFCDAFD62FF8B
:10EC8000400044006DFFF1FD34FCA0FA99F961F9F0
:10EC9000FEF94EFBF8FC93FEBBFF2900BFFF9EFE72
:10ECA0000CFD6BFB28FA89F9BFF9B1FA2AFCC9FD02
:10ECB00026FFF0FFEFFF2CFFCFFD36FCC3FAD1F9A2
:10ECC0009EF933FA6FFBFFFC83FE9AFF01009AFF67
:10ECD00083FE00FD6EFB33FA9EF9D2F9C2FA36FCD0
:10ECE000D0FD2AFFF1FFEEFF28FFC8FD2AFCB2FA93
:10ECF000BEF98AF926FA6DFB0BFD9EFEC0FF2700C8
:10ED0000BDFF92FEF8FC4EFBFFF95FF99BF99FFAFD
:10ED100034FCF2FD6CFF4400410061FFDAFD0CFCA5
:10ED200065FA55F91CF9CFF944FB20FDF1FE3E00D0
:10ED3000B7003600D9FEF3FCFAFA6BF9AEF8F6F834
:10ED400033FA1EFC42FE13001C01180100000000F3
:10ED5000FCFE0C00F0FE1800E3FE2600D6FE32009A
:10ED6000CAFE3E00BEFE4A00B2FE5500A8FE60008C
:10ED70009CFE6C0090FE780084FE83007AFE8E007C
:10ED80006FFE970066FEA1005DFEA90054FEB40070
:10ED900049FEBD0041FEC4003BFECB0033FED30064
:10EDA0002BFEDA0025FEE1001EFEE6001AFEEA0058
:10EDB00015FEF00010FEF4000CFEF7000AFEFA004B
:10EDC00007FEFB0006FEFD0005FEFD0005FEFD7FC3
:10EDD00005FEFD0005FEFC0007FEFB0007FEFA0035
:10EDE0000AFEF6000EFEF20012FEEE0016FEEA002B
:10EDF0001AFEE50020FEE00024FEDB002BFED3001F
:10EE000033FECB003BFEC30042FEBD0049FEB50011
:10EE100052FEAA005DFEA10065FE980070FE8C0007
:10EE20007BFE830084FE78008FFE6E009AFE6200F7
:10EE3000A6FE5600B2FE4A00BEFE3D00CCFE3000EB
:10EE4000D8FE2400E4FE1800EFFE0E00FAFE0100DA
:10EE500008FFF4FF14FFE8FF20FFDCFF2CFFD0FFCA
:10EE600038FFC3FF46FFB6FF52FFAAFF5EFF9EFFBB
:10EE70006AFF92FF75FF88FF80FF7DFF89FF74FFA7
:10EE800094FF68FF9FFF5FFFA7FF56FFB2FF4BFF96
:10EE9000BBFF43FFC2FF3DFFC9FF35FFD1FF2DFF81
:10EEA000D9FF25FFE0FF20FFE4FF1BFFEAFF16FF6D
:10EEB000EEFF12FFF2FF0EFFF6FF0AFFFAFF06FF5A
:10EEC000FDFF05FFFDFF04FFFFFF03FFFFFF03FF43
:10EED000FFFF03FFFFFF03FFFEFF05FFFDFF06FF30
:10EEE000FAFF09FFF8FF0CFFF4FF10FFEFFF16FF1A
:10EEF000EAFF1AFFE6FF1FFFDFFF26FFD9FF2DFF06
:10EF0000D1FF35FFC9FF3CFFC3FF43FFBBFF4CFFF1
:10EF1000B0FF57FFA7FF5FFF9EFF69FF95FF72FFDE
:10EF20008AFF7DFF80FF88FF74FF94FF68FFA0FFCA
:10EF30005CFFABFF52FFB6FF46FFC2FF3AFFCEFFBA
:10EF40002EFFDAFF21FFE8FF14FFF4FF08FF0000A7
:10EF50000000040013002C004E007B00B100F10003
:10EF60003A018E01EA015102C1023A03BD0349048C
:10EF7000DF047D052406D5068E0750081A09ED0921
:10EF8000C90AAC0B980C8B0D860E890F9410A51135
:10EF9000BE12DE130515321665179F18DF19251BE3
:10EFA000711CC21D181F7420D4213923A2241026DD
:10EFB0008127F728702AEC2B6B2DED2E7230F9315A
:10EFC00083330E359B362938B9394A3BDB3C6D3EDD
:10EFD000FF3F91412343B4444546D5476349F04A36
:10EFE0007B4C054E8C4F1151935212548E5507573E
:10EFF0007D58EE595C5BC55C2A5E8A5FE6603C62C8
:10F000008D63D9641F665F679968CC69F96A206C63
:10F01000406D596E6A6F7570787173726673527451
:10F0200035751176E476AE7770782979DA79817A58
:10F030001F7BB57B417CC47C3D7DAD7D147E707EA5
:10F04000C47E0D7F4D7F837FB07FD27FEB7FFA7FC1
:10F05000FF7FFA7FEB7FD27FB07F837F4D7F0D7F75
:10F06000C47E707E147EAD7D3D7DC47C417CB57BCD
:10F070001F7B817ADA7929797078AE77E476117618
:10F080003575527466737372787175706A6F596EE4
:10F09000406D206CF96ACC6999685F671F66D96416
:10F0A0008D633C62E6608A5F2A5EC55C5C5BEE59FC
:10F0B0007D5807578E551254935211518C4F054E5F
:10F0C0007B4CF04A6349D5474546B44423439141BC
:10F0D000FF3F6D3EDB3C4A3BB93929389B360E3544
:10F0E0008333F9317230ED2E6B2DEC2B702AF7281B
:10F0F00081271026A2243923D4217420181FC21D71
:10F10000711C251BDF199F18651732160515DE13B4
:10F11000BE12A5119410890F860E8B0D980CAC0BA6
:10F12000C90AED091A0950088E07D50624067D057F
:10F13000DF044904BD033A03C1025102EA018E0112
:10F140003A01F100B1007B004E002C0013000400D6
:10F1500000000000000000000000000000000000AF
:10F16000000000000000000000000000000000009F
:10F17000000000000000000000000000000000008F
:10F18000000000000000000000000000000000007F
:10F19000000000000000000000000000000000006F
:10F1A000000000000000000000000000000000005F
:10F1B000000000000000000000000000000000004F
:10F1C000000000000000000000000000000000003F
:10F1D000000000000000000000000000000000002F
:10F1E000000000000000000000000000000000001F
:10F1F000000000000000000000000000000000000F
:10F2000000000000000000000000000000000000FE
:10F2100000000000000000000000000000000000EE
:10F2200000000000000000000000000000000000DE
:10F2300000000000000000000000000000000000CE
:10F2400000000000000000000000000000000000BE
:10F2500000000000000000000000000000000000AE
:10F26000000000000000000000000000000000009E
:10F27000000000000000000000000000000000008E
:10F28000000000000000000000000000000000007E
:10F29000000000000000000000000000000000006E
:10F2A000000000000000000000000000000000005E
:10F2B000000000000000000000000000000000004E
:10F2C000000000000000000000000000000000003E
:10F2D000000000000000000000000000000000002E
:10F2E000000000000000000000000000000000001E
:10F2F000000000000000000000000000000000000E
:10F3000000000000000000000000000000000000FD
:10F3100000000000000000000000000000000000ED
:10F3200000000000000000000000000000000000DD
:10F3300000000000000000000000000000000000CD
:10F3400000000000000000000000000000000000BD
:10F3500000006AFF63FF68FF70FF7CFF87FF89FF83
:10F3600083FF79FF6BFF63FF63FF6BFF79FF85FF0F
:10F370008EFF88FF7DFF6EFF62FF5EFF64FF75FFFB
:10F3800085FF90FF8FFF84FF72FF60FF59FF5CFFD6
:10F390006DFF83FF94FF98FF8FFF78FF5FFF4FFFA4
:10F3A00051FF61FF7FFF9AFFA7FFA0FF84FF5FFF70
:10F3B00040FF37FF4AFF74FFA7FFC9FFCBFFA4FF41
:10F3C0005FFF13FFE3FEF0FE47FFE3FFAA006A01C1
:10F3D000F701FE7FF7016A01AA00E4FF46FFF0FE95
:10F3E000E3FE13FF5FFFA4FFCCFFC8FFA7FF74FF7E
:10F3F0004AFF37FF40FF60FF83FFA0FFA7FF9BFF8F
:10F400007EFF61FF51FF4FFF5FFF79FF8DFF9AFF86
:10F4100093FF83FF6DFF5DFF58FF60FF72FF84FF66
:10F420008FFF91FF84FF74FF66FF5DFF62FF6EFF39
:10F430007DFF89FF8CFF86FF7AFF6AFF64FF62FF12
:10F440006BFF78FF85FF88FF87FF7CFF71FF66FFFA
:10F4500065FF69FF74FF80FF86FF87FF7EFF75FFF2
:10F460006AFF66FF69FF70FF7DFF83FF86FF80FFF5
:10F4700078FF6EFF67FF69FF6FFF78FF80FF86FFF1
:10F4800081FF7BFF71FF69FF69FF6DFF75FF7EFFE5
:10F4900084FF82FF7DFF74FF6CFF68FF6CFF73FFCA
:10F4A0007CFF81FF83FF7EFF78FF6EFF69FF6BFFAC
:10F4B00070FF79FF80FF83FF80FF79FF71FF6BFF93
:10F4C0006AFF6EFF76FF7EFF83FF81FF7BFF75FF84
:10F4D0006BFF6AFF6DFF72FF7DFF81FF83FF7DFF82
:10F4E00077FF6DFF6BFF6AFF71FF7AFF80FF82FF7E
:10F4F00081FF78FF71FF6AFF6AFF6EFF77FF7EFF73
:10F5000084FF81FF7CFF72FF6CFF69FF6BFF75FF5B
:10F510007CFF83FF84FF7DFF76FF6DFF68FF6AFF3E
:10F5200071FF7AFF82FF85FF80FF79FF6FFF68FF21
:10F5300068FF6DFF78FF81FF86FF83FF7CFF71FF0F
:10F5400068FF67FF6AFF74FF7FFF86FF87FF7FFF0B
:10F5500074FF6AFF00009E025F0AF116CF274A3C43
:10F560008B539D6C7B8614A05EB858CE1EE1E9EFEC
:10F5700020FA56FFFEFFF8FFEDFFDCFFC5FFA9FFF5
:10F5800087FF60FF33FF00FFC8FE8AFE47FEFEFDD7
:10F59000B0FD5CFD02FDA3FC3EFCD4FB65FBF0FA74
:10F5A00076FAF6F971F9E6F857F8C2F727F788F610
:10F5B000E3F539F58AF4D5F31CF35EF29AF1D2F053
:10F5C00004F032EF5AEE7EED9DECB7EBCDEADEE9CA
:10F5D000EAE8F1E7F4E6F2E5ECE4E2E3D3E2BFE1E6
:10F5E000A8E08CDF6CDE48DD1FDCF3DAC2D98ED8F0
:10F5F00056D71AD6DAD496D34FD204D1B5CF63CE2C
:10F600000ECDB5CB59CAF9C896C730C6C7C45BC3BF
:10F61000EDC17BC006BF8EBD14BC97BA18B996B7B2
:10F6200012B68BB402B377B1E9AF59AEC8AC34AB04
:10F630009FA907A86EA6D3A437A399A1F99F599EA5
:10F64000B69C139B6E99C89721967A94D192279174
:10F650007D8FD28D278C7A8ACE8821877385C68349
:10F6600018826A80BD7E0F7D617BB47907785A76F7
:10F67000AD7402735671AC6F026E596CB06A096951
:10F680006367BD6519647662D560355F965DF95B29
:10F690005D5AC3582B57945500546D52DC504E4F51
:10F6A000C14D374CAF4A2A49A7472646A8442C43A8
:10F6B000B3413D40CA3E5A3DEC3B823A1A39B63717
:10F6C0005536F7349C334532F130A12F542E0B2D93
:10F6D000C62B842A46290C28D526A32574244A2320
:10F6E00024220221E41FCA1EB41DA31C961B8E1ADD
:10F6F0008A198B1890179A16A815BB14D313F012F9
:10F70000111237116310930FC80E020E410D850CB4
:10F71000CE0B1C0B6F0AC80926098908F1075F0781
:10F72000D2064A06C7054A05D3046104F4038D03D3
:10F730002B03CF0278022602DB0195015401190147
:10F74000E400B4008A00650046002D0019000B009B
:10F750000200000000000000240348066A098C0C27
:10F76000AB0FC812E115F9180A1C1B1F222228250D
:10F7700026281E2B112EFB30DD33BB368B39563C31
:10F78000163FCD417A441C47B3493E4CBF4E3351DE
:10F790009A53F3554358805AB35CD65EEB60F062DF
:10F7A000E764CF66A4686C6A226CC96D5D6FE17016
:10F7B0005472B37304753F766B77837888797A7A5D
:10F7C0005C7B287CE27C887D1C7E9C7E067F617F42
:10F7D000A67FD67FF37FFF7FF47FD77FA57F607FF3
:10F7E000087F9A7E1D7E887DE27C287C5B7B7B7A0D
:10F7F000887983786B773F760375B4735472E170C0
:10F800005D6FC86D236C6C6AA568CD66E864F062B4
:10F81000EB60D65EB25C825A4158F4559A5333512C
:10F82000BE4E3F4CB3491C477A44CC41173F563C2F
:10F830008C39B936DE33FB30102E1F2B26282825B5
:10F8400022221A1F0C1CF718E215C812AB0F8C0CE1
:10F850006A09480623030100DCFCB8F996F673F345
:10F8600056F039ED1DEA08E7F6E3E5E0DEDDD8DA2B
:10F87000DAD7E1D4F0D105CF22CC47C974C6AAC3E8
:10F88000E9C034BE86BBE4B84DB6C1B342B1CDAE1B
:10F8900066AC0CAABFA77EA54EA32AA1159F109DFA
:10F8A000189B33995B979495DD933892A3901E8FA4
:10F8B000AE8D4B8CFD8AC18995887D87788685853C
:10F8C000A584D8831E837782E5816581F880A08036
:10F8D0005A802A800C8002800C8029805B80A08066
:10F8E000F8806581E58176821F83D883A58485852C
:10F8F00078867C879788BF89FE8A4C8CAC8D1F8F59
:10F90000A3903792DE9394955B9732991A9B0E9D44
:10F91000179F29A14DA37FA5BFA70CAA65ACCEAEAA
:10F9200042B1C1B34DB6E4B886BB33BEEAC0AAC388
:10F9300074C647C922CC05CFEFD1E2D4DAD7D8DAE2
:10F94000DDDDE7E0F5E307E71FEA38ED54F076F395
:10F9500095F6B8F9DCFC000068696B6C6E70737426
:10F96000767A7C7C7E81838487898A8C8F9191933F
:10F9700094959494949392908E8B89857F79746EEC
:10F98000655D58534E4A49494B50565D6874828FA5
:10F990009EADBCCBDAE4ECF5FFFCF8F4F0E8DED386
:10F9A000C8BCB1A6998D847B7269625B55524E4A80
:10F9B00048484948484B4E5053585C5F64686C71E6
:10F9C00075787A7D7E7D7D7C7A787674716F6E6CC9
:10F9D0006B69696867676867687B7A7C7876757534
:10F9E0007675717273716E6D6D6E6E6C6E7274760B
:10F9F0007A7D838788878B8E8D8B8A8A8A8783819D
:10FA00007F7D77726F6B645F5A54524F50525761CB
:10FA10006F7C8CA0B6CBDAE5F1FFF6EEE7DFD0C164
:10FA2000B4ADA69D96959594918F8F8D8A8683808F
:10FA30007D79746E6966615A5656555452555A5DB1
:10FA40005F62696E6F70727473716F6F70707071D6
:10FA500075787A7C7C7E7F807D7B9595949394925B
:10FA60008F8F8E8B8A89888786868584848482811D
:10FA70007F7D7976726D696763605F5D5C5C5B5A00
:10FA800058585654524F4D4B494746484A4B4E568C
:10FA90005D6471818D9BAFC1CBD9ECF2F5FBFFFBAF
:10FAA000F5F4EEE4DBD5CBBFB8B0A59C948C817A9D
:10FAB000736B625C554D46413A383736373A3F45AD
:10FAC0004C555C636C73777A7F8080818281808201
:10FAD0008282838789898D909192958681797778C2
:10FAE00076757B7F7D7F807A74716D696C737B83A3
:10FAF00090999C9C998D7F73695F5D62686E7D892A
:10FB00008C8E939287878B8B8EA0ADAEB9C0AE944E
:10FB100085693C24261B1C45748EB7EFFFFAFEF85E
:10FB2000CCA4957750484E47465A66636E7D8181D6
:10FB300093A1A2AAB6B3A79E9378615345343340EC
:10FB40004A5A768E9CACB9B7AAA2927B6962574E8C
:10FB5000535C6068788083898F8A8686949A9EA297
:10FB6000A3A6A6A6A4A09C978E8880766E67605BED
:10FB70005754535456595C62676E747B8185898EE5
:10FB8000908F8E8E8B86827D78726B665F5B554F11
:10FB90004B4A484649525A65798C9BB1CBDCE6F317
:10FBA000FEFFF8F3EBDCCAB9A89888786A625A5469
:10FBB0004D4C4D4B4B4C4F5154585C6169727980A0
:10FBC0008A949BA0A4A8A8A49E978F867B6F686345
:10FBD0005C595A5C5E646A717980878E9494A3AA9A
:10FBE000ABA9A2999082736C695F514B4B47454D0D
:10FBF00060707E8E9A9C9B94847771695A504C45B4
:10FC00003C3436404B5C748896A2A39A8F87847FDD
:10FC10007978796C50403E322B4C7085ACDDEFEE3C
:10FC2000F7FFF0DCD6D2C2AA978D7F6F696B717A2D
:10FC30008997A4B5C3C9CAC7C5BEAC9479624A271F
:10FC40000E192D3647698B9DA6B1B8BBB9B0A89FD8
:10FC500091806C564A49433D465A67728294B2B0CD
:10FC6000ACA1A09F8F8A897D79726A645F5A5451D2
:10FC7000505146514E464B52504B4F565752596178
:10FC8000595A605F5A595F585558575052554F51FD
:10FC90005458535F666268777E7B8D9F9AA8BEC278
:10FCA000C9D3E0E6E8F1F8F9FDFFFFFBFAF4ECE573
:10FCB000E0D1C1BDB39E948F776A64584B423A3508
:10FCC0002F26272B282B2E383B424F535E696E7709
:10FCD000868B8F9DA4A6A9B6B5AFB7BCB7B1B297B6
:10FCE000999C90898F8A7E7A817F73707476717106
:10FCF0007675767A828280888E898F90868F998CAD
:10FD0000808A917D717D77615A68634943534D3C88
:10FD1000414D4038525B48506B6D667F92878FB083
:10FD2000BBB3BAD3DCD1DAF4EED9E9FFE6D6E8E129
:10FD3000C5C5C9B29C999583706764513F464026FA
:10FD4000263122192E2F212E3F41414E5E64656FD0
:10FD50007E82838E999696A2A6A09FA4A3A4A09724
:10FD6000B7A797827D715350595250657A7F858D20
:10FD70009DA094908F90836D6361543B354B697166
:10FD80007590A6AB9075776B411B2E4427183746AC
:10FD9000444F67767A8688757879675C74826A7072
:10FDA00096988489A8AE999DBCCBC3CCDED7D1CF21
:10FDB000BAA09E98787091A3A2A9BBD2CFC4C2B5B5
:10FDC000A07A655C55614D40618498ABD2EBE4C587
:10FDD0009580703801143E311E3D667686AED0CDDA
:10FDE000B7A89E908178747172757C878C87879391
:10FDF000988F8D97A09B98998E807567544A535E13
:10FE0000656E8293968F867F705C473F3D3A363BA6
:10FE100047545F65666B726C5B5354524A4D54672E
:10FE200092BDC9CDE8FFE5B7A39C846967737D8E59
:10FE3000A2A7A5B2BBAD9BA0AEAEA7A5AAA99C8761
:10FE40007164594E474C5C6D8094A3B5C0BEB1A39C
:10FE50008B6D554833222C414B54728D99A4B6BCFE
:10FE6000B2A8787F87807B7E7D797C8C9EA7A09AC4
:10FE7000A8B8B8AA9F9B928C8C84746F716A5F64D7
:10FE8000778173676F81847E725F4F4F5E614B36FF
:10FE9000332F2223343D35251416355A66574945EC
:10FEA0005EA4F4FFCAB0D9FDF3E8F1E3B39BA099D7
:10FEB0008B96A18863566C8DA7A7958A8D9DB0BC43
:10FEC000B5A097968675839F956C5458656D787C20
:10FED0006C57566771696477867A70829087808DD7
:10FEE0009485788988848EA3A79D9DA6AAA9AAA394
:10FEF0009A999B978D8581807F7A6F6C7171696506
:10FF00006667686665645F5E65614F48535948334C
:10FF100032424531212B3D403332414C505C758695
:10FF20007B7195D3D8A79DD9FFE1BFCDE3D8C2C3DC
:10FF3000CBBA9C94A6AA896C73888773666D7C8102
:10FF40007A78818A8A898D969892929B9F93888EDF
:10FF5000958E7C767B7B7066696F686168716E6A6E
:10FF6000717B8389ADB0A4A3BECBBEBBC5C5C6D0D3
:10FF7000CEBFBABCBFB7AEA2958F958D73666561D3
:10FF80005751433A3233322F211D1B1F231F1416A2
:10FF90001818232D1A12233B3A35323B4B5D6A6FFA
:10FFA0007B7B7895D2CC9CA0E7FFE2D0EDFBEDE81F
:10FFB000FBFEEAD2D4EBF2CBA8B6CBBBA19E9A8CC7
:10FFC000818B8A746266676761554C4F5252554EF9
:10FFD0004446585D534E5C605D67766E6877868AEE
:10FFE000898A8F9CAD797C716E717A7D747E827AFC
:10FFF0008F9080888E918D8987878C80868D657B98
:020000040801F1
:10000000936D6881887C7E90928BA0AB8685A3815E
:10001000758B5E4F64483737251B2218131626420E
:100020003338706D65A5B7A0BDE3E7E5E7FCFFE0F9
:10003000E6E8CBCDBD9499A0716170574A5A504201
:100040004C56575F61615F74815E69947B768F88DF
:100050009093939D94909CA3948C9B9D8E89898969
:10006000857A7E7B6F79ACB2B9C1C1C5D2D2CDD50C
:10007000D8D3D1D1CFC5C2BFB9B0A9A1958F8B7943
:10008000726F60585555433D3E393039301C272A30
:10009000211A2A181829261E26282C35363D47579E
:1000A000615E74908789BBC4ACC0ECE1DBF0FDF508
:1000B000F6FFFCF9F7EAE4EADEC5C4C5B19FA599ED
:1000C0007E7B816A5D6259444B4936343F342E331E
:1000D00030333A37373E45464D56585A6672737933
:1000E000868C8B99A6A6AC7866617290ABAA97A015
:1000F000B9BDC4CAAC8F898F968F776B737E8788A2
:100100007B7479736B737A624442515E66593E3DEB
:10011000576F706456626E5F5D64553C2B263F5589
:100120005248495B6B76A3E1E9AC83B9FFEFA89233
:10013000A7AFA6ACB9A98F91B1C7C1A88C7E93B265
:10014000A2705A6C8088887F6F6E71768996805B0A
:100150004F67867C55425067767F7A6C6F869AA58A
:10016000A28A70738F9E907868727C8994A0AAB0DE
:10017000B5B7B8B5B3ACA49B91897F77706A625D5F
:10018000585251505254585D646E78858E9AA3AC83
:10019000B3B6BAB5B1A59D8F807160514238322D8A
:1001A0002E2B2D2F37475B74899FB1C3D7E9F7FEFC
:1001B000FFFAEFE0D0BEAA947E6854453B3431305C
:1001C00032353B44505A666E767D868E949CA2A64C
:1001D000A9ACAEADAEABA8A29991877F746B615804
:1001E000504A48474A4F575F6868666464676C7254
:1001F000797E889198A1A1A7A5A39E9A938C8579D1
:1002000071675F5D5B5A595D6269747E888D9498F1
:100210009FA2A3A29C9788847A6E645A4F433F3B67
:100220003B3C3A39383F4B607A92A7BCD0E5F6FFA9
:10023000FFF2E8D6C8BCB1A69A908B89898C8C87CE
:1002400082776E645C52463D312F2D363F4D5967A3
:10025000778596A0A8AEACACA7A49B968E87837C2E
:100260007A7475716F6E6C6B69683437414E637F59
:1002700098B4CAE0ECF1EFDDCEB6A38B78695B5899
:1002800050514E4D4E48483E3F3D414C586E829D28
:10029000B2C7D8DEE4D9CDB49F887062524A4244D6
:1002A000494E57524F433E3F45576475849DB9D4DC
:1002B000E9EFF2E9DDD0C2B6A292817875767B785B
:1002C000756F6B645C594F493F39312D36435C760D
:1002D0009ABBD7ECF5FCFFFDE9CCAF8F7862554CAB
:1002E000474642464546433E3931345A5B5F667461
:1002F000829AAAB7C1C0B5A48E7B675B504C4C53A1
:10030000636E797C7E7F7A766E6A696970798A9687
:10031000A1A5A69F958878644C3C33333B47546233
:10032000717D89908A807067677386A2B7C7D2CFC4
:10033000C6C0B7B5B4B5BCC5D4DDE6DED0B59779D7
:100340005A473836383F5364777C7A6C5542394285
:1003500053718EB2CCE2F5FEFFE1B98E64453129CE
:10036000262B35445C6C777875675F5A747F889369
:100370009FAAB4BABFC4C4C2BFB8B3A99F958B7FAC
:10038000766D6760595656545654585E6068676B70
:100390006A6A6867625B574E4A41403B3B3A3D4060
:1003A000464E5865747E86969EB0BAC0CED0D2D6E0
:1003B000DBDDE0E5E7EBE9F0F1FAF8FBF6F5ECE47C
:1003C000DBCBC0AB9A826C59483526180F05010269
:1003D00009111C2937444E5D68767C80837F807DBF
:1003E0007A73716964615D5C5D61646C740A0F238A
:1003F0003D6282A4C1CFD0C1AA957E7270707B8805
:1004000099AFB7B7A9896B4A2C150203142E5B87E5
:10041000B2D2E4F2F0E3CCAF917151423A3B3E42AA
:10042000484B5157637073798C9EC3D4D5D0AE833B
:10043000736D77889FADC6DFF7FFF2D39D6B4527BD
:100440001D1B223A5B88AFCADAD0B79671512E19BC
:10045000101C3E6993B9C3C4B5A28F6A492E1C2AE9
:10046000436C97BAD5DFE3D8B5926134190A80811D
:100470007D7C7A79756E655C544F4F4F56585E633C
:10048000686C72787B828386898E91959BA1A2A5E8
:10049000A6A7A8A5A49E968B7E766D665D57514C47
:1004A0004C4D52525452524F5360728A9CAAB3B16F
:1004B000ACA9ABAAA9A4A3AABBD1E9F9FFF0DAC2FF
:1004C000A8978A847F7D78787679786F624B351D1E
:1004D00012101C2D4455636A6C7070726F716F72CC
:1004E0007C8CA0AEBEC1C0B7AA9B908A848280A833
:1004F000ABA6A5A2A39E9B939089837E7A77726F09
:100500006A6B676B696B6968656665646465686872
:100510006D6D73757A7D8182817D7A78706F696780
:1005200060606061686C787E7F7D80848F96A1A614
:10053000A7ACB5C4D4E2ECF2F9FAFFFFFFF9ECDDA9
:10054000D0C1B3A79B9484796B6358524741342A36
:100550001E17140E0F0E13151A1F2B34424C58621F
:1005600069737D8B8F999AA1A2A6A5A9AAABAAA807
:1005700069757F8A8F93918B827A736C6D6F787EA9
:10058000838E9091887A634F3C3A48648CB5D9E960
:10059000E6CBA57C5B4C52719AC6E5F2E3BA854C7A
:1005A0002001051B426C899E9A84634933313B5676
:1005B000728FA9BAC4C2BDB2ABA7A5AEB5BFC3C244
:1005C000BBB4A492837265575251575E6A72726FC0
:1005D0006557493F3B414F5F778D9EA6A59E8B7D1A
:1005E0006E6A6D79899AA7ABA99C8E796B605E5F04
:1005F00069C2C6CFC9CABDB5A7A8A4A59A9A8B8758
:10060000786D6B64615652494942463F423A4247CF
:1006100058595B504E474C505B6667676767656A21
:10062000666E6064606F7C8D9CA799938D97ACC259
:10063000D3C8BFB2BAC3DBE1E5D5CEBDC6CCD7D2F5
:10064000C5AFA1928B8F8D87716651544A564D4A22
:1006500038342629312F312310070123485D6D5D81
:100660005850647D9EABB4A8A6A8B8CDDADED6CD2E
:10067000BEC28197B6BFC3B5AB9B9B9BA8AFBDB9AC
:10068000B29A83737585969C90765851536B7A8590
:1006900075634B474F657172625147495665716B7F
:1006A000675B5C5A6367777F8E91918076788699D5
:1006B0009F9A888496B9CCCCB59F97B4D4F5F0D5E1
:1006C000AD999EBAD1D3BD9D847A858F998B816B6C
:1006D000615251494E565F5C4724070121527275A1
:1006E0004B2207235790A69A6B4B46699BBFC3AC1E
:1006F0008F7B814842597E9DA79A7B5C4E597194AD
:10070000AAAF9B7B6055617E9CADA58867515168FF
:100710008AA4AA9473564D5C7C9AA89E866A5D65ED
:100720007D9AABAA947762637493B0B8A682593B62
:10073000303A5F88ABB9A5784B3D5B9CE2FFEEAEEB
:100740006C495D99DCFAE0A05A333A699BB7AD84F5
:10075000502C253B63879890744E2E294275A7C272
:10076000B78A593E5081BBDCD4A56D4A4D74A3C2F3
:10077000BD9C6C484C2F305088BDD5BE874E344B45
:100780008EDAFFF5B165343B75BAE8D79F53201A6E
:10079000427DA6AC8B582D1D305C849FA08B6D577D
:1007A000566B91B4C8C2A380696C8BB4D3CDAA6FC9
:1007B0003C1F275484B1BEA1652C193C85D2F1E0C1
:1007C000A15D3B4F8ED4FAE8AF6C42456CA2C2C02B
:1007D0009E6C422E3D5D839B997B522A1C30629811
:1007E000B6AD8350344276AED5D3A9724E5277A8B7
:1007F000C7C5AA794C3B2A262E4A5C6E7687AFAED7
:10080000E5F7FFF1E8D0BC977E72656C5444210F88
:10081000163B718B8B7C69728FA8BEA98579778214
:100820007C685241516D82866D6877A6DFF0CE9A62
:100830006049405470717F8B89795444466DBADDAC
:10084000ECBA77444779C5E3CA8F492529659AB13F
:10085000A7876A595E78889AA6A39B805332254C55
:1008600080AFB68140132371B7EEE3A46B4F70AA3B
:10087000D2DBB78C5C3BB89D54076DFEC13B579BE8
:100880007CB4CB6C1F95ECAD5C65747EBEB8563005
:100890008ABD8D6E726674AA9F4846A7B6725E675F
:1008A0006583B79E403E84989A836A4267B8C66F54
:1008B00053596E76BBB15E4F93AC7B6C7C6A669687
:1008C000906574A680425990A097905B4874A8B335
:1008D00082574883CDAA453A9EB1867D6B508BDF07
:1008E0008D345A9792ADBF4A0B7AFFBC6048347A78
:1008F000FDE32B0189CFB8995D6E78987C5A7CB561
:100900009B3A7DB79650839D90736E8095AD5D71D7
:1009100076927C91758C7475818890727E80758ECC
:10092000867F61A3A35A43A195955F7C89777AA8B6
:100930008E6059AA77758E94345DC2B23A4B96C2D6
:100940006B5266C1976C3987DC8E1F6DE8AB183A25
:10095000EFC63318B3FF5C2566E38D386EBA984A4C
:10096000768F947772849C785B8F8C917785984B87
:1009700065AEBC605273B699763A0116333F2833A0
:10098000577C85A5C2C8B9B0A092827E848F86713B
:1009900078898D828183816F64636A756E737979DA
:1009A0007D8081858F8E77768790978E89929AA7A2
:1009B000AD9B807284877B614B415575766A6D79FA
:1009C000888A89878B89837974888A7D8791908AC0
:1009D0008F978B7E7C9299826A5D6C72726D6A6A67
:1009E0007489838596A0988977686261797A778916
:1009F000A7D0D6B8ABC7D094765F42010220322987
:100A000038618A95A6B5BAADA59C95867A7D8A8807
:100A10007B7E8C92887D787A766D66656B6C6E7362
:100A2000787F8483869092898990908E8B8E939222
:100A30008F94938A81807A756F685E657274707323
:100A40007A82847F7B7B7A7A73737E817B849091B8
:100A50008C8F97998F87898D85776C6D6F72717088
:100A6000707D8B89848A8A7D6E66625D5F79939FD3
:100A7000A4BBE5FFDCB4C0A7715F5E480125567CCE
:100A80005C3D475E5E81AAC2A78D8592959499A32D
:100A9000987D6E77837F747176716964697A7E7EE2
:100AA000787C7F7D7E848F948B909A99948D929799
:100AB000938B86807C7B8082857F75636771797676
:100AC000716D6D6E6D6E787B7D767882857E8C9D86
:100AD000A392817E8385888E958B7F7276808D87A9
:100AE0007765615F595E7986827A899E998298C41A
:100AF000D7AEB5B4928382B1AD6D5E9B76010F46E1
:100B00005D2B0C3076A0ABBCC8B5AB918369616638
:100B100067615D6F93A89F888290988F7B62676FF3
:100B20006F6B6872798388909996A4A9A2988C8A31
:100B30007F7C767C827C80858A8D89816C6C6D6EF1
:100B400069615C687B817B76727D8184898F858514
:100B50008C8F898380807B7E8793918A7C797B7F51
:100B6000725842516B828BA7C0BEAA9FB2B78563F1
:100B7000673C3B89C4AF7E79C3F5C09B95711B1858
:100B80004052341D386D92A4AFC9DAC49A81655DB4
:100B90006A6E624E55697F8C90929EA3957F737C9E
:100BA0008481786E747C8389919A9A9A91847D7CF1
:100BB000807C766C6E75777C808A8F8B8578767C6E
:100BC00085867F76767D7F7C7E82877E71676D7677
:100BD0007D807B76797F8B9195979C9484736B69EC
:100BE00073736561809CA295A4C5D4AD88673A3BB8
:100BF0004B5B464070ABBDB3B4E2FFD4959A7A220A
:100C0000012E4D3A1A224B7798B1C0C1AE9E9A94EC
:100C100084796C555169858F8A7F7C8FA09D8673FE
:100C20006F75797471777B81838A929596948C8B9A
:100C3000878981756A6D7A7F7A75767E8487847DEF
:100C40007D80828280848B8C8378727674706465F8
:100C500069778384828791A09D8F87807D71686486
:100C600067819492838BB2D1C9A39C7B52575A3926
:100C70001E2244576DA5E0EECFB8D7FADD9AB189B0
:100C8000410323484D28192F5572889BA79F99919E
:100C90008B86878C9FA09193948278737B807E72E1
:100CA0006568788A8F8882776A6B7986878A929757
:100CB0009290918A8179706C6B6A6C77888F918B36
:100CC0008A8C898E91887D7B7B76716C6C6C6F725F
:100CD00072727989887E827C727270737F99AEB4E9
:100CE000AB98A1BECBAC867F594F5E716236364F52
:100CF0004D464F6E7C89AEDAE8CEB0CFFFF4B1D06E
:100D0000915E242E4A42241A355A758A9BA39D95DA
:100D10008F867F869093877B8EA6AF9B817A7C8718
:100D200083726364696A6F787C7B7C838B8D8D931F
:100D300090857C75787B756E707A868B8B91969496
:100D40008E8B8E877E746F7479807D7B807B7A7CBE
:100D50007D786D6466665E5F69778998ABBCC7BD58
:100D6000BBC0BEA98D6F3F3D5C5F4E48607470761E
:100D7000827B655960686E87B2D1C9B1C2EEFFD07F
:100D8000E79B662A264648321C2A51748A9EB0B4D4
:100D9000ADA091837977756F6F82979F94888FA8A4
:100DA000B09577635F68696462666A6E75808B92DE
:100DB00097958D827C7F817C757681868487959DD1
:100DC000998F87838483776C747E817E7878727341
:100DD00078746559555D69748AA1AAAAA9B8D2DF49
:100DE000BF9B6E52626A5D353052727D828F9A8FE0
:100DF0008A83735C4E505C637CA7CDCEB3AED7FFC5
:100E0000E7FCA6702A0C373F250B1F4E768CA4B842
:100E1000BCB4A99888787879736B7588938D878C22
:100E2000A2A3907F7B8B8B7860525E65645E606A64
:100E300078859296959193928B8285979F918585DF
:100E400091988F77677079786F707E87847A7162F6
:100E5000595759565A6B8CA8AAA7B5D7EAC99F907B
:100E6000797474593A384E62565A7C9A9E9795997D
:100E70008D8179695141465965769BCFE4CCB7D2D3
:100E8000FFFCFFA6723005384F4323284E768EA311
:100E9000B1B4AAA3998F7F7E7E817E7E888E817079
:100EA00068798A8D7F6D6E777778848876686166D9
:100EB0007B898B8B8B8A8B959B998A7B808A8679A1
:100EC000707A8D958C838788817B7F7E7363524D8A
:100ED00055687F928F8080A1D0D2AA93796F7C7D54
:100EE00074605F6C6B68788B91786B7A8D8A7F7D8C
:100EF0008682808482684D465B6F8096BACDBBA5A2
:100F0000C1F6FFFFB5834B1943594C2626466F881F
:100F1000A1B2B5AAA49C95817774787577838F8CDC
:100F2000837D818377665657636A6E737C86909C57
:100F3000A59E988B899390816E676E777B7D828763
:100F40008C8D8F94998F807A756B5F5C646D7681E0
:100F500095A29E94A0B5B78D71664F546364595A9B
:100F60006B8797A3A79E8B868882695D667A7F7D53
:100F70008495958C837F6F5B4A4C58708DB2C1B558
:100F8000A2BCEBFFFFC087591C37504D332E4C7469
:100F90008A9BABB8B4A4918677706F6F6D717F8CAC
:100FA0008B817E8793917D655E63625E5F677781EB
:100FB000878F9EAEB8BCAC968B7266676865666DAF
:100FC00078848C949B988570696B6D707F96A19DD9
:100FD00093A1B8B59586674F545C5D4E4F66777D9B
:100FE000848A91979E9C8C7A7B868C7D6E768A9083
:100FF000857C838B897B6E5E51494E5A708BAEC562
:10100000C1ADB8E2FFFFD58F601B2349523B2C4690
:101010006F8A97A0A8A4998B827C77787777818E46
:10102000948C7A737D87857765626C716F6C6D7552
:101030007B7979869CACAD9C9197A6A28872616BF6
:1010400078766B5F616D7C807E889DACA4949AB24B
:10105000C3A685755956635E473E4E636B7588958A
:10106000969390919396938575747F8B7F6E6D7D2B
:101070008E8D827F81837C7160524C4F576888B31C
:10108000D6D6BDBBDDFFFFEAA06A2910324B42264F
:101090002B537A909EABB2AB9B8D7F6E666A6C6F62
:1010A0007781847E7D8792968E7D7172757A7C774A
:1010B0007372716C6B7482909497999FA29C918FBC
:1010C0008F7860555164839FA49189A0C8D6B49548
:1010D0007F666266634637495A5F65747C787D8BAC
:1010E000908E8A878A919AA19C8B7B79807E777279
:1010F000757E7B7373767D7E6E594C4951647D9805
:10110000B8DBE6D3C2D7FFF9FFC7854E15213E3FB6
:101110002C2A496E859BADB1A48F8071625A5F65A0
:101120006B76838F949797979A989185776D686A75
:101130006F6E6A656875848E9397998C7E777877E1
:1011400077736C7C9DC3CEB8A9AEC1BA9077593D78
:101150004F645F4E546A6D6B757D7D75736F6B71F7
:10116000808889898D969DA1A29E918179797267E7
:1011700060636D71747D8488887F766B6055566579
:101180007A9FC6DFD4BFCFF9B7B1A5978975695DDE
:10119000554C473E342D26262626231B13080201D4
:1011A000070F1A2024282B303A434E586069748266
:1011B00091A0ADB6BABFC6D1DEECF5FCFCF7F3EEFC
:1011C000EBEBEBEAE8E4DED7CFC7BCB2A4958B84A7
:1011D0007C766F6153443A2F2B2824201A1714145D
:1011E0001A20272D33373C414A515A6268717D8B52
:1011F00099A6B2B9BEC3CCD3DBE2E2E1DAD5D2D351
:10120000D7DDDFDED7CFC5BEB7C9C7C1B5A38F80D5
:10121000736E6B6B635A4C41382F2A2319120903E2
:1012200001050B111417191E232C313638393B4098
:101230004A58656D707171747F8B99A7B1B9BEC33F
:10124000CAD3DAE2E6EBEFF4F7F7F2E8DACABAB5B6
:10125000B2B0AEA6998C7D767273726F65574C47AB
:10126000444A50565A5D62666C747776746F6F7438
:101270007E8890918C8782858F9CACB1B2ACA8AAF5
:10128000B3C1D1DBE0DBD3CBC7C973747576736CA4
:10129000635B545151514F4940352A221D1B1A1B83
:1012A0001A18161413111010100F100F11151B21FE
:1012B000282E353B41454B50575F6871787F878BAF
:1012C0008F939596979698999EA1A6A9A9A8A49F51
:1012D0009D9D9EA0A4A5A7A6A7AAAFB5BCC5CBD22D
:1012E000D8DBE1E4E9EDF2F7FBFDFFFDF6EFE4DB2F
:1012F000D3CEC9C3BDB4ABA19A969394918C857E8D
:1013000079787A7F8587847F787473BEB9B3ADA608
:101310009F9A958E887F766B61574E453C32281D8B
:10132000130C050301010305080B0D101214171C03
:10133000222A323B41474C5259636E7A858D9397EE
:101340009A9DA1A5A8ACAEB2B5B9BBBEBEBCBAB79A
:10135000B5B5B5B6B7B7B4B1ACA9A7A5A5A3A29EBC
:101360009B97938E8A8885848485868787848381EA
:101370008082838587868687898D93989FA4A9AD6F
:10138000B2B8BEC5C9CCCCCAC7C3C0BE928F8B850C
:101390007B71665E56504B46413C352F29231E1A01
:1013A00015110D09050301010103050606050504D4
:1013B0000405080B0E1113141516171B21283036BF
:1013C0003C41454A5057616B77838F9BA5AEB5BAB8
:1013D000BEC2C8CED6DEE6EBEDEDECEBECEFF1F500
:1013E000F6F7F5F1ECE7E5E3E2E3E5E7E8E7E4E06B
:1013F000D9D3CDC8C5C3C1C1C2C1BFBCB8B4B0ACDC
:10140000AAA9AAAAA9A8A5A19C98959392ABA6A2BD
:101410009B948B8075675C534D4A4746443F392FF8
:10142000251B120A050201020506090B0C0B0C0C08
:101430000F13181C1E1E1B181615191F2935404B9B
:10144000535A5F646B7178828B96A0A9B0B6BABA12
:10145000BBBBBBBEC1C6CACDCCC9C7C4C3C4C6C74B
:10146000C8C9C7C6C2BFBDBEBEBFC1C3C7CBCDCF33
:10147000CECBC6C0BAB5B2B0AFB2B2B3B0ADABA806
:10148000A7A7AAAEB2B5B8B9B9B7B5B1AEABBDBC36
:10149000BDBCBCBBB9B3AAA0968E8883817C767094
:1014A000685F564C4134281D1613131313110C0892
:1014B00006060A0E1112110E0D0C111820272E33DC
:1014C00039404851595F626365697078828A9092A9
:1014D00093979EA8B3BEC7CCCECDCED1D7DFE9F1CE
:1014E000F7FBFCFCFDFCFDFDFFFFFEF9F2E8DCCEA6
:1014F000C1B5A99D9184776A6059555556595A5D71
:101500006165696E73777A8089929EAAB3B9BD9A34
:10151000A0A7ADB3B8BBBBB7B3AEACACAEB2B4B2C0
:10152000B1ABA5A19D99958F867D736A615B534C84
:10153000453C36312D2A27211B15100F1115191E78
:10154000212324272A30373E43494F596473818D24
:10155000979EA4AAB1BAC3CCD4DBDEE2E6EBEFF6E9
:10156000FAFDFFFFFDFAF5EDE3D9CEC5BBB2A99FA9
:101570009285796B60584F48423C373635363A3C55
:101580004143474C52575E646970767D858C949ACE
:101590006D6A686866635D574F4944423F3C3A361E
:1015A000323234383E43464644414040424445434B
:1015B000403B373535383A3C3B3834302E2D2C2CD7
:1015C0002C2B2A2828282A2D30343A4049535D678D
:1015D0006F767B81888F99A2ABB3B9BDC2C7CFD6D6
:1015E000DFE7ECEFF0F2F3F6F9FCFFFFFEFCFBF9AE
:1015F000F8F6F3EDE6DED7D1CCC9C7C3BFBBB6B3AF
:10160000B2B3B2B1ADA69D938B8582807F7C777299
:101610006D8576695E53493F352A2018130F0C0BF0
:101620000703020408111B252B2E31343940464C88
:101630005051504F5053585C6162626262646667F9
:10164000686664605D5C5D5F6060616468717B8535
:101650008E969C9FA3A7AAADAFAFADAAA6A29F9A54
:101660009693908E8D8E8F8F8F8F8E8F9194989D65
:10167000A2A6A8ABB0B5BCC3CAD2DAE0E6EDF3F6D9
:10168000F9FBFEFEFFFEF9F2E7DACEC2B9B1A79E82
:101690009285BBB6B4B2ACA1917F6C5E544F48400A
:1016A000372A1D17161B242E363736333230302F8B
:1016B0002D271F171312141A1F24292D353F4D5B98
:1016C0006972797E80838A91989FA5A9ADB2BDC8C1
:1016D000D6E3EEF5F7F6F2EDE8E2D8CDBFAD9B89A3
:1016E000786B625C5855514F4D4C4D4E4E4E4C48A8
:1016F0004646484B4F555A616C798A9FB4C6D4DC34
:10170000E0E5EAF2F9FEFFFAF0E5D9D2CFCECECB92
:10171000C5C0BB85807D786F5F4E3C2F2724252573
:10172000221B1107010107101B222424211F1E2246
:10173000262B2D2D2A262321222425252422212350
:1017400025292B2D2C2A2A2C323B444C50535356FE
:101750005E6A7B8D9DA9B1B6BAC0C7CED5D9DAD89D
:10176000D5D3D1D1D0D0CFCECECFD1D4D4D2CEC874
:10177000C4C2C4C8CBCDCCCAC8CACED6DFE7ECED54
:10178000EDEAEBEDF1F2F2EDE5DCD3CCC6C0B8AD9D
:10179000A1948B858783807D776E6255493F38346D
:1017A000302B27211C1A1A1D2226282724211E1B14
:1017B000191816110C080401010306090C0F111366
:1017C000171A1E212425272A2E343B434B535A60D7
:1017D0006A747F8B96A1A8AFB4BAC0C6CCD1D2D15F
:1017E000CFCDCCCCD0D3D6D8DADBDDDFE2E6E6E66F
:1017F000E2DFD9D5D3D1D1D2D3D4D6D9DDE2E6EA4E
:10180000EBECEBEBE9E8E4DFD6CCC3BAB3AEABA7C5
:10181000A29B948D879A96928C82726151463F3B2F
:1018200038342E251B130E0D0F1112100B0602015A
:1018300002060B1012131519202A37444F575A5B12
:101840005D60656F79818687868484878B919596A4
:1018500093918E8E91969B9E9E9B98959596999B23
:101860009A98938F8D8E9093949493929293979A43
:101870009C9C9C9B999A9CA1A8AFB7C0C8CFD4D977
:10188000DCDFE4E9F0F5F8F6F2EAE2DCD9D8D6D309
:10189000CDC2B5A99F9A6B6764625E59524C4744AA
:1018A0004242413F3B36302C2A292928251F1A1352
:1018B0000F0D0C0D0D0D0B0A0A0C11161B1F212408
:1018C000262A2F343A3E40414143454A4F53565809
:1018D0005A5C626971777D818183858B919AA2A818
:1018E000ACAFB3B6BDC3CAD0D4D7D8DCE0E6ECF118
:1018F000F4F4F3F2F1F2F5F8FAFCFDFEFEFEFFFE61
:10190000FCF9F4EFE9E4E0DBD5CEC4B9AFA69E98CC
:10191000938E878078706B504E4B47403830282329
:10192000212223252627252426292F363D44474AD0
:101930004C4E51585E676D7172727072757B808605
:10194000898A888683807C7770686159524D4641C8
:101950003C3836383D43494D4F4E4E4F545C656FD1
:10196000777C7F82868C929BA2A9AFB4BBC3CCD775
:10197000DEE5E7E8E8E9EBEDEFF1F4F5F7FAFCFF77
:10198000FFFFFDFAF6F1EBE3D8CCBEB1A399908846
:1019900081786E655C565150C8C2B4C1ABA5998BB5
:1019A000817660574C3B4024221C01110B01110B26
:1019B0001627253445485D5C6E7F74869CA8CECD85
:1019C000ECF2E9EFF8F4F6F0E7DAB8AFA58F8B693F
:1019D00070614140393942263034272B3645506AF0
:1019E000779085949F8D9E9AA39B88957D74867A27
:1019F0008A87807E72696F686567535C5856746B1E
:101A00008C9295ADB6B3C6CACAC6B2B2A594A89F09
:101A1000ABABA5B5ACAFC7AFC8EFEDE3EED7C6C271
:101A2000AFA28F8876675A544636241B0B07010AEB
:101A3000171A2E323A53424F4E53565A67787A97B6
:101A40009AA7B9C0C5DAD8DED3D4C5BDBDBCB7B27C
:101A5000A7AD9A96958E83776757574D40484F5854
:101A60005B5A69676A7174807C82766D7367657989
:101A70006D808185807B746D5C5B584A514C4D5BF9
:101A800055626D74879490A3ABA09F9A95908A9BA2
:101A90009BACB5BCC9D1D0E4DBEFFAFCFCFFF0E4B1
:101AA000D4C9BEA89C94887C6C64513829180E0453
:101AB0000C1A1B2632364343434A4D50575C6E7313
:101AC0007A8C99ABB6BED5D1CDCEC5C2BCBDC5C191
:101AD000BFBEB6B4AAA1A18F8473575A4E474F50C8
:101AE000575F595A595C6068777E7A736F69656D84
:101AF00079787E837F8275706C56534C424F494B88
:101B000053555A5A60767D86939D9E8F8C8A787E37
:101B1000878FA0A0B2BCBFD2DCE5FAEEF8FAFFF2E4
:101B2000E9D8CCBFABA8A19592877B6955432A1E03
:101B300019171E252C2D3B4543495454535B6265B0
:101B40006C787E889DABB0BFC8BFBAC0BEAFB8C20C
:101B5000C0C0CDCFC3BEBBAF9D9281685A52454A2B
:101B6000504F5254584C525B596872706A656761A5
:101B70006477787A8783847A7C755A5654454B4DBE
:101B80005250545B585B6D77808F9C9D948A857210
:101B9000747B7D8F949CA7ADBFCCD7EEE8FCFFFF94
:101BA000F2E5D2C5B1ADA6A19B998D8174624B3C83
:101BB0002E261D2023252834373D4653555F686D5A
:101BC0006E767A7F8A9DA7AFBDC8BCB8B5B0A6AF08
:101BD000B9C6CFE1E2D5CCC2AD9E918067594A42E9
:101BE000444D4E595A5850524F525A68656260617E
:101BF0005C667280899394928682716157584F54C3
:101C0000575A595D5C5D6371788590A09A93877E81
:101C10006B6C6B737B81838D94A7BDD6E8DDFBFF76
:101C2000F2E0C6AD9E92999D9B98948E80796F62EA
:101C30005445382F2B313943484B4C4E535E697114
:101C400074797C7675818FA1B1CBD7C9BAAB9887EF
:101C50008FA6BFD9E6ECD9C4B6A8A1937B654B3F4C
:101C6000424A525A69655A5250484B5463635C5415
:101C7000515164778D9CA59E9A8C8074665E605BE2
:101C8000606467696F68676B737B8B96A2A09887A7
:101C90007B6865666C777D76787A89A4C2DDD1F73A
:101CA000FFE4C59E7763697E898D87837C6D717340
:101CB0006D60554C44494D5B5F58514E484F626DC5
:101CC00076838588736E7B899BB2DAEBD5BB9F8662
:101CD000677095BEDDE1E3CAAC9F9DA79A826E5105
:101CE000454C5D798B8C7A64473F41535E655F4913
:101CF00035242E56708C9EA39385807B7567676E06
:101D00006B737E8E8683847A777A8B9EA7B4BBB200
:101D1000907C6D6769718D927C6E5F6777A0D1DE74
:101D2000FFF9D8B88D64596B808A89898476687583
:101D3000756D5F5A4C444B5466655C524A4452641C
:101D40006E808E8E866F6D7D8CA3C5EDF5D7B999AB
:101D50007D6379A3D1E7ECE9C7ACA1A9AA93786028
:101D6000463C465E7B857D6852312E3C4C535B522F
:101D70003A2219335E7795A6A49289857F746D6D9A
:101D8000757883949F93908C7D7D8198A7AFBCBF1D
:101D9000A983736763657793886D574E5972A6DE82
:101DA000F2FFECC79B6E545767797F8381786D6B28
:101DB0006F6A60584D4748535E6860564A474B5EAD
:101DC0006D838F978B81747A88A0C2E8FEF5D3AFBC
:101DD0008A716E90BEE5F8F6E2C3AFABAA9E83654A
:101DE000493A3B536A807C6F5337212B38464C4C21
:101DF000381E0B1B3A66849EA39B8D867D76706B86
:101E00006D788297A1A6A1988B818596A8B9C5CC3B
:101E1000BB9C7C6D6466788C8C765646455F8EC91B
:101E2000F2F5F3D6A177584C505D6D74776E676903
:101E300063615D54484542485D6062564D484D5768
:101E40006A85959A9686837B8BA3CCEFFEFFECBDCB
:101E5000997B808EB7DEFBFCECD7C4B9AB99886365
:101E60004B3B3E4F6572746951342A212930393217
:101E70002815060F284A768B9C9C96877D716B6986
:101E80006B75889AA9ACB2A2978E8E9FAFC9DADB28
:101E9000C9AC91756D6F818E83765A43405788BC6B
:101EA000E6F5EEE7C18D604C424A566B737E726D6B
:101EB000675B504D433F424A53655A534644495C21
:101EC0006B859DA19788787D809DBBE6FDFAEBD15F
:101ED000A588768699C3E4FFFBEDDCCEC2A47F6AB9
:101EE000483D364A6277796D583B262F2D36383B70
:101EF00026170A05203E5D86939D99958278676432
:101F000065718198ADB8B2B398919299AEC5DBE690
:101F1000D3B6968573797E9292765C46384A6BA9E1
:101F2000D2F1EEF3F2C7905E343239577A93A59C22
:101F300083614936343D425A6470745347353A528E
:101F40006686A1ACA2917363676E93ABD7F2ECE5A2
:101F5000C09D856B65739ECFF9FFFCEED0BC8B678F
:101F6000534250506577807B614D3A41454D5854FE
:101F70005B4B34261526426B92A9B1AB997860462B
:101F800046596A98ABC1BFA0876C6E849DB8CFDB01
:101F9000CAB792838280918E96987D66403342695B
:101FA00099C8ECF3FCFADB9D613B31395D7E9AAD5B
:101FB000A48B6341322E394154656A7059403633DF
:101FC000435E7D9BACA692725F5A6481A2D2F4FB01
:101FD000EECEA8887362688FBFEDFFFFF3DBC69675
:101FE0006D52434E52677C837F6549323646536259
:101FF000605F54392618203F6C95AEBAB098795D71
:102000004545566D91A9BFBBA18569677896B3CA4E
:10201000DACFB18D7C798594959A99856D44323A61
:102020005F92C3EEFCEFE0F1CCAF9AB0A1A8A5920D
:102030008E8F8F8E7E806F786C575C799D8B8E89AA
:102040008398ACB3AFA286909D959FAACFD4D6CEED
:10205000BCB5C6AFB7A39798A9CBE0B7A7A29EBE61
:10206000AA777B6E4D4E54627A83805D3C483F3345
:102070002C010F251D28142535445D52222D454382
:102080004A391E2D29373D5B6A687565415E71834B
:1020900092B093857F867D8C88716C856A898E8AE3
:1020A00090B2C1DEF3EFE2C8C7D0D4AB9986918A73
:1020B0007772616E856F63583E4A5356585D6B89DF
:1020C0007A5D4B628D8B7B53625859585D8495962F
:1020D000968A74877A86776F7176949B6B60788D19
:1020E000AC8E6F787B746A72809DAFAF9787878B59
:1020F00076665A56636E6A4B517AAEBDA37C75A262
:102100009C8470757E80553F5E7686714E384D6C2E
:102110008273757887979C917C8E9D9F797193B916
:10212000AB9897C0FEFFE2E0E8EEE3CBAE8A9EB14B
:1021300095748168534A2E5255433C353842484580
:102140004F4B675B5863636B45674F2F5366706AED
:102150004B457161584659584E5F344F6F444F5A42
:102160005B795C426972714C689395A39790C0B09B
:10217000A9C3A2A8C2B3B3BC968FAACFD9C1C8C8FD
:10218000F4D4AEABB497976D6590695C55383C3E1E
:1021900037506F71616D7B7E8575819FBFA7A8B930
:1021A000BCB4B7B5D1FFF6E0EDECF0D2CDAC9C837A
:1021B00093A19B9271493F30444E483E322A3D36AE
:1021C00024314D6E72605F6F89644E323874815C69
:1021D0004029363D304821252D3237132034254CF7
:1021E0004B54593F3D494A5E47626F8189ABAAC74C
:1021F000D6CCEAF7EFF8FEEDFED9C4C9D4F1F8F475
:10220000F2DEDFE2C6D9A4998C91AB7E615632230F
:10221000321E2F415B454956737A727386B1B6C739
:10222000C9AFA9C3C3C6ECFFEDBEC6BA9DA48E7AE2
:102230007186948E967C5349355B7957484743594C
:102240004B4750617F937576788B69524F528077F8
:102250004D3E29395031232C394B3326162A43461B
:1022600049494D604526384A5E4E546B7B83959BA9
:10227000CFDCD5E1D3E4FFF4E0D9D6CDD9E5F3E660
:10228000E5D6DBCFBDC8CAA2A798A0BA96776247A9
:10229000545743394654576B807C89746E98B6B254
:1022A000AB9A9898969AA6C5C8BEA6ABB3A29B90C7
:1022B0008B86898C7C85897E735D645F584C545015
:1022C000605050546A778A7D878B96786F6D6D80E9
:1022D00069504D424D3C2D282B233028271932318F
:1022E0003732304354402D2E374B3C3A49646C71A1
:1022F00085AEBCC7D1E1E2F4FFF7F7EEEFFCFCFDE1
:10230000F6FEFCEFE1D8D0D9D5C3ADB5BAB5988704
:102310006F6B5A503F424B4C48545F6E72707980DD
:10232000848590908B8A90909BA3A69C97A09D9E5D
:102330008D807D9398929DA1927F7577636A6B6B78
:1023400063776F6B6C7E8AA9A5ACA5A998979078E6
:102350007E85857266644D4A40412C404040393448
:102360002B3C4336373D382330252725323E586BEA
:102370006689A7ADB8C6CDDFEFF1E5E7EAEAFFF77A
:10238000F3E6F2E4D7CBCFCECACEB49EAFB59D8AEA
:102390007C58524E3F312E283A484450625851637F
:1023A00073747187888173787F88939C9797939BC8
:1023B000918B888594A797A4A49D9D9B9C9197A899
:1023C0009D8F937C7D8499A29D9B95899088817B2C
:1023D0007577726A5B444B2F2E382C132516121515
:1023E0001D1B2332293B4338404E43586169667AAE
:1023F00097A6C7D0C9CCDCE2F2F2FDFFF7F8FBF7F5
:10240000F5EDDBE1D3BBA2A39D9B9986728C927DF7
:102410006D60423F453F363B33323C474E53565644
:102420005E6C6F6E7D7F7B7D81889C9F97B4BCC402
:10243000CCCAD6CAD0D3D5D7C3AEB5BAB6A79486C0
:102440008A877682666A7E826E706158534E4E43EA
:10245000261F2A1B161915140A11181E011C151AFD
:10246000385F5555526277847A76767A9B9094934A
:10247000B2CFE8F5E6E8E9FCFFECD0E2F1F2E2D415
:10248000CDD8D3C1C3B09586908E96886E6774748C
:10249000634F3833362B2A262E3534354451546F4A
:1024A0007157565E747F857D8A95A8B7C1B4DADF0F
:1024B000D3C6C1D0C7C3BFB19B977F8E88757A6DD5
:1024C0006057493132222825391822141001293148
:1024D000292629274738464B55597E7C7D657F6FD5
:1024E0008593A8A09593A29CA1A6A19C9E958A9C49
:1024F00097909F8C92A0A79AA3AD9794A7A5ACB1F3
:10250000A4A4A4A89FB5A5927E7B7E938C806272C2
:1025100081867567575D566B62625154546D5C637A
:10252000788676948893A0B8ACB5BFD9E4E9DACCC4
:10253000D3CEC8B2AFA999938778756E69605056AB
:102540003B3323110F200402010A041D201A103608
:1025500051584C59647386A3A59794B7C8C1A5B6C2
:10256000B5B7C7CFB8A2B1C2B9BAA89198958675C8
:102570006C63676F6B636A6E6F787C74767C7B7656
:102580008D8F83878B738D947864737C818A7C6351
:10259000708385816E627B747461685B556C85762F
:1025A00086949BA2BCC8BDC0D4CBDFE7E0E4D8CC06
:1025B000B5B2ADA7998980746D615649443E3626FF
:1025C0002618130E0B0108040709141E2B2F3B417C
:1025D00059626368747D95A3A5A6AEB2BDBCB9B2BD
:1025E000B1AEAFB1ACA79E999C978D8075726F67A5
:1025F0005A595A5B5D5B5B656F70707573787A8250
:10260000848C9093929590929693898E94979A94B5
:10261000888D9698928C888E8D8D8383868F9AA5CF
:10262000AAAAB5BEC4CACECAD2D4D0CACECBC6BB63
:10263000B5A59C908E8476665A4E473F392D24214D
:1026400012140D0A090801060A0F1627313B4A59D0
:102650005E6E757E82919FAAB5B8BBC4C2C4C3C565
:10266000BEB7B5AFA9A7A1979390807E76675E5855
:10267000504F58574F4D4D57656D686F6D6F747B58
:1026800081818B8C8888908E8C8F90888F9A989679
:1026900091898F989999928B9094978D999DA2AAE0
:1026A000B7BBC0C6CFCFD5DCDCD7D8D1C7C8C2B97D
:1026B000ADA5A69E92897E72665A4F433831281E78
:1026C000180B0907040303010307090D131A273523
:1026D0003F4954616A7585929CA7ABB6BAB8BEC033
:1026E000C3C2BEB8B5B6B1ABA298908C81786D610B
:1026F0005A56514E4E4B494C53575F6467696D7340
:102700007B82868C8E8F919A9C9A9C9E9A9A9F9C93
:102710009D9A96989FA1A39E999DA3A5A3A9A8A9B8
:10272000B2BABCC3CBD0D6DADBDBDEDBD7D2CAC2CF
:10273000BFB2A6B2ABA2998D80766A62574C463D75
:10274000332B211C17110B06010103070A0E15215B
:102750002C374149535E67737E8A9499A3ABAEB61A
:10276000B9BBBCB9B8B7B7B5B1AFA9A29D978D85B4
:10277000796E69645F5A56535458595C6164656850
:10278000696E777B7F82868A909695939595989EC1
:102790009D9C9B9B9DA1A3A3A09F9FA1A19E9FA049
:1027A000A3AAB0B4B8BBBEC2C8CBCBCDCCC9C8C835
:1027B000C3C1B9B2C1BEB8AA9B918D7F77695C5382
:1027C00050453A2B24201F170A0201010705040770
:1027D000141B242C2E35434D59626C797F8E989AA8
:1027E000A1A9AFB4B4B3B4BCBDB5B5B2ACAAA19401
:1027F0008983756C665B53524E4E555251565D5EE1
:10280000636A6E79858B919EA1A8B2B6B5B9B6B34D
:10281000BBBAB6B2AFAAAEABA29C99979695908E72
:102820008F8F969E9EA0A6A8ADB3BAB9BBBDC2C7F6
:10283000CBC7C7C2C1C9C2B6A79889807873716E69
:102840006B66615D585554514B40312112070102AE
:102850000915212D3840474E545B636A6F72767AB2
:102860007D8188929CA5AFB5BABEC1C4C9CAC9C58D
:10287000BEB6B0A9A39E9896918F8C888179706B13
:1028800066646363615F5C5A5B5D6065696C6D6F14
:1028900071747475737475797D8185888A8B8D9058
:1028A000969BA3AAAFB1B1AFACA9A6A7ACB3BEC764
:1028B000CFD4D3D3CEC9C8C3BCB4AAA29C96918BA3
:1028C0008276685A4E4642403E392F22170A03014B
:1028D000030C151B222627292B2D2E303336393E8B
:1028E00044494D545E67707C87939DA6AFB6B9BAD4
:1028F000BBBDC0C3C6C8C8C5C3C0BDBAB5ABA09632
:102900008F8A89888886837F7B7A7A7D8082817EA0
:1029100079726D6762606064686E73787D808388A9
:102920008E959CA5AEB2B5B8BEC4C9CCCFCFCDCC28
:10293000CDD0D2D1D0CCC8D9E6E6D4B794736162F9
:1029400072858E8F8168574F525B6670716D665FBE
:102950005653586159472F12010210243845494AED
:102960004A505257616D7B8597AABAC3CBD1CFC568
:10297000BAB5B9C2CFD7D8D6CDCBC8C6BFB093767B
:102980005A473731374144474F5560738DA4B0AC37
:10299000A28D79645448414B5D6D768083888B8C21
:1029A000887E6D5F5E68737D8FA2AEAFAAA69D958F
:1029B0009CAAB8C1C0C8CED9A3A09B938A7F7369D3
:1029C000635E5B5955514C47423D39342F2B2928C2
:1029D000282724201A130D08040201010204080DFF
:1029E0001216191A1B1C2129313A42495059636D9C
:1029F000757A80848891989FA5AAAFB3B7BABCBAFC
:102A0000B9B7B7B9BCC1C4C5C4C2C0C0C3C6C9CCBC
:102A1000CFD1D3D4D4D2CEC9C4BFBBB9B7B6B7B661
:102A2000B5B3B0ADAAA7A4A2A3A9B2BDC5C9C9C672
:102A3000C2C0BEBAB6B0ABA7A3DBD2C7BAA9968153
:102A4000706259555453504A423B35302E2F34381A
:102A50003B3B38312A21170F0803010104090F17E6
:102A60001E2326292A292A2E32383E4245474C5811
:102A70006A7F93A6B3BABEC1C2C5C7CDD1D7DBDCCE
:102A8000D7D0C8C4BFB9B5B0A9A29E9B9B9FA4AA2A
:102A9000B1B7BBBDBCBAB7B2ACA49788786C625E64
:102AA0005C5E5F5F5E5D6066717F94AFC8DCEBF675
:102AB000FBF9FBFAF8F5F0EBE4DB9F9C98938B8134
:102AC000756A605A565554524F4A433D37312D2B43
:102AD000292725211D18130D090503010104080EDE
:102AE000151C22262A2B2A29292A2C2E303234384A
:102AF000425265798B979D9E9D9D9FA4ACB3BABEB3
:102B0000C0BFBFBFC1C3C4C4C1BEB9B6B4B5B8BDF0
:102B1000C3CBD2D7DBDBDAD7D4D3D3D2D0CCC5BCAE
:102B2000B2AAA4A09D9D9DA1A6ADB4BCC3C8CACAAB
:102B3000C9C5C0BDB9B6B2ACA7A39F99958F89820C
:102B40007A70655B524B46413D38322C27231F1A61
:102B500017120F0C09060403020101020205060800
:102B6000090A0A0A0B0E1215181B1D1F21252B32EC
:102B70003A4452616E7A858D93979BA0A5AAAFB512
:102B8000BABEC2C5C8CBCDCECECDCBCACACACBCEBB
:102B9000D1D5DADEE2E4E4E2E0DDDAD8D7D5D3D28B
:102BA000CFCCCAC9C9CACBCCCDCECFD0D3D4D4D147
:102BB000CECAC5BFBAB5B0ACA7A39E99ADA8A39F16
:102BC0009A9286786A5D544E4A453F3730292520CF
:102BD0001D1A1613100E0B0805030101010205084A
:102BE0000C0F1316191D232A30363B40464D555EF7
:102BF000656C737C87919CA5AAABAAA7A7A7AAAE70
:102C0000B3B8BBBCBDBDBEBDBCB9B4AFA9A4A1A087
:102C1000A2A5A9ADB1B2B2B0ADAAA6A4A2A09FA030
:102C2000A2A4ABB4BFC9D2D7D7D5D2CFCED1D3D53A
:102C3000D4D1CCC7C2BFBCBAB9B8B5B2ADA89F9702
:102C4000928F8982776A5C50453A3128201A151391
:102C50000F0D0D0C0C0B0A08050301010204090EEF
:102C600013191F23262B323C474F575C61666B7349
:102C70007C83898F959A9EA2A6A8A8A7A4A1A0A0AC
:102C8000A1A4A6A8A8A7A6A5A4A4A3A19D9996922D
:102C90008F8E8E9195999A9A989795959AA2A8ADAC
:102CA000B2B5B6B8BEC6CFD5DADADAD9D9D9DCDF53
:102CB000E0E0DEDAD6D2D0CCC9C5C1BAB2A8988CD1
:102CC0008278716A61564B40352A2018100C0C111D
:102CD000161A1C1D1A1714100D0A08060402010208
:102CE000060A0C0D0D0B0A0C131C26323C454C51E8
:102CF0005356585A5D626970767D8184868B939EA7
:102D0000ABB7C0C5C7C8C9CCCFD2D4D6D4CEC6BF46
:102D1000B6B0ACAAAAA9A9A8A7A6A3A09E9EA3A93B
:102D2000B3BDC6CED6DEE5EDF5FAFDFDFBFAF8F84B
:102D3000F7F5F2EDE6E0D9D2CCC6BFB8AFA59890D2
:102D400087807872695F55483F37302A251F1A15EA
:102D50001312111112100D080402010304060708D2
:102D60000A0E121820272D3339404750575D6163F2
:102D70006463646566676A707981888B8C8B898DE2
:102D8000939AA1A7ABAFB2B6B8B8B7B3AEA9A39E9A
:102D90009B98969594959596989EA5ACB3B7BBBF16
:102DA000C2C8D1D9E0E7EDF2F5FAFDFDFBF9F5F186
:102DB000EEECE9E6E4DFD9D2C9C1B9B1A9A19A9094
:102DC0007F78736E6A6660595149423C36312921D9
:102DD0001A141111111212120F0A0703020203042E
:102DE000070C131A24313C464F575D6165686A6CC5
:102DF0006E6F6F706F6D6B6A6B6F737574727171DC
:102E0000757E868C90949AA2AAB1B6BAB8B3AEA9D0
:102E1000A39F9B979492929294969AA1ACB7C1CAA1
:102E2000D1D5D8DDE2E8EEF4F8FAFEFFFFFDFBF8BD
:102E3000F4EEE8E0D9D4CECAC4BCB2A99F968D8680
:102E40007F8D847B746F69625C544D4640393026B7
:102E50001B120C0A0D101313120E0A0705050503A9
:102E6000020103070E1720262C33383E464F5961C6
:102E70006A717677797B7E81858B90949695949410
:102E80009497999B9A9998999BA0A2A2A29F9B978D
:102E90009391919394969697959594979CA2A9B1A6
:102EA000B7BCC0C6D0D9E2E9EFF0F0F1F2F4F5F723
:102EB000F8F6F3F0EBE6E0D9D4CEC6BFB9B1A9A0DD
:102EC000978D94867769615B5955514B433C352EFC
:102ED00026201A191A1E2123211F1C18151311123E
:102EE0001415181C21252C3744515F6C7780878E70
:102EF00096A0A9B1B5B9BAB9B7B7BABDC1C3C4C272
:102F0000BEB5A99D92877E7A797978736C635A529F
:102F10004D494A4F545C616566635F5C5C616B78E8
:102F200085919AA2A9B2BDC9D5DFE7EEF4F9FDFEFD
:102F3000FFFFFDFBF8F1E9E1D8D1CBC5C0BBB6AFCF
:102F4000A79E949C9690877B6F615349423E3F4079
:102F50003F3C38312B2725242422212121242627D8
:102F60002725211D1A191A1F2935424F5A62696EE9
:102F700076818F9FACB6BFC3C5CAD0D9E0E5E7E67E
:102F8000E1DCD5CDC7C1BAB1ABA49C948A81766788
:102F900058493C312C2A2D2F302E28231E1D212C40
:102FA0003D5266788894A1AFBFD0DFEBF3F8F8F814
:102FB000F9FAFDFFFEFCF6EEE5DCD5D1CBC6C0B8D4
:102FC000B0A9A29C87807B756E665D544E494644CD
:102FD000413D3733302F3135383A3C3C3B3A383479
:102FE0002F2820191412100F0E0D0D0B0B0B0D0FA7
:102FF0001319222B343D44494E556170808E9AA29C
:10300000A8B0BBC6D1D9DDDBD6D2CECBC9C8C8C625
:10301000C2BAB0A69D97949594908A8178726F7287
:1030200079828C959B9FA3ACB6C3D1DCE4E7E7E73C
:10303000EAEFF5FBFFFEF8EEE4D9D0C8C2BCB7B0AA
:10304000A89F968E876B5F54483D342B221B150F2B
:103050000C090706070A0E12171D22282B2F3335DD
:103060003737373633312D29241F1A15120F0B0A23
:103070000A0A0B0D1013171B21262B3139444D580A
:10308000636E7B86939DA7B2BAC3CBD3DADFE4E845
:10309000EAEBEBE9E8E5E1DEDBD6D1CCC7C2BFBDA8
:1030A000BCBFC1C5CACFD5D9E0E5EAEFF3F7FAFD59
:1030B000FEFFFFFEFEFBF9F5EFE8E0D8CFC6BCB19E
:1030C000A69B9083786B766859493B302820180F6F
:1030D0000703010104070B0F13181F242B2E32378F
:1030E0003B3F3E3E3D3E3D3D3A362D251F1D1D1EBC
:1030F0001F211D1916181D23292E2F2F2F3239405D
:10310000484F5A6876858F9BA5AEB9C2CFD7DDE40C
:10311000E9EEF2F4F2F1EAE3E0DFDFDBD4CDC3BDA8
:10312000BBBDC2C6CBCED1D3D5D8D9DADDE1E8EB71
:10313000EEEFF0F0F0F2F3F2EEE7E0D8D2CDC7BD5B
:10314000B3A59A938B837684715B45342B27231E1A
:10315000120701020710171D1D1D1F252D36383AB5
:103160003E41423F3C3A3B3C3E3E372A1C12111442
:103170001C24282319111017232F3739342E2D31F1
:1031800036393E4A5B6E808C979FA4AFBCCCD8DEAC
:10319000E6EBF1F6F9F9F6EADFD8D8DCDBD5C9BA07
:1031A000B1B2BAC5CED4D7DADBDBDBD8D4D4D7DE24
:1031B000E2E7ECF0F4F6F7F8F6EFE6DDD4D0CDC7B1
:1031C000BDAF9F9694949184927A5E432E282C2FC3
:1031D0002F22140F1321323E434039353A424C4FCF
:1031E0004D4E4D4B453D393A3B403F38281606067B
:1031F0000C1A28302A1B0C0A132439484B443A3441
:10320000323333343F536A7D89929697A0AFC4D24C
:10321000DAE1E4E7EDF2F2EFDDCBC0BDC6C9C4B739
:10322000A69BA1AFC0CFD7D8DBDADBD9D1C7C4C842
:10323000D1D5DCE7F4FBFFFFFEF7ECE2D7CEC8C543
:10324000C1B5A3928B949DA0929A7F6045312E3692
:1032500040443A2D2931455C6C71695D5658616B6B
:103260006D6966635D554A444445494941311C0BCB
:103270000A1122343C35210F0B152943575C564B5C
:10328000423D3936343D51687C878D8D8A91A1B697
:10329000C5CCD1D2D3D8DDDED9C5AF9F9BA5ACA913
:1032A0009D8C818B9EB2C4CCCCCECECFCBC2B7B2DC
:1032B000B5BDC3CEDEEFFBFFFDF9EFE1D6CAC0BB63
:1032C000B9B3A593827F8C9EA59A9D8161473433C3
:1032D000404F574F44414C658093978D7E73737C6C
:1032E0008687807A746C62544C4B4B4F4D46341E2B
:1032F0000B0A1124374038230E09142A475F6763ED
:10330000594D47413B3840546C7E888D8A8489985A
:10331000AEBDC3C6C5C4C7CBCCC7AF98867F8A92A3
:103320009186776D7990A6B9C2C1C3C3C4C1B8AA4A
:10333000A5A9B2B8C5D9EEFBFFFAF5E8D7CCC0B65F
:10334000B0ADA698847574859BA69D9075563D2B4F
:103350002D3F54615C5354647E9BAFB2A79485812A
:10336000889191877E756A5F4F4643424441392771
:103370001201010A1F3440392513121F3756707885
:10338000756B5C52483D353C5167798184807B8206
:1033900093A9BBC6CCCBC9CED4D4CCAF947E737F1B
:1033A0008889807268758EA3B4BBB9BBBABDBDB83D
:1033B000ABA3A2ABB1BFD4E9F9FCF5EEE2D5CDC227
:1033C000B7B0ACA4937C6A67768D98907559402FFE
:1033D0001F223754666460687E99B2C4C4B8A39053
:1033E000888C918E80736B615849413E3A3D3A33E7
:1033F000231001020B1E3543403123273652718BB7
:10340000939084726457483B3D4F616F737572703F
:103410007C8EA2BACEDCDEDAE4EBE7DBB99D837406
:103420007D848682766E7A8FA1ABB1AEAEABB0B73B
:10343000B5A89C989EA1ABC0D4E4E8E1DDD4CDCB87
:10344000C3B9B1AEA79276615962727D75543D30B1
:10345000281D1F304E64696D7C93ABBBC3C1B5A3FF
:103460008E8080837D6B5E564F493F3D3F3D3F3AA6
:10347000342C2118181D2D3F4C4B45404758718C5A
:10348000A1A8A79E8B7B6A5C4D4B585E67686665FA
:1034900065758696B0CEE5E9E7F7FFF9ECCAB39912
:1034A000858B8D8E8E86808797A1A0A19C9C9B9FEB
:1034B000ADB2A59990939092A0AEBCC0BBBEBABA73
:1034C000BFBEB7B1B0A993796454535A5E54453422
:1034D0002E2D25232D475D6974869AA9AFAFA89F2D
:1034E000917F716E6E67564A4542403D3F44474961
:1034F000444142403E40434B535B5B5B5E67778990
:103500009CAAB0B3AD9F9180726460666467666385
:10351000626678868DA3C1DCE1E0F4FFFBEFD4C5E1
:10352000B09D9E9B9B9D9691929CA0989692919007
:1035300094A4AA9F9285857F7C848B969A979C9C65
:10354000A1A9AAA6A2A4A2927F705F555150453AA4
:103550002C2A2A2421283D5363728598A1A3A09880
:103560009186776A64635C4C423E3E4143485056C4
:103570005854515457595B5D606367696E757E8B13
:1035800099A6AEB3B7B6ADA192877C797C74736F00
:1035900069676D808A8B9DBBD7DDDCF2FFFBEDD6C2
:1035A000CAB9A6A6A0A1A49F9A979C9C8E8B87853A
:1035B000838698A19B8D7F7B757175787F817E82D4
:1035C000848C9597959498988B7D71615249443A73
:1035D0003B2F2C2A25262B3C505F6C7E939E9E9C75
:1035E000989387796C6665605248414246474C56CD
:1035F0005E605B58595B5F605E606266676C758198
:103600008E9DAAB2B7BBBCB5ACA1989090948C87A4
:103610007F77767E939B96A5C3DDE0DBF2FFF9E72B
:10362000CDC3B19B9C98979D9995929899898381D8
:103630008181879CAAA59582766A666867686A66B2
:103640006566717D8383868C8C847B7263564C4562
:103650003B4C433F3C3A3D3F47535F667790A3A4C2
:10366000A1A19B88796D68676457493C3B3D3D3D0E
:103670004854554E464241474B494B535C5C606E43
:103680008393A8BBC4C8CACBC5BDB6B2ABB0B7ABF9
:10369000A191878894ADB2A7B1CEE9E5DCF3FFF341
:1036A000DABBB09A808382838F9292939EA6928A8D
:1036B0008E9398A1BCCDC3AF92755C5758514847C3
:1036C0003F38333E4F595C6672797A7B7A70696015
:1036D000574C6B6A6B6D717978726E6D6D7C9BB5B2
:1036E000BBB9BBB396847C77747264513B2F2F2691
:1036F0001A202C2A1B0E02010E1D22293F55585E4E
:103700007498B0CAE4F0EFE7E1D6CFCFCFC9CDD2FD
:10371000C2A98D7F8495AFB4A3A6C0DACFC4DEEA78
:10372000DCBF9D937D606A6C6A7D888E93A2B19B9D
:103730008D99A1A8B7D5E8D9C6AF835C585A4D3B3F
:103740003B311D101420292B384A59687884878B07
:1037500086756B93989B9EA7AEA99A8C81787C9274
:10376000AAB0AFB2AA9185828181807868554B4812
:103770003C2B2B30291A0E03010C1D2830475C61AD
:10378000667A9AB2CAE2EAE4D6CDC3BFC4C9C6C754
:10379000C8B79E83777B869597888693A0978E9CE3
:1037A000A59D8C77766A58606566747F878C9AAB26
:1037B0009D929CA3A8B1C5D0C4BDB38F706C6F653A
:1037C00055564F3B2D2A2B2926303F4F637A8F9930
:1037D000A2A29793ADB5B9BDC7CFC6B09A887A7883
:1037E000889EA4A3A59D83777777787A76695A52C5
:1037F0004F433432362F1F1206010C1C252E415424
:10380000575C7091ACC5DEE9E1D2C8C0BFC7CFD06C
:10381000D1D0BFA487797B838C8E817C80867D7597
:103820007D837E7061625D4F575D5E6B76808A9AA4
:10383000B1A9A0ACB4B8BFCCD4C7C3BF9C7B7678C9
:103840006C58595541332B28201A2333445D7D96FB
:10385000A7B4B6ADAD98A0A7A1A1B8CCC7985C4E4F
:103860006880938E97A5B29D919A9A9F9367444FD3
:1038700071766444547684624F4C5575632B090C01
:103880002E4A5355718EBCC7A57E54616B797785DE
:103890009CC8FFF4C4A3787FA09D917A8CC6E8D51C
:1038A000D7DFC9BFA671674F445D7587A9A18B9407
:1038B000A6BC8F574F503F3F62747C8F9C79464621
:1038C0005C61465352515353636C5E637871677AFF
:1038D000A2B2AE9A8D989F9174849AA09A86584409
:1038E0004340466A9CC2C6A5767AA6B8BA916D5482
:1038F00076B3CA9349386C935A3D2F486C79522D50
:10390000060E3D666147578AAAA67F47506F8D8F86
:103910008C8EB5E2E9B67E627BC0CC9D6A87DAFF09
:10392000CF7F58669ABEB39F6E4A667A7A6F5B63A2
:103930008B9EAB989BA291725C7394A8C0B46528CF
:103940003D61695B61708C93837A6C3F375D8099D0
:103950009E9BA3B0B3A99FA0A2989598948E7D6ECC
:103960006765676E79899FB0BCA699A1B3BAA88E26
:103970006C76868273594F62715D4931323D4436AF
:103980002A2C363B4148505B686A5A535C6D848FE1
:1039900090959FA8B7B8A496949EA3B0BBB8C2E177
:1039A000FFFCE9D6BCB0B4B4AF9C8794A7AFA59593
:1039B0008D9BA8A88F797278787D7B665668735B3B
:1039C0003F36353E404647494F5F69665F637576CF
:1039D000787E858A888C90A0939F948C8380808247
:1039E0007263637381888F9DB8D6DED3CADBE9EC3E
:1039F000D4AFA8AAA290736163706C553C33303A7F
:103A000033302C26211D222836464A47474F5D6811
:103A10006D778392A3AEADA5A4B3C1BFBEC3CFE201
:103A2000F1F9FFF3EBDDC9B7ACB1B3AAA89F989247
:103A300087849192856F6F757E7B726D57382C2EBF
:103A400027202B35392D303E4E4E50545D61687B1A
:103A50007F80838A8E7D748193879E9490816C771A
:103A60007A6E584B616E808B85A6CAE1DCC7D2E7BF
:103A7000E6D8B3AFA79E8C6B5A58676D604E47442B
:103A80004E4D53513D282326252D414B4B516273FA
:103A9000706E76868F9BA29C97A2AEB7B7B2B6C166
:103AA000D5E3EEFFFFF6E9D5C3B1AEA89A958F8AAC
:103AB0008C8B8E8E8981747A8684746B71613821C7
:103AC0001E1C1A2337474441495D5F5C5A67757B6A
:103AD0007E7376838D8F7E717C87778C8783715B15
:103AE0006472705145576D797C7395C1E1D6BFC43E
:103AF000E9EAD8B1A49F9C8770605A6E7A71594BDD
:103B000044505864655035323837384553575A70E9
:103B1000837C737C8D979F9F9591A1BCCCD0CAC3A9
:103B2000CEDEE4EAF8FFF7EAE2D0C0B5AFA59D9497
:103B30008A888F91928A7F6F717A7C6C6A69603C07
:103B4000201317161A2C3D38353E585E59546175AE
:103B5000817F6A6A74837E7569747785948B826EBF
:103B600053607570544F627483827A9ECCE8E4CDC2
:103B7000D5EFF4E8C4ADA59F907F6B5C6C837A6150
:103B8000483A475B6C6F5739333C3A3A424D4E5294
:103B90006A817968738796A19A898699B9D1D7D0B5
:103BA000C7D1E2E5E3F3FFF5EBE1CDB9B4B2AA96F4
:103BB0008880828B8C8A85796668737065605D54B5
:103BC0003613070A0B0F2335302836525F5D5561D7
:103BD000798C886D6A788886737077858199978CDF
:103BE000724D54787658475E7A8583748EC3F0F1AF
:103BF000D4C6EAFAF1CAACA09F8F796C5E74827C5D
:103C00006451444E5D6C7365483A413C3C425457A4
:103C1000596C827C6D7687939994828290AFCDD1D6
:103C2000C6BBC5D9D6D1E5F8F0E6DAC2AFA8A9A5DA
:103C30009180747785888681765E6072716A5C5740
:103C4000543A1501040A0D2837312D395F6F6A6225
:103C50007185989179757B8689797B7C814C7A73A3
:103C6000543C163A7D856B685231223E4B7591B7B4
:103C7000B09272ADB5B37F6B6F746B648697BEBA4A
:103C800098665B5979928D877E79829E9B91888513
:103C90007D91BDD4B7A0AFB7AABFBE9071132E78E7
:103CA000B7B8DAAB92869CDCFFE5BEAC826582C316
:103CB000EACE9D6C56627CA2B19F5A4C668BAABE1E
:103CC000B091520F063252566063413C427C8B9059
:103CD0007778686369748E9B89533745384C030144
:103CE0000413222F50737F6C43231611171F355373
:103CF0007593A19F936F50352A2D3D546A7E8EA0F7
:103D0000A593704D373C527396AFBFD2E8E6C49787
:103D10007A798B9BA0AAC0DCF4F9EFCD9D7D7D82E2
:103D2000919CABCCE6F1F6F1E7D0B5A9A39DA2B387
:103D3000CEE3E7E4D7C0A085787269606C8AAABC3C
:103D4000BDAE926645373B4144567491A19A8D753C
:103D500057382E333A3F4B6681887A5B401F030900
:103D6000111D2C405975868168432416161B21337A
:103D700058839B988365462C1E1A22324B68839287
:103D800097907D5B37273353728EAAC2D3D4C19FDD
:103D90007D6866717E8A9DBEE4F4E7C9A3836F7176
:103DA000737C90B0D9F6FFFAEDD7BDA69B9595A28E
:103DB000BBD7EDF5F2DCB7907770706F768BAAC247
:103DC000CBC6B1947259504F576B8CAABAB9A88F11
:103DD0007256413A3C4453677F8D8A7C5E3816099F
:103DE000121C2737506E868A74502F1C181E2530DF
:103DF000445F798476593A231811101A2F49637950
:103E00008178654D382C30425B748DA5B7BEB29475
:103E100074626068768594AAC1D2D3BFA48A79718E
:103E2000747E8EA5C4E6FBFBF1E1CCB5A5A2A8B1DA
:103E3000C0D7F0FFFCE8CBB0978988898892ADCDD8
:103E4000DBD2BCA28C7667656C7C95B1C6C7B9A085
:103E5000876D55484853616E7E8E908063432A1665
:103E6000122F384353657173664F341E191F2E3A53
:103E70004251616D6954361C0E101C27303C495963
:103E800066614E37262026394D627386989E988249
:103E900068565460707F8C9AADBBBEB29B857676B7
:103EA0007F7F8DA0BBD6EDF6EEDDC6B2A9AAB3BE6C
:103EB000C6D3E5F8FFF1D7B9A79F9FA3A6AEBCD0A4
:103EC000DFDCCCB5A2938A888B929FB2C2C8C1AE08
:103ED00090776660636A6F76808C91886D50382F1A
:103EE0002D2F4B565D646A6B625038251C22304082
:103EF0004D5155575548341C07010B1C2C363F4675
:103F00004C4C412C181016273E505E6A7780827800
:103F1000634F484F627889939BA3A49F93806F6AF5
:103F2000728392A7B8C9D8E5E6D9C4B1AAB0BECD0C
:103F3000D9E3EEF7F9EED9C2AEA6ABB7C2CAD1D972
:103F4000E1E3D7C2AA99959CA9B3B9C0C7CCC9B9B6
:103F5000A1887973777F85888F94958A75584135C4
:103F600036404B616C72706D63513E2C2325334596
:103F70005760615C5348351E0B01071A303F4444BB
:103F80003E383224140A0C1B324A5E686D716C6430
:103F900057484146556B83919796938A7F72645E2A
:103FA0006477929CB3C0C8D0D3CBBAA9A0A7B9CC30
:103FB000E0ECF2F4F3EBDAC5B3A8AAB5C7D4DDE0C0
:103FC000DEDAD4C4B2A39CA1B0C3CFD5D7D4D0C5B8
:103FD000B098837C818E9CA2A19E978D7A624A3C88
:103FE0003B455461727671655849392F2A2D3848FE
:103FF00057605F56473728180903051327383D399E
:1040000030271C140B0406122740545F625F584D82
:10401000433D3C41516578878F8D857B6D625C5A4D
:1040200061728DA6B2C2C9C8C5BFB6ABA4ABBED7BC
:10403000EBF9FFFCF5EBDECEBCB4B6C1D1DFE7E9AE
:10404000E4D9CCC0B3ABA9B0BECDDCE5E5DFD4C8C4
:10405000B9A89990959FACB3B1A79A8B7B66554749
:10406000444C5B6B72716F66584A3C312F333D484C
:104070005259594F3D281913100D0F162431383657
:104080002A1C100706070C182A3B4951504E48437A
:104090003A35373F4D606F798080786C615A5B6349
:1040A0006D7A8C9FACB6BCB9B3B0AFADACB0BDD47B
:1040B000E9F8FFFEF4E7DBCEC3BFC5D0DBE4EAECF2
:1040C000E9DED0C2B8B2B3BECAD7E1E7E8DFD3C7F2
:1040D000BEB5AAA3A1A9B2B8B7AFA08F7D6E5F5934
:1040E000575F697173716A6055483F39393F454B75
:1040F00050524F493B2A1C12101012161D26292619
:104100001B0E060201050B1321303C4344403C3892
:10411000363538414D5A666D70706B62595658612C
:104120006D798694A2A9B0AEA9A4A5AAB1B8C3D549
:10413000EAF7F9F4ECE4DCD5D0CED1DBE5ECEFEF37
:10414000EAE1D5C9C2C2C7CDD6DEE6EBEBE4D7CBF8
:10415000C2BCB9B6B5B8BEC0BCB1A29283766D661A
:1041600063666D7376726A61574E464343464A4CA6
:104170004F4F4A43382B2019151516181B1D1E1BAF
:10418000150D040101050D161F283033373735345E
:1041900033353A414A525A6061605E5956565A6008
:1041A00068747E88929A9BA3A19FA1A7B0BBC8D632
:1041B000E3EEF2F0EBE4DFDBD9DADDE1E8EDEEEDA2
:1041C000E8E1D7CECACACFD5DBE1E6E9E7E2DBD149
:1041D000CBC6C4C3C3C5C5C4BEB5A89B8D81797504
:1041E0007273747474716B615E59545151504F4DB8
:1041F0004946413C352D26201D1B191815120F0C60
:104200000905030102060A10151A1E202325272A74
:104210002C31363C41464A4C4E4F4F505153585E1C
:10422000666D737A80868C90989DA3AAB4BFC9D31B
:10423000DAE1E5E7E7E7E6E7E7E9ECEEEFEFEFEDF8
:10424000EAE5E1DEDDDDDFE1E4E6E5E6E5E2DEDA52
:10425000D6D3D1D0CFCDC9C3BDB6AEA49C948E89E0
:1042600085827F7A76716C665E6B6764605D5A5694
:10427000504B47423E39332D28241E1A140F0B0889
:10428000050402020102030407090C0F11151A1E8E
:104290002124282C30333537393D4043474A4D518E
:1042A000555C5F656B727981889298A1A9B1B9C09C
:1042B000C7CDD2D8DDE1E4E7E9EBECEDEDEDECECD8
:1042C000EDEDEDEEEEEEEFEFEFEFEFEDEEEEEDEB11
:1042D000E8E6E3E0DDD8D2CDC7C1BBB5AFA9A39D69
:1042E00097918B86807B7673706B7691736789ACC0
:1042F0008A765DA99889869591626B775D5F46386D
:104300002F34502437314025163F2727221E2D2FCA
:104310002B222539616D625E5A516867526E624F79
:10432000464A7F5C5650717E764FC7B5C9A3C0C858
:10433000B0BFBDD0DCE5D5D1E8FFD5E1DAC4D6B554
:10434000D8E3EBBAD7A3C3A9AD9CC8B5818781AC2C
:104350009580898A76848F7F4B7F766769648283B4
:104360006D8C9C7C8087A08C8A78766C4D5D5B5FC1
:104370006451554B6F54444A414132324F36251AED
:104380002D012141212010141D1E342E29202B43E4
:104390005E5E444845649EA2967C67828AA3B0AE66
:1043A000927292A3968B8596ABAA8B8D9B9B99B2AA
:1043B000AD918D9FA39EA3A0A2D7F8E7DDC2AFD495
:1043C000D2D7EFEDD2D5BDE1CECDCBE7CFB8A4A00B
:1043D000C4B49F9E9FA8B3AC9F7C94888D92808725
:1043E00079676973696B75705B59566C5A37534FAF
:1043F0003E3C39494D53343C31272A252734291E68
:10440000192C011D2C2930211A252E40323A344214
:104410005B757C62525171C2C5B2967C92A9C6CEC0
:10442000C7BB9AB5CDC09A95AED2D7C27A758396DE
:10443000BEC29E7A8196A3959991CEF9EFE5C6AD5D
:10444000C6DAE8F7EAD4CDC8DED3D6D3E5CBC7B415
:10445000ABBDB1979195A29E93937A7B6F778B7F3B
:10446000725A5E45455562644C2E30455A391D3AA4
:1044700044332827353B3527453B221F1C212E2B53
:10448000262F2B01172D35352C292C39493A503F31
:10449000486B8E91725F627FDFE3D2B594A7C4DF71
:1044A000E5E0D9B4C2F0DEA995BDEEF1D98864800B
:1044B00090C5D6AA7B80A1A88E9B89B5EBEFE1BD04
:1044C0009DAAD1FFFBF1D8BDC3DFDBD3C9D8BCBDEA
:1044D000B2A7AEA38F929695737A806E6A6262726B
:1044E0006950466043324050503B212541392519DF
:1044F0002F3C342B2A2E34373D4F46332D2A283576
:104500003E39392A1729353E423E3C3F4D514D60D8
:104510005754729A9F7F6E7493E6ECE3D3ADAFD09D
:10452000ECEDE8E7D2C5EFE9BC9EBFEFF8E48C58AC
:104530007583B5C9A273789F91799A8599D8E7D682
:10454000AD8C96D0FFEFE4CEB4B5D2D5C7C2C7AC20
:10455000AAAE9D9A918889887E62616B626361567A
:1045600059584D4D5849373A45483C292931251469
:1045700011212E2F2B27252C3947564F3F352D291A
:104580003744403828212E373F494844475459572B
:10459000656560749FAB917E83A7EBFBFAEFCABFA2
:1045A000DCFFFEFDFBEDD7F1FBD6ACBFECFDE595E6
:1045B000556A799BB79D6B6F92836C878387C2E442
:1045C000D2A88590CCFFF2E4D2B7B1CDD3C4C1BF9D
:1045D000A7A0A79C8E8A84837F6F524B52545A594E
:1045E0004B43464B50554A3A31363B3A2D231F1424
:1045F0001B1A26343D3E3933374452605F52433BE9
:104600003A434C4C453B383E484F565854565E64EE
:10461000676D6F6D7996A8A39292ABD8F5FDF0D631
:10462000C7D3F0FFFEF5EADEE6EED9B7B4CBDCCEB9
:104630009E6A63718296907368797A6C71777EA2B4
:10464000C6C3A88F91B8E1E2D4C4B3ADBAC0B9B2C1
:10465000ACA09C9D94857D7E7D796850464A5259D8
:10466000585047454C585B53463934373C3A332809
:104670001B1A171F2E3E45433C3B43526163584A69
:104680003E3C434A4C4A433E444C535B605F60644B
:104690006B6F7374768299ADB0A6A3B3D5F1FEF5B6
:1046A000E2D3D5E7F9FFF6F0EAEDF0E3C7B8BFCB08
:1046B000C6AB7D6A6E7B8A8B7B6B6E74706D6E761B
:1046C00092B4BFB09E9CB3D3DFD6C7B5ABAEB7B57F
:1046D000AEA59D97978E7F7372736F614E40404B6E
:1046E000565852484245505752463529293034329F
:1046F000271A0101050D16222D3840484D4F4D480F
:10470000423A342D28262525282E3740484E555C20
:1047100062676B6F747B838D98A2ABB6C0CACFD42F
:10472000D6D7D7D7D6D4D2CCC7BFB7ADA2948781BE
:104730007D7B7A76797D818483817F7D7C7E828991
:1047400092A1B4C5D2DDE7F0F6F7F5F2EDE7E1DDD1
:10475000D9D3CCC5BDB7ADA3978B7F766E686361A7
:1047600062666A6D707274726D655B4E40322419B8
:104770000D050107010614263B4E5E6E7D888F8E67
:10478000867A6B5B4B3B2E2622262E38434C545E9A
:104790006A7378736A615B5B626A71777E8795A3DF
:1047A000B1BDC2BEB5A5927B635143392E24181604
:1047B00022416993ADBFC5CAD2DBE3E7E1D0BAA617
:1047C0009EA2B0C3D1D7D7D8DBE1E6EBEDE9DED1CD
:1047D000C5B9B3ADA9A59F968B80777474747270B8
:1047E00072767C818990989EA09D948774624F3FD9
:1047F000312213074E44465365778694A1ABB2B875
:10480000B8B2A89B8B77645249464B545E656A6E7A
:1048100076818C95958C7C6A5D5B6474828D9399AE
:10482000A1AFBFD0DBDAC8A77B513327272A2514D5
:1048300002011E5596C9E4E7DCD0CCD2DCDCC7A26D
:1048400075513E41536774767572747A86959F9D53
:104850009281736C6C747D858886807D7F858A8D5E
:104860008D8B88838081868E959A9C9891887F789D
:10487000716C655B4E75716E6B6764615E5C5958F7
:10488000575655555555565758595A5C5D5E5F6099
:104890005F5F5F5E5C5A5755514D4A45413D383424
:1048A000312E2B29272627272A2D30353B424A53E4
:1048B0005C66707C88949FABB6C1CBD5DDE6EDF22B
:1048C000F7FBFDFFFFFEFDF9F5F1EBE5DED7CFC805
:1048D000C0B9B2AAA49D98938F8B88858382818169
:1048E0008182838485868888898A8A8A8A8987865C
:1048F00084817F7C79757C77716C68635F5B5856C7
:10490000545353535456585B5E6265696D707375AA
:1049100077797A7A797875726E69635D5750484114
:104920003A332D27221E1A181718191C21262D3547
:104930003F4955616E7B8996A4B0BDC9D4DEE7EFCF
:10494000F5F9FDFFFFFEFCF9F4EEE7E0D8CFC5BCBA
:10495000B3AAA29A938C86827E7B79777778797BCB
:104960007D8083878A8E919497999B9C9C9B9A9833
:1049700095938F8B86817C81818180807F7E7C79FD
:104980007773706D696663605E5D5C5C5C5D5F62E1
:1049900065686C7074777A7D7D7E7D7B78736D65DC
:1049A0005E554C42382E251D16100D0A0A0C1017A4
:1049B000202A36455565768899A9B9C9D7E2ECF41D
:1049C000FAFEFFFFFCF8F2EBE3DAD0C6BCB3AAA212
:1049D0009B958F8C8987868687888A8C8E90919309
:1049E000939494939391908E8C8987858381807F13
:1049F0007E7E7E7E7F7F80819B978B7A6E6A6E78CB
:104A00008187857E756E69676563615F6164696DC5
:104A10006D6B67666B75808A8D877C6F67676D7657
:104A20007A776A574130231D1B1B1C1C1E20222233
:104A3000201D1D23344E6D8AA0ABADACAEB7C7DBD5
:104A4000EEFBFFFCF6EFE9E4DED6CDC3BBB6B1ABBF
:104A5000A2968A827F838B91928D8379757A8796CD
:104A6000A4A8A59A8E84808185898D8F91918F8A43
:104A700081756B666A7686959B92A3A79D8B7B73E7
:104A800076808B92928D857F7A7671696059585DB8
:104A9000676F726C6258565D6C7B8381746356508D
:104AA000555F66665C4A37261B1513100F10151EDE
:104AB000293234312A2A354E7297B4C4C6C1BCBEDD
:104AC000C9DBEEFBFFFCF6F0EAE5DCD0C2B6B0AF26
:104AD000B2B4B0A59587828693A1A9A89C8E848440
:104AE0008D9CA9AFAA9E8F847C7A79777575787D25
:104AF00083847E72625757637A928FB9CFCBB59910
:104B0000868390A4B5BDBBB2A79E948876614F46BC
:104B10004B59686D634B32222336526970624A30BA
:104B200023293A505D5D4E392517100E0B090B14E1
:104B3000253A4C5146311F1D325E95C4DFE1D0BA93
:104B4000ABAEC0DAF0FDFFFAF4EFEAE1D2C0B1ACEF
:104B5000B3C3D4DBD2BDA39496AAC5DCE1D3B99F7D
:104B60009193A3B6C0BDAB927B695F58514A474B46
:104B70005767737363493129395E8F84A3B2AC9848
:104B8000878595B1C8CDBDA084777E909F9E8968AA
:104B90004A3D455A6D716248312A38536C74674EEC
:104BA00037303C53686B5A3C20141D3246493A1F3B
:104BB0000904153351605B4C41466088ABBEBDAF04
:104BC000A2A4B9D9F5FFF3D9C1B8C2D8EBEDDABBCD
:104BD000A0959FB7CBD1C3A9938D9CB7CFD6C9AEB3
:104BE000968E98AEC0C1AD8C6E5F64768686725428
:104BF00039303C577079715D4C4D62848092A2B21D
:104C0000C1CDD8E0E6EAEAE8E5DFD7CDC3B8ACA08D
:104C1000958B827A736E6A67666768696B6D6F7071
:104C200071706E6B66605950473C32281E150D0737
:104C3000030202050A121D2A394A5B6E8295A7B942
:104C4000CAD9E5EFF7FCFFFFFDF8F2EAE1D8CDC3E2
:104C5000B9AFA7A09A959391909091939597999AAF
:104C60009A9896928C857D74695E52463B312820D5
:104C70001A1615161A202933404F5F6F808196AAA5
:104C8000BED0DFEBF5FCFFFFFCF6EDE2D5C8B9AB1B
:104C90009C8F8379716B676666696D737980888E86
:104CA00094989A9A99958F867C7063544537291DFC
:104CB000120A040101050C16223244576C8196AA8F
:104CC000BED0DFEBF5FCFFFFFCF6EDE2D5C8B9ABDB
:104CD0009C8F8379716B676666696D737980888E46
:104CE00094989A9B99958F867C7063544637291DBA
:104CF000120A040101050C16223244576C817B957F
:104D0000A7ADABA9ADBCD1E4ECE6D5C1B4B1B4B8A4
:104D1000B3A48D786D6E79858A8274655F64727FC5
:104D2000858072655F65727C7E725C453631363B8C
:104D3000392E1C0E0A14283E4E52504E5568839E42
:104D4000B1B9B8B6BCCCE2F6FFFAE9D7CAC8CCD044
:104D5000CDBDA792888994A0A59E8F807A7F8C99DB
:104D60009F998B7D767B879191856E564540434711
:104D7000443725150F182B404E524E4B50617B7413
:104D800092A8B3B3A898887C777C8898A7B1B3AC75
:104D90009E8A7563554F4F545E69727879766D635C
:104DA000564C454347505C676F6F67584129130560
:104DB0000108182D41505652483B302E384E6E9304
:104DC000B5D2E3E8E2D5C9C0BEC5D2E3F2FCFDF638
:104DD000E6D1BBA6978F8E939BA6AFB5B6B3ACA218
:104DE000988E89898F99A6B3BBBDB5A58E745D4C8D
:104DF00046495464727B7A715F4A392F313F587447
:104E0000758E9FA39A876E5748454E62798F9EA5EF
:104E1000A0958679706D7179838D9395948F887F35
:104E200074695D52494342454B5256544C3C2914D7
:104E30000601081A324E636F706554433A3D4E6C5A
:104E400090B1CCDADACEBAA99E9FAABDD5EAF7F91D
:104E5000F1E1CDB9ABA3A2A5AAAFB2B2AEA7A0971C
:104E60008E857D767170747D89959EA19C91816FF0
:104E7000615C6271869CABB1A9967B614D454B5DCF
:104E80007579A2B9B8A17D5A443D4555677784919B
:104E90009A9F9B8D79645A5E718A9FA9A3928175AE
:104EA00074797C76664F3A3238495C66614F341BC0
:104EB0000801030A1625394F64727060442B212FB4
:104EC000578CBFE3EDE0C5AB9B9AA7BACDDEEBF5FF
:104ED000FBFBF2DEC3A897949FB2C2C6BCA894881D
:104EE000868B908E816F605D69819BACAFA28D785F
:104EF0006964676F7A8695A7B6BBB096704B3537F5
:104F000051797EB1CECAAA7B533D3E4F64778187EB
:104F10008E97A1A298846D5F61748EA09F8B6B4F5A
:104F200046526D868F80613E2725344A585441266B
:104F30000F02020911181F2D435E757B6C4C291658
:104F4000204B8AC6EEF5DEB9988A91A7C1D5E2E971
:104F5000F0F8FFFEF0D8BDAAA7B6CAD8D4BC997C99
:104F6000717C97B1BCB0937461637791A4A6967F6E
:104F70006A60616970767B8496AABAB9A2784A2C75
:104F80002C4B7E86B8D7DBC7A3806860636A7072DB
:104F9000747880888A81715D5051607689908877B5
:104FA0006864708599A199846D5F5E6A787E756189
:104FB000462F2220242A2F323843515C5B4D341D6A
:104FC0001425518DC8F1FFF2D7BBAAA6AEB8C0C355
:104FD000C4C8CDD1CFC2AC92807A8494A2A4978366
:104FE000716C768BA0ABA59381777C8DA1ADAB9CCA
:104FF00086736A6B727A7E81858D969C957F5E3D05
:105000002C33558618191B1C1D1F202122242526F0
:1050100028292A2C2D2F303133343637393A3C3D6C
:105020003F404243454648494B4C4E5051535456DD
:1050300058595B5D5E6062636567686A6C6E6F712C
:10504000737577787A7C7E8082838587898B8D8F54
:1050500091939597999A9C9EA0A2A4A7A9ABADAF56
:10506000B1B3B5B7B9BBBDC0C2C4C6C8CACDCFD134
:10507000D3D5D8DADCDEE1E3E5E8EAECEEF1F3F5EE
:10508000F8FAFDFF18020202020202020202020204
:1050900002020202020202020202020202020202F0
:1050A00002020202020202020202020202020202E0
:1050B00002020202020202020202020202020202D0
:1050C000020202020280FFFFFFFFFFFFFFFFFFFF60
:1050D000FFFFFFFFFFFFFFFFFFFFFFFFFFFFFFFFE0
:1050E000FFFFFFFFFFFFFFFFFFFFFFFFFFFFFFFFD0
:1050F000FFFFFFFFFFFFFFFFFFFFFFFFFFFFFFFFC0
:10510000FFFFFFFFFF0200060D13191F262C323789
:105110003D43484D52575C6064686C6F7275787A95
:105120007C7E7F808181828181807F7E7C7A7875A0
:10513000726F6C6864605C57524D48433D37322C47
:10514000261F19130D0600FDF6F0EAE4DDD7D1CCD9
:10515000C6C0BBB6B1ACA7A39F9B9794918E8B8919
:1051600087858483828282828283848587898B8EED
:105170009194979B9FA3A7ACB1B6BBC0C6CCD1D727
:10518000DDE4EAF0F6FD008080808080808080B0E1
:10519000B0B0B0B0B0B0B0DADADADADADADADAF57A
:1051A000F5F5F5F5F5F5F5FFFFFFFFFFFFFFFFF55F
:1051B000F5F5F5F5F5F5F5DADADADADADADADAB0BC
:1051C000B0B0B0B0B0B0B080808080808080804FC0
:1051D0004F4F4F4F4F4F4F25252525252525250A74
:1051E0000A0A0A0A0A0A0A00000000000000000A6F
:1051F0000A0A0A0A0A0A0A25252525252525254FF2
:105200004F4F4F4F4F4F4F807F868C92989EA5AA4D
:10521000B0B6BCC1C6CBD0D5DADEE2E6EAEDF0F33B
:10522000F5F8FAFBFDFEFEFFFFFFFEFEFDFBFAF8C0
:10523000F5F3F0EDEAE6E2DEDAD5D0CBC6C1BCB6D6
:10524000B0AAA59E98928C868079736D67615A5535
:105250004F49433E39342F2A25211D1915120F0CB1
:105260000A0705040201010000000101020405070C
:105270000A0C0F1215191D21252A2F34393E4349D6
:105280004F555A61676D73797F80808080808183FC
:105290008487898D91959AA0A6ADB3BAC2C9D0D79B
:1052A000DEE4EAEFF4F8FBFDFFFFFFFDFBF8F4EFAF
:1052B000EAE4DED7D0C9C2BAB3ADA6A09A95918D63
:1052C000898784838180808080807F7F7F7F7E7CD0
:1052D0007B7876726E6A655F59524C453D362F2851
:1052E000211B15100B0704020000000204070B101D
:1052F000151B21282F363D454C52595F656A6E7249
:1053000076787B7C7E7F7F7F7F80808080808080BE
:1053100080808181828486898D91969CA3AAB2BB6C
:10532000C4CCD5DEE6EDF3F8FCFEFFFEFCF8F3EDB1
:10533000E6DED5CCC4BBB2AAA39C96918D898684A7
:1053400082818180808080808080807F7F7F7F7F5E
:105350007F7F7E7E7D7B7976726E69635C554D447E
:105360003B332A2119120C070301000103070C1219
:1053700019212A333B444D555C63696E7276797B03
:105380007D7E7E7F7F7F7F7F7F7F800004080C1083
:1053900014181C2024282D3135393D4145494D51E3
:1053A00055595D6165696D7175797D82868A8E92C8
:1053B000969A9EA2A6AAAEB2B6BABEC2C6CACED2AD
:1053C000D7DBDFE3E7EBEFF3F7FBFFFFFBF7F3EFF1
:1053D000EBE7E3DFDBD7D2CECAC6C2BEBAB6B2AE07
:1053E000AAA6A29E9A96928E8A86827D7975716D02
:1053F0006965615D5955514D4945413D3935312DFD
:105400002824201C1814100C08040000181A1D2051
:105410002225282A2D303336393C3F4245484B4E11
:105420005155585B5F6266696D7074777B7F8386C8
:105430008A8E92969A9EA2A6AAAEB2B6BBBFC3C8E7
:10544000CCD1D5DADEE3E7ECF1F5FAFF181A1D202E
:105450002225282A2D303336393C3F4245484B4ED1
:105460005155585B5F6266696D7074777B7F838688
:105470008A8E92969A9EA2A6AAAEB2B6BBBFC3C8A7
:10548000CCD1D5DADEE3E7ECF1F5FAFF1804040439
:1054900004040404040404040404040404040404CC
:1054A0000404040404040404040404040481FFFF49
:1054B000FFFFFFFFFFFFFFFFFFFFFFFFFFFFFFFFFC
:1054C000FFFFFFFFFFFFFFFFFFFFFFFFFF040404DD
:1054D000040404040404040404040404040404048C
:1054E0000404040404040404040404040481FFFF09
:1054F000FFFFFFFFFFFFFFFFFFFFFFFFFFFFFFFFBC
:10550000FFFFFFFFFFFFFFFFFFFFFFFFFF04000D97
:105510001A26323E49535D666D747A7E8183848398
:10552000817E7A746D665D53493E32261A0D00FA0B
:10553000EEE1D5C9BEB4AAA19A938E8986848484EB
:1055400086898E939AA1AAB4BEC9D5E1EEFA000D60
:105550001A26323E49535D666D747A7E8183848358
:10556000817E7A746D665D53493E32261A0D00FACB
:10557000EEE1D5C9BEB4AAA19A938E8986848484AB
:1055800086898E939AA1AAB4BEC9D5E1EEFA0080AD
:10559000808080B0B0B0B0DADADADAF5F5F5F5FF90
:1055A000FFFFFFF5F5F5F5DADADADAB0B0B0B08082
:1055B0008080804F4F4F4F252525250A0A0A0A0073
:1055C0000000000A0A0A0A252525254F4F4F4F8063
:1055D000808080B0B0B0B0DADADADAF5F5F5F5FF50
:1055E000FFFFFFF5F5F5F5DADADADAB0B0B0B08042
:1055F0008080804F4F4F4F252525250A0A0A0A0033
:105600000000000A0A0A0A252525254F4F4F4F8022
:10561000808C98A5B0BCC6D0DAE2EAF0F5FAFDFEBF
:10562000FFFEFDFAF5F0EAE2DAD0C6BCB0A5988C30
:105630008073675A4F43392F251D150F0A05020144
:10564000000102050A0F151D252F39434F5A6773B4
:10565000808C98A5B0BCC6D0DAE2EAF0F5FAFDFE7F
:10566000FFFEFDFAF5F0EAE2DAD0C6BCB0A5988CF0
:105670008073675A4F43392F251D150F0A05020104
:10568000000102050A0F151D252F39434F5A677374
:105690008080808083878D95A0ADBAC9D7E4EFF86C
:1056A000FDFFFDF8EFE4D7C9BAADA0958D878380E3
:1056B00080807F7F7C78726A5F524536281B100796
:1056C00002000207101B283645525F6A72787C7F01
:1056D0007F80808083878D95A0ADBAC9D7E4EFF82D
:1056E000FDFFFDF8EFE4D7C9BAADA0958D878380A3
:1056F00080807F7F7C78726A5F524536281B100756
:1057000002000207101B283645525F6A72787C7FC0
:105710007F80808080808182868D96A3B2C4D5E60A
:10572000F3FCFFFCF3E6D5C4B2A3968D868281809C
:105730008080807F7F7F7E7D7972695C4D3B2A19F6
:105740000C0300030C192A3B4D5C6972797D7E7F46
:105750007F7F808080808182868D96A3B2C4D5E6CB
:10576000F3FCFFFCF3E6D5C4B2A3968D868281805C
:105770008080807F7F7F7E7D7972695C4D3B2A19B6
:105780000C0300030C192A3B4D5C6972797D7E7F06
:105790007F7F800008101820283139414951596114
:1057A000697179828A929AA2AAB2BAC2CAD2DBE39A
:1057B000EBF3FBFFF7EFE7DFD7CEC6BEB6AEA69E94
:1057C000968E867D756D655D554D453D352D241C48
:1057D000140C04000810182028313941495159612E
:1057E000697179828A929AA2AAB2BAC2CAD2DBE35A
:1057F000EBF3FBFFF7EFE7DFD7CEC6BEB6AEA69E54
:10580000968E867D756D655D554D453D352D241C07
:10581000140C04007A6E6254473B31271C120C0AA8
:1058200008060203070E13181C232A313840484D7E
:105830005155585B5D5E5D5A56524D48433D372F7A
:1058400029221C1915110F0E0F14181E252D374073
:105850004D5B69778793A2AFBCC9D3DCE5EDF4F962
:10586000FCFFFFFDF9F5F2EEE8E0D6CFC9C3BDB508
:10587000AFAAA6A2A0A1A4A5A7AAAEB4BCC4CAD030
:10588000D4D9E1E7EAECEDECECE9E6E1DBD3C7BB28
:10589000B0A6998A7A8575645446372A1E130A047D
:1058A000020103050A131F2B37445362707F8E9C3D
:1058B000A7B2BCC5CACDCFCECCC6BFB7AEA2958964
:1058C0007A6C5D4F42362C221B161413151A2028B1
:1058D000323F4E5D6D7D8D9EAEBCCBD7E3ECF3F9D0
:1058E000FDFFFDF9F4ECE3D8CBBEAF9F9082746668
:1058F000584D433B34302F3033373F48535F6D7B37
:105900008895A3B2BFCAD3DBE2E7EAEBE9E6DFD6CC
:10591000CCC1B4A596857B6E5F4F42352A1E130C11
:10592000050101040508101F2A353F4D5C69768585
:1059300095A0AAB4BEC4C7CACACCC7C3BDB5ABA0E4
:10594000978C7E7062564B423B342E2B2A2C2F3381
:105950003B44505D6B7A8995A4B4C1CDD7E1EAF19F
:10596000F8FCFFFDF8F5EEE5D9CFC4B6A7998B7D1D
:105970006E60554A403934343434363B434D5863B5
:105980006E7983909FABB5BCC1C8CED2D2D2D0CBFA
:10599000C3BBB2A798897B3A3E36251E1D1C120A4E
:1059A000090501071719121D3B505355687B7F7E6F
:1059B00091B3BEC4CCDBE3E0DDE4F2F1F1EFE8DE6D
:1059C000D9DDD8CCBAB0ADA49F9F9D8F87878D8F2E
:1059D0008C91969FA5B5C6D0CBD0E2EBEEE6E5EC78
:1059E000EFF5FBFCEFE3DEDBCDBDB5B1A896887E1D
:1059F0006D5141382F241A141A180D0908111F2C43
:105A00002E2E30323F4E5C605955586769676B7374
:105A1000746C6A69634E3D3A5968675C5F6A767276
:105A20006F7474727583877B85A5BAB6A7A4AAA183
:105A300099ADDBE8E6E0DFDCD5D0D8E9E5E2DCD7FC
:105A4000CFCCCBC6B9AEB2B9B3ABA7A0918C939F64
:105A5000A097908B8B8A99A7A89B9BB1C0BAA19164
:105A60008B8B97A7AFA28B7F7A6E64677273686027
:105A70005C4E362B272628292B372F180801102A91
:105A80003F3D352C22272E3C45403B404F5551553C
:105A90005C635E626F726256594C4C45404C5C6F61
:105AA0006E68675F5C56565E6380A3B5A9835A3BF8
:105AB000262A528EAEB09779616169788A84858191
:105AC0008C94907F6A585D77929785684D435272A7
:105AD00096A59C8D7B7D8293A6AFB6C6E7FFFED9C7
:105AE000B3948FADD2F3FCE7D0B8A5A1AABCC4C8CB
:105AF000CAC9BAA38F817D91AAB9BE9D673D2F4FB8
:105B000083ABAC946842322C3A44424243525E5BCF
:105B10005B4C42393A4B575A564C7C807F78746FB5
:105B2000685B4B3B302D2D3543516876786C512F97
:105B3000140101102534372E241C22292E352E2F36
:105B40002B302D271709040F273D4C4D474044505B
:105B50005F6E70655A50556275899CAEC3DAE8EA8B
:105B6000D5C0A69DA7BBD3E6EAEBE5E1E3E9F4FBEC
:105B7000FDFAF4E6D9CCC5C7D8EDFBFFF0D4BEB131
:105B8000BACBD6CFBDA38F8A8D969DA2A7AAAEAD64
:105B9000A69882705F5659616B787CB0C1C8C4B555
:105BA0009E83654C393238455A7185969E9B8D7916
:105BB000624E3C312B2B2C2E2F3138414B515753F9
:105BC0004F45392B1C0D04010715243544505C68E2
:105BD0006E6F6A5E5247434855697F93A7B7C5CA3F
:105BE000C7B8A792858084909FADBBC7CFD9E0E5A9
:105BF000E4DED1C2AFA29998A0AFC1D0DDDFD9CF8A
:105C0000C2B6AC9F918780818993A0ABB2B8B9B678
:105C1000B2A89B8B7A6C656872849AB0CDE8F1E784
:105C2000D0B08E694833303C526F8DA3B3BAB6AB57
:105C30009986786552423C363332323A434F5C663D
:105C4000655F4F3E291A110B010110233645576D30
:105C50007F83847F705E4F4A4D586B8297AAB8C687
:105C6000CAC0AC967C6B6567707F8C9FB1BCC8D393
:105C7000DAD7CBB7A28B7A6F717D90A7BACBCFC999
:105C8000BCAA9A8C7C6C6568748697A4B3BCC3C6A6
:105C9000C1BAAD9C897768626A7891AFCDBADCE40D
:105CA000D0BAA5978564515A6A80A2BCC2CCD7D21B
:105CB000C9BFB3BAAA806B6D685F56463A353D508E
:105CC000564E4F3B230C1B565C1D01214B61555D0D
:105CD00090ADA2ADB9AE9C888C918C98A8ABAAAAC5
:105CE000BECCB7967B5A464E5D666B6B75838181E1
:105CF00096ACA6978B746258474A545C7587969702
:105D000088776763787A62565A698C9D99ACB0AF90
:105D1000BAB2A69E8C827A6F696E7B8A9BBA97AC68
:105D2000AAAEA6A4B2B3A496A8B2BAE2F2DAD9F3A4
:105D3000E1D5E9D9E6E1A89BA2A091836C3F2F3180
:105D40003B42343D36160130A8C056244F7C98841F
:105D500074AED0A6AACAC0B0B1BBB5A3A8A4968B96
:105D6000758090755B4C3735455B605249454B46B5
:105D70003B576F665B675B444E423840404C4C6A11
:105D80005F3B533E39798A766C767B96AF929393DC
:105D90008A968F8C8E7C848F87828183817E97C543
:105DA000D3AEDADBBDD9D9D0C0D5D2C0E2E5C1B51A
:105DB000E2C099DDB39ABC9077757B5B504E272784
:105DC0001F12241D18201F1426606D3B3C59496783
:105DD0007A54749B727DA59788B2B48BA8BF9CA29D
:105DE000C2A49FBDAC979CA0968D9E9E8394867EF8
:105DF0009378808C826C737D495C6E3E3A614C175F
:105E00007753017743156A5F4F466F62488C715E26
:105E1000797A79707E8974769C9284A9A7A9A9C59C
:105E2000D5E6C3EFF5CEEFF5E4DCEFE6D5E5E8D354
:105E3000BBE8CD93E4BA8ABE9E81787E624A503830
:105E40002923131C180D171E191930381E283B263C
:105E5000384A2D425C3B4C6B5B528482598EA2794E
:105E60008AB89C8EBAB79DA7C3A595C3AC8BBF9FBC
:105E70008CB69394A29D8282A16564935F41866DE6
:105E8000148B6A0188561F67574E396B642C7971E1
:105E90004A70746A6C74887D7AA89C8FBDB8B9C347
:105EA000D5A7B297CDBE7ECED1AFB7CEA8A9CAC670
:105EB0009B82C5BA56D8A16FC08C996F7180533E32
:105EC000643325023C47035A32265D4785623165BB
:105ED000675C5F5C6C6D29777D3665A15F54AF7937
:105EE000718B9F9469C2BF6C8FD96C6ED17E7CC060
:105EF0008268C99B83C6BD7B72D7925ACE9631C346
:105F0000C901A3C102B1754C835AA34662A2476D71
:105F1000AC715772786A4E7D6A76866B88939274FC
:105F2000ABA77D7DA39C814C9DC78696C27D66A153
:105F3000AE5A4D90A723A381419669B1575DAA45FA
:105F400031923F4201607E05993F409550BA935D82
:105F50008D96858B87999A1AA5A32A8EB75075D0EE
:105F60005E889873AE4BB9D64780E3474CCC637AD2
:105F7000B4624BC79F62D5C05A50E5AC4BDCB13020
:105F8000D0E21183D536A46F7C894AC75C57C27BA7
:105F90005ED0B03C74997C3C7180A06C62A0738A26
:105FA00047BD7D7374726D66605A534A433E3C3CF4
:105FB0003C39322B241E1815131315161715110A08
:105FC0000401010205090E131514110F10141C22EF
:105FD000282F3538393A3A3C3F49545E656A6C6F30
:105FE00070727A838D979FA9AFB1B0B1B2B7BEC6B8
:105FF000CFD6DCE0E1E0E0E1E4E8EDF3F8FAFAF72F
:10600000F4F2F0EFF2F7F9FAF6F0E9E3DFDCDADBCD
:10601000DDDFDDD6CCC2BAB3ADABACACA8A29B92EF
:10602000877C76739B9D9D9FA2A9B0B7B9BABABB76
:10603000BCC0C5C7C6C2BEBAB6B4B4B5B3ADA499E8
:106040008D86807D776E63594E433B35312F2A23F1
:1060500019100E1015181A1A17161C26334250590B
:1060600061676F7E93A7B7C2CBD1D6DAE2EAF4FCC0
:10607000FFFEF6EEE9E9E9E8E3D8CABBAFA59E98D2
:1060800091867A6A5C524D4A48453E362E29282927
:106090002F373D403E3B3C424B56636B6F707276F0
:1060A0007D868F979B867E78747271706E68625D54
:1060B0005A5A5C5C5A57524F4D4C4C4E4F4E4A43C5
:1060C0003E3A393837352F28221D19171614120D6C
:1060D0000904020205090D0F1111131A232F3B4663
:1060E0004E555D6777889AA8B1BAC1C8CFDAE4EE99
:1060F000F5F7F9F8F7F9FCFFFFFDF8F1E9E5E1E064
:10610000DEDAD6D0C7BFBBBABABAB8B3ADA9A7A7B3
:10611000A9ABADAEACA8A3A1A2A5A7A7A59E999532
:10612000939392918D86857D777574737375797D60
:106130007E7E7B766D6050423A36373A3C3D404336
:106140004545444547494946423C37312B2524279C
:106150002D3234343332302D29251F1A150E070203
:1061600002071224426A97BFDDF1FCFFFBF1E6DC77
:10617000D7D5D6D6D7D9DCDEDEDDDBDAD9D8D5D097
:10618000C8BFB9B5B2AFAFB3B9BCBEBFC0C1C1C063
:10619000C0BFBFBFBBB2A69A908A868384878B8E0E
:1061A0008F90908F8E8C8585827E80858A89898E5E
:1061B000969C9E9F9F998C7C6E68686C71737375BA
:1061C000797C7D7F848A8E8F91928E8476695F5BE5
:1061D0005F666A696660584F484541382F29231A1F
:1061E0001008070B17336093BFDFF4FFFEF3E4D80A
:1061F000CFC9C3BDBBBBBBB8B2AAA5A19E9E9F9F82
:106200009A8E7E6F6866686B70777D8184878A8CD2
:106210008C8A8A8D91918B7E7066616264697074DC
:1062200077797D81838485857D94867F9FB898600A
:106230005575877F8AB4CAA35923204A829F875DF8
:106240005C808E68434E6B6A5E79B6D5BD8F6848B8
:10625000364D87B0AD95805F332241604A1E25627E
:106260008E826351370C0146B0E7D9C4CFD2A36800
:1062700069A9E1DBB4A7BED1C8AC8C6B52567CAC2B
:10628000C6BE9965373159889A959DB3B4977C8479
:106290009C9C7F697BAFDDDBA25C3F4F667389AD61
:1062A000B38552567A7F605A7D6B9C957E94B8A4D4
:1062B00065475F77747DA3B89246100F3D778F7066
:1062C00042456F794B263B5E543E61AFD4AE734F6F
:1062D00036223371A6A78B6F4B1A05285440080647
:1062E00051948E5F4132180F47A8E2DAC8D5DAA779
:1062F0006468BAFFF4C0B3D8F4E4BE9A77595F91EA
:10630000C9DDCFB2844A325BA1BDACA7C5D4B58D7F
:1063100093B5B9947587BEEEEEB66E4C5D778293F9
:10632000B6BE8A4B4D7E86553E6B679490777F9BB9
:106330009261414D5E5E60788569320A0B2B536035
:10634000462528474B270C1F3B301C377794744554
:106350002D1F111B497679644F3612011E443A0FE6
:106360000B4782845D443F38355899C5C6BCC8CDBB
:10637000AA7A80C2FBF3CAC3E5FEF1D2B89F899026
:10638000B9E5F1E5D5B88A708EC9E3D0C7E0F1D997
:10639000B7B9D4D8B99FAAD1F2F1CA967B84969C9A
:1063A000A3B9BE956161878C5F44676E8884707005
:1063B0007F7A5B44464E4C4B555947260F0F20348D
:1063C00039281415252610010C1C1608193F4F3CBE
:1063D000211510090F2A464A403528150D213A3754
:1063E000211F456D715C4F515254688EABAFADB7F4
:1063F000BCAB9298C2E7E4CECCE4F5EFDED0C4B9F2
:10640000BFD9F3FAF4EDDFC4B3C4E7F7EBE4F2FE6F
:10641000F0DAD9E8E9D6C5C9DDEDECD6B6A3A6AF6A
:10642000AEAEB7B89E7D7A8F8F705C6E787D776CDC
:10643000676863574B4846403C3C3A31231A181C66
:106440001E1D160E0D100E06010409060207131874
:10645000130C0A0A0A0D1722262524221F202A358A
:1064600039353949595F5C5C60656B7586949B9FD3
:10647000A6ABAAA6ACBDCDD0CCCFDAE4E5E2E0DF96
:10648000DDE1EBF5F9F8F8F5EEE9EEF9FEFAF7FBE8
:10649000FEF9F1EFF1EFE8E0DFE2E4E2D8CCC2BFD1
:1064A000BEBAB6B4B0A4969295918276787875719A
:1064B0006D696764615D5B595653504F4D4A47455E
:1064C00044423F3D3A383634312F2D2B2825221FA8
:1064D0001C1814100C080605050302020102040929
:1064E0000E13191F28313A424B555F6A7784909CEE
:1064F000A6B0BAC2CAD3DBE3E9EEF2F6FAFDFDFDBF
:10650000FDFBFBFBFAF9F6F3F0ECE9E6E3DFDCD7A1
:10651000D4D1CECBC8C6C4C1BEBDBCBCBAB7B5B35E
:10652000B1AFABA7A4A09A95918D88827C7875763F
:1065300078797978777572706E6D6C6B6A69696954
:106540006A6B6A69676462605D5B5855524F4B477E
:10655000433D362E251E1814110E0B0906030303A6
:1065600005080B10161C22292F37404C5D72879AA4
:10657000ABB8C2CAD0D7DDE3E8EDF1F5F9FDFFFF16
:10658000FDF9F4F0EDE9E5E0D9D2CAC4C0BEBCBA69
:10659000B6B2ADA8A4A09D9A969391919294979922
:1065A0009A9B9B9A9895928D88837F7A777575755B
:1065B00080898E8F8E8A85807D7D81858A8E91935C
:1065C000979A9E9F9E9A958F8A87837F7C79797808
:1065D000767066594B3E332A231E19130E090705A0
:1065E0000506090D131B232829262220273D618B30
:1065F000B0CBD9DBD9D5D5D8DEE4E8EBEFF5FBFF9E
:10660000FFFCF6EEE5DDD8D3CCC1B3A498908E8F15
:1066100091908C867E7874706D67625F6062666C44
:1066200071777C81848584827E78736E6B696C75EA
:1066300073828E92908D8A878586898E9193979AA0
:106640009EA2A6AAACA8A299918C898887888988DD
:10665000868076695B4F46413E3B362E251D1916D6
:10666000151413110F11192228271D0E01031D4E99
:106670008CC5ECFEFBEDDFD7D7DEE5E8E7E6E7EA21
:10668000EDEDEBE5DBD0C7C3C2C0BBB2A6988C84EE
:1066900081807F7E7B77726E6A645D565353575C50
:1066A000636A6F7376797C8081807B736B656267C8
:1066B0007374838E8F89848385898F9495908C8B56
:1066C0008B8E92969A9A968F8984818184898E8FF7
:1066D0008C84786B5F575556595D6264605954528B
:1066E00052504B453E352F31383C372814030117A3
:1066F0004A8AC7EFFFFAE9D6C7C3C8CDCDC6BDB633
:10670000B2B0AFAFACA69E9A9DA3A9ACADACA59913
:106710008C817A7675777A7B7875716C6662626641
:106720006D747A7B7A7573747A8184827B736B66FD
:1067300068746D83949799A3AFB1ACA9A394827A3E
:106740007F817A74797F7E7B82929FA4A7ABACA76E
:106750009E968D7F6D5E56524E484A58686F70788F
:106760008A99947F6C6053433D41423420140A015E
:106770000A3D8ED5F2F2EEECE1CCBEC1C8C3B19FAA
:106780008E7A6A68798B8F8B90A3B4B6ACAAAFABC4
:106790009A867A72655754595C595B697A807B771F
:1067A0007C848A8B8C8A8171635E5D585358666FD6
:1067B0006B646D6D83949AA3B6C5C4BBB4AB957A74
:1067C0007177796F686E73706E7E99ACB2B6BEBF2A
:1067D000B4A49B91816B5B544F473E40536B7779D8
:1067E00084A1BAB7997C6E604C4043422F18100FB9
:1067F00003013190E2FCF0E9F0EAD2BEC0C4BAA5D0
:10680000937E614747627E86848EA9BEBFB2ADB0DB
:10681000AE9A83756D5E4A41474E4D4F637F8E8AB7
:106820008387919492929287705A504C433C455E74
:106830006F6D656D5250515256595D5F616364656D
:10684000656463605E5E5F626871787D7E7C78758A
:10685000757574777B80858B8F92928F898075692F
:106860005D534D46423C37322E2925211D1A1A1FF1
:1068700029384F6F92B2CEE3EFF7FAFAF7F2EBE373
:10688000DCD4CEC4BAAC9F8F7D6B5A4D433D393AB0
:106890003B3E434C5563707E8C9AA8B5C4D5E5F356
:1068A000FBFFFDF6EBE0D3C5B6A99A8E837A726B37
:1068B00066605B56524C525B5E5D59524B4B4E5379
:1068C000595F61666C73838F989FA2A29F9A928C86
:1068D000837A71645B5A5A595954514E4D51585FDD
:1068E000646665646363625F564F463E3A3B3D4370
:1068F000494B4F5A69859DB0C0C7C7C9CBCED0D0D0
:10690000C8BFB1A69F9C999D9B938B837B77756E27
:10691000685A483F3C3E4F5F6D7D8A95A5B9CEE5EC
:10692000F5FCFFFCF6F3F2EEE4D4BEA79380766AA2
:10693000605B524A4A4C5B5D6665594C3A27242499
:10694000252E302D303743648097B0BDC3CBCFD1D7
:10695000D9D3C8BDA8948F89858477695F55545F62
:10696000676E71685C534D4D50463C301F192028AE
:10697000394C525B697896B5CCDEE4DAD5D2CFD407
:10698000D8CEC2B19A908F8C959B928A8174727185
:106990006861513522170F1D2C34404B4F64829E85
:1069A000C6E3F0F8F9F5F9FFFDFAEED4BDA9969328
:1069B0008C807C6D5C5A5B78747B78685B452D2796
:1069C000231D201B100E111A3A597392A4AFBFCC8D
:1069D000D6E6EAE6E4D5C5C5C0BDBDB0A093857DC9
:1069E00083868683746052454142372C1E09010715
:1069F00010233B48576A7A99B9D0E5EDE3DCDAD544
:106A0000D9E0D9CFC0A79B9890959A8D8378686478
:106A1000655D594F342115080D181A2228293D5952
:106A2000759DBBC8D3D6D1D8E2E4E7E3D0C2B5A9FF
:106A3000ABA9A19F917E7B78968F908E82786857C4
:106A40005455545853433B39405D7B95B0C0C6CF35
:106A5000D2D1D6CFC4B9A897969595988F867F76D0
:106A60006D70706F6C6152484448514C413117064B
:106A700001010D1F2A394E6285ABC9E1EDE5E1E266
:106A8000E4EDF8F7F1E7D3C8C2B7B7B7A7968673B6
:106A90006E706E716E5C4E402F2B2B221E18111CD7
:106AA000324B6C82898D8B858991949B9E979597AB
:106AB0009AABB5B8BCB1A09C96A69994908A8986E9
:106AC000838B97A1A9A4948781869DB5CADDE6E74B
:106AD000E5DED3C7B49D866E5B5756585B5B5C5F43
:106AE0005F58565049433A312F374A5D635F4F36FE
:106AF0002011080C161F2E435B7FA6C9E2EDE9E6C4
:106B0000E8EDF7FFFEFCF8EDE6E0D6D1CBB8A18BBF
:106B1000776F7278848D8D887D6E615541301D0D43
:106B20000D1B2C404C4A433E393A3D3F44494D569B
:106B3000657997B0BFC7C3B9B1A6A9988B86878D71
:106B400095A0B2C6D9E4E2D6C8C0C4D2E3F2FCFF35
:106B5000FDF4E6D5BDA2846346312825272A313CC1
:106B6000474F4B43372C2019151A2D49647375690B
:106B7000543D281C191C2432445E80A5C9E2ECEB6C
:106B8000E9EBF1F6F8F7F5F3F2F0EBE5DED3BFA3AE
:106B900089766D707C8EA1AEB2AC9F8E7A61472DE6
:106BA0001810151F272921150E0B0B09090B0F179C
:106BB000243A5A81A3BCC8C8C3B8A9AE9A8C8585AB
:106BC0008A929FB3CEE7F6F6E8D7CAC9D3E2F0F9C6
:106BD000FCF9F0E1CEB69A7D5F47362D2725252BAF
:106BE00037454E4B412F1E0E0401061C3D5C71784B
:106BF000705B442D1E17161B283D5D86B0D7EEF73F
:106C0000F3F1F3F8FEFEFCF9F5F4F3F0EDE9E3D26D
:106C1000B99F897D7D8596A9B5B8AFA08B74573C87
:106C2000210D070F1C26261E110A07080604020163
:106C300007132A4C7599B5C6CCC9BFAEB9A38F85C9
:106C400080838D9EB6D3EFFFFEEDD6C5C0C7D3E0DF
:106C5000E8E9E3D6C4B09A86776D686560574B4221
:106C60003E434D55524A3928190E090D203D5B739C
:106C7000807E715D4834271E1C263C608CB4D2DEB9
:106C8000DCD2CCCED7E1E5E3DDD4CDC5C1C3CAD2D9
:106C9000D3C8B49D887D7F8B9BA8ABA2917A5F43BC
:106CA0002B1A141B2E3F4A4739271916171A1C1D79
:106CB0001D20253246627E9BB5C7CFC9B9C5AF98A6
:106CC000887E7D8598B4D3F0FFFCE9CFBAB0B3BC21
:106CD000C6CDCDC6B8A48E7B71748193A2A49A87C9
:106CE00072615B5A5C5A554C433B36312F37475DD6
:106CF00075868E897D6C56412D20243A618FB3C6EE
:106D0000C1B0998D8E99A9B5B9B5A797857D8192A6
:106D1000ABC2CBC3AC8E786D717D898D8879634AA7
:106D200033221D273C5A727E78644A362D2E364017
:106D3000484E5151515156627A9AB8CDD1C5C3AC23
:106D40009382777273829CB9D1E1E6DCCCC3C4CA6A
:106D5000D0D9E4E5DFD3C3AD94817B7D8288887F81
:106D60006E5F544F4C4F575D5D62696B655F5F634B
:106D7000676F78787065553D240E0104194477A03B
:106D8000BABEB7A79D9FACBAC4CBC8B59A81747080
:106D9000788B9EA69C8C7A6B636A7A8C969B98897A
:106DA000715C4C43424D606A6A6150351D161A246D
:106DB000303F515D61666D767F91ACC3D0CFC39F8C
:106DC0008A746964605C657B909FAFBFC2C2C8D89B
:106DD000E2E0E1E7E6DBCEC2AF937B6E68615D5D2A
:106DE0005B5453585B5B6274828994A2A69A8D852A
:106DF0007A69605E53453B301E0C020106173D6CFC
:106E000090A9B7BFB9B5BAC8CFCFCFCAB39274688B
:106E1000616169797E79767879798498AAB5BFC2FB
:106E2000B59C877A6C5D595B54473D342210102025
:106E3000313E536B7B7E85929DA1A7B3BAB6AD9FC1
:106E40007765534F53534C51616F77869FAFBBCDDE
:106E5000E7F3EAE0DFD9C8BCB5A78C716257493FB8
:106E60003F42465267757A8397A8ADB8C4C5B3A2AE
:106E70009581655247362319130901040E172445DD
:106E80006E8B9FB2C3C6C7CEDBD9CBC4BDA7876DFF
:106E9000645C55576164646C7D8B94A5BBCAD1D981
:106EA000DDCFB5A196856C5D54422C2220190F19B7
:106EB000354D5A6D8596979DACB7B6B1B1A89886F9
:106EC000776876776C5D432A365B7D99A29D948DB9
:106ED00099C7E8EADEC6A38A8695ABA78C714F35C1
:106EE0003A4F6C8589827969729FC5D6E0CCAA8DAC
:106EF0007B8493846D542301051022332C1E0E04D1
:106F0000266190B4C4BBA89BA1C5DEDED6B9875F5D
:106F10004F5D7785837A62505E82A5BFCAC2B6ACE8
:106F2000B1C9D5C9B595684239414D4E42321903B0
:106F300015467595A29E938385A9CCD6CFB58D7045
:106F4000636872A2AC9A7D47273E6594B9AB8869A5
:106F50004E5A93BCCAC08E5D4A4E78AEBAAA8A54C5
:106F60003C516FA0C4B090724E5E9AC4E0E3B07D15
:106F700063587CADAA97732D0D1F3766856D4B2026
:106F800001235B8CBCBC997D666EA8D2DCD9A86954
:106F90004F4B6BA3B8AB9264465D86B1D5CAA28352
:106FA000686C9BBCC1B8864A2E2A45737F6F572CEC
:106FB0001231679DC7C3A184656B9FC8D8D3A36BEB
:106FC00057557282CAD5BF9A502E4E72A5D1AE7552
:106FD0004B1F2E7198AEA6612A1E2866B2C4BC9BB8
:106FE00057456887C4ECC39167354C92BCDFDD958B
:106FF0005E4B457EC3C7B88D3A213D5D9EC0986B00
:107000002D01275889BFAE795D414D9ACBDBDD9FBD
:107010005A4E527CC7DAC4A564406185B0D8BA7DA7
:107020005631387AA5B3B2743426295095A4917399
:10703000391F4A7EB7E8D39D774D5594BCD0CE8F8B
:10704000544D53825A523A414E485D8C9D9EB1B286
:10705000999AAFAEA4AAA180778B9497AAA78674B9
:1070600072656A85877878633838555B70A9B793FD
:107070008F9F837BB9D3A8A09B44072A2F16496909
:107080002A0D291C257BB0BCE6ECB7AEBCA2A7D26A
:10709000C08C7C5919143B4657828971748082A632
:1070A000DDF2FBFFDCAD9D8C767F815D42361606FE
:1070B000254353789C9E9FB2BDC4D4D9C9B9A0784A
:1070C000625D504C5A6C59475A5A46576F6A7896C7
:1070D000948EA5ADA4ADB29E96A3A6A8B3A98A72BC
:1070E000614E4F61665F5B4C342D3C537095AEB37F
:1070F000A79792979EB1C1AB805B2B0109232C3FD0
:107100004E311321385693C8D6DDD6B59FA7A9AA0C
:10711000B7AD825C412724496D7E919B8E838FA3FE
:10712000BDE0F7F7E8C8A28E847D837E675A533AA4
:1071300033433F3B5D797E98B1AAB0C5BEB6CAC2A3
:10714000A19C946E616C8C806960523522293E58F6
:107150006D7C83807F8D9FA9B8C7CBC9C6BAA38A2F
:10716000715F50413A311B0F0F0B1538587092ADBB
:10717000B4AF9E8F939CAACBD2A373502515314EEA
:107180005F6C501401172F5A98C2D5D9BC9897A894
:10719000B6D1DFB67650352439627C919A8262632B
:1071A000768FB7E0F8FBDDB09B9E9CA3B7B49374D9
:1071B0005D45332B2F4B728483848E9DADBED5EEFF
:1071C000EDD2BBA58E878CB0A18F837062656E7186
:1071D0006F695C504D586A7C8A93949397A3ACAFC7
:1071E000AB9F876D5D4F4039392D1C17181C2F55EB
:1071F000788C95958A838EAAC5D3CDB081523938C3
:10720000434F564B290D0B17346AA2C0C8C6B6A708
:10721000ACC1D5E1D9B8885C3D35445E737E7A68EF
:107220005B61789ED0F5FFF8E5C7AFAEB4B3AFA40D
:10723000876758585F6B797F7A737379859099A3C4
:10724000A397929A9C9DAAB0AC9382735A525757B7
:107250005E6D6A61696E676D786D5C5E65697C9371
:1072600096908E8A878F96938B7A54332419152A99
:107270004447444A4138527A96B7D6CCAA937F6E97
:1072800073807C6B4F2301010D2457839097A29844
:1072900098BDDEE7F6F7C898866E59687A71696519
:1072A000534B6282A2CAE6EBEBE7D7CDD1D0C3B88D
:1072B000A78367605A5A6F786A6B73697096A4A146
:1072C000B7C1A69CABA49DACAC9B958F918B7E7BEC
:1072D000808483827F6F606261585C5F4F4F646A15
:1072E00073919C99AFBBA7A3AB98877F654A4C412C
:1072F00024273B34334C5C6280A2AABACFC3B6C009
:10730000B393918864584A252D42232358533C75E2
:107310009B8BB2E0CAD2FFE5B8BFAD7D766E443F2D
:10732000533A23486C697CA3AFBBDBD5BED4E3BF23
:10733000B2C09E787D73586A8075747D7072868045
:10734000768B937D767F79768B9B817F7A7E7C6D41
:1073500063645C54575344444A42465B5D55646CD5
:107360005E667765576C68443A371D192510011918
:10737000221A2A34293F625A54717B6E777E737ABF
:107380008063525D513E4B5045596E6066878785DC
:10739000A8B6ACC2CFB3B6D3C0A5B1AB8F92957E21
:1073A00086A3998EAFC6BFC7DADCE7F8EBDBE2D77E
:1073B000BABAC1AEA9B4A799AAB1AAB8C3BABDC88E
:1073C000B8A4A9AB9A8E8D877E7C8196A994817F83
:1073D0007468655B595E55536B7059616D4C3646E8
:1073E0003F232A3722141E1A0C0D1209030202062B
:1073F0000E131E2C22141F28171C3A3A2D465749EB
:10740000556C5D546A675765706A7888848C907E85
:107410007F95908DAEBCADBCD3C4B8CAD1CBD5E0FE
:10742000D9CCCCCAC0C4D6E0D8D6DFE3DFE2F0F4D2
:10743000EAE6EFF0E8F1FFFBF7FFFBE5D5D2C5AFD9
:10744000A5A18B7067614A4767787B9683736D7AD5
:1074500072646C72696A6347383C30283F4A373C33
:107460004B3C38596661737F66554F3B2829261976
:10747000161408040B13213A4E57636D6D71838AFD
:1074800089928E705F5A44394A4E495C665D687CC9
:107490008396B9C7C8D4D4C1BEC7BDB0B3A78982CB
:1074A000877A7B98A3A0B8CDC8CFE5EBEEFEFFF0BE
:1074B000E3D3BDB3B2A9AAB1A79CA6AAA3B1CAC778
:1074C000C0CEC9ADB1BAA08F9E907176838E8E87E3
:1074D0007A6E6158555451493F352F2C2A28221570
:1074E0000B050207131C21221E181615171D1F1C41
:1074F000160F050102070F161C2022242B374351BB
:107500005E656767636064686D71716F6C6A6C74E7
:107510007E8A98A2A7ACB2B7BFCAD4D9D8D4CFC8F4
:10752000C3C5C8CACDCECAC9CCD3DCE6F2FAFDFCCD
:10753000FCF9F6F8FDFAF4EFE4D6CECDCBCBCDCD09
:10754000C5BDB9B7B8BDC2C2B9AEA3978F8E8E956F
:1075500097928877675B56575449403F3B393F3F86
:107560002F1D1105010B1B252927221B151B2A3551
:107570003B3F3A291E1C1D222D36373029282B343B
:10758000485F6B70736C6368757F8A918F83756DCC
:107590006F7784949E9B9797979CB0C7D4D8D8CF89
:1075A000C1BABEC6CBD2D3C7B8B2B2B4C0D2DFE183
:1075B000DEDBD6D4DBEBF5F5F2E9D4C2C1C2C2C63C
:1075C000C9BEABA09A969CACB6B4ADA4968B8E9275
:1075D000908E8D8D8A85807A6E5C4C3D3534353346
:1075E0002D21150B04010306060809070705040BE6
:1075F000141E2B343433312D2C32363B3C37323091
:107600002C303C48536063636A70768493999D9CE8
:10761000948E8C8E959B9B9D9E98959DA8B4C2CC74
:10762000D1D3D0CFD1D5DDE4E2DCD5CBC3C0C3C943
:10763000CFD2D3D0CBCDD6DEE6F2F5EFE8E1D8D588
:10764000D5D3CDC5B9AB9D969697999C9D989392AD
:1076500079797675797A797A79756D625952483F78
:10766000392E24211F1B18171513141615110B067C
:10767000020106101A252D3335383C434B50535424
:107680004F474545434A5455565D60636E7D889526
:10769000A0A4A6A5A4A8ABADAFB0A9A19E9D9DA294
:1076A000ACB4B7BAC1C3C7D2DBDFE3E6E3DCD7D300
:1076B000D1CFCDCCC7C0BCBDBFC1CBD3D5D8DCDA10
:1076C000D7DADBD6D2CDC3B8ADA39A928C89837CAE
:1076D000799C9B9187817B757577726557493A31A3
:1076E0002E2C282827211810090508111819171001
:1076F000070101070F1B262F36383430303337424D
:107700004C4E4C4D49454E5C657080848082878A22
:10771000909CA4A5A4A09B97979CA5A9A7AAABA55C
:10772000A6B3BABDC8D1CCC8CBCBC8CDD3D3D1CCEE
:10773000C5C1BEBEC5CACACED2CCC8CFD3D2D9E18C
:10774000DCD4D3CDC1BFC2BEB7B5B0A59C9A9998C1
:10775000989CA3988A8385847F7971604C403B37DD
:10776000373933251A130E0E11110E0B08050303BA
:10777000070804010409121F2D35302623262A3656
:107780004B57555455504F5D6E7982898378787D7B
:1077900084909CA19D958F909197A7B4B4B0B0AA06
:1077A000A3ABBDC6CACFCDC0BABEC2C6CFD5D2CBA1
:1077B000C4BFBEC3CDD9DCD5D1CFC7C8D5DCD9DDD8
:1077C000DCCDC2C3C3C1C8CEC8BDB5AFAAABB3B8C8
:1077D000B3AAA39B9B93877E786E6668675D554EC0
:1077E000433834312D2927251E11080501020D12B9
:1077F0000E0A0804020913181D242B2C2E353B3ABF
:107800003C474F5258605F5D6267686D777D7E8050
:107810008387878B949A9BA0A5A29EA4A9A9ACB3A9
:10782000B4AFAEB3B4B4BBC2C1C1C3C3C0C4CACE8B
:10783000CFCFD0CFC7C6CDCFCCD1D4CDC8CAC7C388
:10784000C8CECDCBC9C7C3BEC0C3C0BEBFBCB1AA22
:10785000A8A29C9BAAC2D6E5F0F5F3E7D5BDA28409
:107860006B594F4C4D5053545451493E353231337E
:10787000363A3F41414141414144485057616A7263
:10788000787D848A8E919597958F8578695C524E24
:1078900052607795B4D1E9F8FFFCF3E5D5C3B1A206
:1078A000968B80756C66626264686E7374726E69C2
:1078B000635D5A5A5F646C757C7E7E7F7E7D7C80C2
:1078C0008994A0ACB8BDBCB7AD9F8E7E7169656868
:1078D0006F798494AA91A8BFD3E4F2F8F4E3C9A91C
:1078E000886B585256616F7A8285837B726C6A6AA4
:1078F0006C6D6F71706D6966615C5957585C636C33
:1079000077828A9093938F8C88847F7769584635E5
:107910002826304A6F99C2E3F8FFF9E9D6C2AFA230
:107920009890887F746A6461646C78838C8F8E8988
:1079300081776F696667686B6F7272716F6E6B6962
:10794000696D768392A2ADB1AC9E876D533E3331A3
:10795000394758697B91879DB3C8DDEFFAF9E9CEC5
:10796000AB896A554D536272828C92918B837E7D76
:107970007E80828485837E79726A615A57575C65FE
:1079800071808D969A9A958E87817D787164523D2B
:107990002819131C37608EBDE1F8FFF7E5CFBAA8B0
:1079A0009C948F887F7369615D606A7887949C9DE1
:1079B0009A91867C736E6B6A6A6D6F6F6E6E6D6A7C
:1079C000666567717E8FA1AEB3AD9A7F5F40291C5B
:1079D0001C283A4E6173877D8DA1B6CFE6F7FFF77D
:1079E000E1BE9368442C2328374C61737D81807EEF
:1079F0007E838C97A3ABAA9F8A705642383C4D6A0F
:107A00008CADC7D6D9D0BFAB9889807A756C5C47EE
:107A10002E1706010C295486B6DCF4FDF6E4CDB62B
:107A2000A3968E8A837767523E2C23283B587A9BF5
:107A3000B5C4C5B8A389725F575A636D777C7E7DE4
:107A40007A7A808EA2B8CDDBDDD2B89368401F0C65
:107A5000070F20364B5E6D7D347870236036B2237D
:107A6000816EF4237A2137242E507A2483FBBD249F
:107A700060240225AECB462558F28B254A99D125A4
:107A800072C11726BF6B5E262399A526924AED2662
:107A9000FF803527633D7E27B480C727EF4B112831
:107AA0000EA05B28107EA628F4E6F128BCDB3D2959
:107AB0006C5D8A290A6DD7299B0B252A2A3A732ADD
:107AC000C2F9C12A6F4B112B4130612B49A9B12B4F
:107AD00099B7022C475C542C6998A62C196DF92C87
:107AE00071DB4C2D8FE4A02D9189F52D99CB4A2E79
:107AF000CAABA02E492BF72E3F4B4E2FD40CA62FEE
:107B00003571FE2F8F7957301327B130F27A0B3150
:107B1000637666319B1AC231D4681E3248627B326A
:107B20003708D932DE5B3733825E96336611F6331F
:107B3000D27556340F8DB734675819352BD97B352C
:107B4000AA10DF353700433627A9A736D30C0D37E7
:107B5000952C7337C909DA37D0A541380B02AA38FA
:107B6000DF1F1339B3007D39F0A5E7390411533A0B
:107B70005C43BF3A6B3E2C3BA5039A3B8294083C86
:107B80007AF2773C0A1FE83CB21B593DF4E9CA3D42
:107B9000548B3D3E5A01B13E904D253F85719A3F31
:107BA000C76E1040EB46874086FBFE40328E774121
:107BB0008900F1412C546B42BB8AE642DDA5624349
:107BC00039A7DF437A905D444E63DC4467215C450E
:107BD00078CCDC453B665E4669F0E046010001007A
:107BE000010001000100010001000100010001008D
:107BF000010001000100010001000100010001007D
:107C00000100010001000200020002000200020067
:107C10000300030003000400040004000500050045
:107C20000600060007000800080009000A000B0013
:107C30000C000D000E0010001100130014001600BF
:107C400018001B001D0020002300260029002D0025
:107C5000310036003A00400046004C0053005A0004
:107C600062006B00750080008B009800A600B500D4
:107C7000C500D700EA00FF0000010001000100017B
:107C800000010001000100010001000100010001EC
:107C900000010001000100010001000100010001DC
:107CA00000010001000100010001000100010001CC
:107CB00000010001000100010001000100010001BC
:107CC00000010001000100010001000100010001AC
:107CD000000100010001000100010001000102801B
:107CE00028804F807880A180CC80F98026815581C2
:107CF0008681B881EB81208256828F82C88204837C
:107D000041838083C183048449849084D9842585F8
:107D10007285C28514866886BF8619877587D38762
:107D20003588998800896A89D689468ABA8A308BCB
:107D3000AA8B278CA78C2B8DB38D3E8ECD8E608F1A
:107D4000F78F92903191D4917C922893D8938D940F
:107D500047950596C89690975D982F99069AE29A4E
:107D6000C49BAB9C989D8A9E829F7FA082A18BA280
:107D70009AA3AFA4CAA5EBA612A83FA972AAACAB5E
:107D8000ECAC32AE7FAFD2B02CB28BB3F1B45EB6F6
:107D9000D1B74AB9CABA50BCDCBD6EBF07C1A5C2D3
:107DA0004AC4F5C5A5C75BC917CBD9CCA0CE6CD04A
:107DB0003DD214D4EFD5CFD7B4D99DDB8ADD7CDF9B
:107DC00071E169E366E565E767E96CEB74ED7EEF09
:107DD00089F197F3A6F5B7F7C8F9DAFBEDFD0000D6
:107DE0001302260438064A085A0A690C770E8310D3
:107DF0008D12941499169B189B1A971C901E85201F
:107E0000762263244C263128112AEC2BC32D942F83
:107E100061312733E934A5365B380C3AB63B5B3D1C
:107E2000FA3E92402542B1433745B6462F48A24913
:107E30000F4B754CD54D2E4F8150CE511453545489
:107E40008E55C156EE571659365A515B665C755DB4
:107E50007E5E815F7F607661686255633C641E650B
:107E6000FA65D166A36770683869FB69BA6A736B93
:107E7000286CD96C856D2C6ECF6E6E6F0970A070FA
:107E80003371C2714E72D5725973DA735774D074EC
:107E90004775BA752A76977601776877CC772D780B
:107EA0008C78E87841799879EC793E7A8E7ADC7A28
:107EB000277B707BB77BFC7B3F7C807CBF7CFC7C22
:107EC000387D727DAA7DE07D157E497E7B7EAB7E0E
:107ED000DA7E087F347F5F7F887FB17FD87FD87F4D
:107EE000000001FF01FE01FD02FC02FB04FA06F99D
:107EF00009F80CF710F615F51CF423F32BF235F105
:107F000041F04DEF5CEE6CED7EEC91EBA7EABFE942
:107F1000D9E8F5E713E734E658E57EE4A7E3D2E2D3
:107F200001E232E167E09FDFDADE18DE5ADDA0DC35
:107F3000E9DB36DB86DADBD934D991D8F2D757D7EB
:107F4000C1D62FD6A2D51AD596D417D49DD328D36F
:107F5000B9D24ED2E9D18AD130D1DBD08DD044D044
:107F600001D0C4CF8DCF5CCF32CF0ECFF0CED9CEE3
:107F7000C9CEBFCEBDCEC1CECCCEDECEF8CE19CFCF
:107F800041CF71CFA8CFE7CF2ED07DD0D3D032D183
:107F900099D108D27FD2FFD288D319D4B3D455D582
:107FA00001D6B5D673D73AD80AD9E3D9C6DAB3DB46
:107FB000A9DCA9DDB2DEC6DFE4E00CE23EE37AE450
:107FC000C1E512E76EE8D4E946EBC2EC49EEDBEF1F
:107FD00079F121F3D5F495F660F836FA18FC06FE2F
:107FE00000000502180436066008970ADB0C2B0F08
:107FF0008711F1136716EA187A1B181EC2207A231C
:108000003F261229F22BE02EDC31E634FD37233BEC
:10801000573E9941EA444848B64B324FBD525656F6
:10802000FF59B65D7D61536538692C6D30714375BC
:108030006779997DFF7FFF7FFF7FFF7FFF7FFF7F56
:10804000FF7FFF7FFF7FFF7FFF7FFF7FFF7FFF7F40
:10805000FF7FFF7FFF7FFF7FFF7FFF7FFF7FFF7F30
:10806000FF7FFF7FFF7FFF7FFF7FFF7FFF7FFF7F20
:10807000FF7FFF7FFF7FFF7FFF7FFF7FFF7FFF7F10
:10808000FF7FFF7FFF7FFF7FFF7FFF7FFF7FFF7F00
:10809000FF7FFF7FFF7FFF7FFF7FFF7FFF7FFF7FF0
:1080A000FF7FFF7FFF7FFF7FFF7FFF7FFF7FFF7FE0
:1080B000FF7FFF7FFF7FFF7FFF7FFF7FFF7FFF7FD0
:1080C000FF7FFF7FFF7FFF7FFF7FFF7FFF7FFF7FC0
:1080D000FF7FFF7FFF7FFF7FFF7FFF7FFF7FFF7FB0
:1080E000FF7F000000000000000000000000000012
:1080F0000000000000000000000000000000000080
:10810000000000000000000000000000000000006F
:10811000000000000000000000000000000000005F
:108120000000000010010005547154B58824249B00
:108130000001009C00F0B803540108004400100046
:10814000880088FC806044D840F0446444B444BC57
:10815000908044FC44F410010801A000441008027F
:10816000908450FC44EC50F1009C10F1449C448CF1
:1081700040BC446C10910078A40C001C806E206EF2
:1081800000FC44CC20FC64CC44B41081007C880CFE
:10819000286CA80290028890009C200200F0280021
:1081A0000010000244F8241C44184870049C048CFD
:1081B00040F2442C54104030B0011001542850209B
:1081C0004438848C64C4500040B2041C0038080851
:1081D0002828A80240720C100C921001E090440074
:1081E0000000A060080E80822810E0000C028003CE
:1081F0003800886088481800280000EC44281011D6
:10820000200E08FC04FC00FE00FD80FC40FC20FC6D
:1082100010FC00C000E0007000380018001C008C4A
:1082200000C4FCFF0000000000000000000000008F
:10823000000000000000000000000000000000003E
:10824000000000000000000000000000000000002E
:10825000000000000000000000000000000000001E
:10826000000000000000000000000000000000000E
:1082700000000000000000000000000000000000FE
:1082800000000000000000000000000000000000EE
:1082900000000000000000000000000000000000DE
:1082A00000000000000000000000000000000000CE
:1082B00000000000000000000000000000000000BE
:1082C00000000000000000000000000000000000AE
:1082D000000000000000000000000000000000009E
:1082E000FCFF00810A81278159819C81F78160828E
:1082F000E18273831984D3849D857E867087738819
:108300008C89B48AF08B3D8D9E8E0E909091249333
:10831000C7947D964298179AFC9BF19DF49F08A202
:1083200028A457A696A8DFAA39AD9DAF0EB28CB48B
:1083300015B7AAB94ABCF2BEA8C165C42CC7FCC90E
:10834000D4CCB5CF9CD28CD580D87DDB7EDE83E1CA
:1083500091E49FE7B3EACAEDE4F0FFF31EF73EFABB
:108360005EFD7E00A103C106DF09FE0C1B10341365
:108370004B165F196E1C791F812281257E28722B76
:10838000622E4A3129340237D239983C583F0A428A
:10839000B5445447EA49714CEF4E6251C6531D56DD
:1083A0006A58A65AD55CF75E0A610D630265E766F6
:1083B000BC68826A356CDB6D6E6FF0706172C07381
:1083C0000E75497673778B788E79817A5F7B2C7CFA
:1083D000E57C8B7D1E7E9C7E097F607FA77FD57F9D
:1083E000F57FFE7FF57FD57FA77F607F097F9C7E2D
:1083F0001E7E8B7DE57C2C7C5F7B817A8E798B78F1
:10840000737749760E75C0736172F0706E6FDB6DB5
:10841000356C826ABC68E76602650D630A61F75EC7
:10842000D55CA65A6A581D56C6536251EF4E714C20
:10843000EA495447B5440A42583F983CD23902377A
:1084400029344A31622E722B7E2881258122791FA0
:108450006E1C5F194B1634131B10FE0CDF09C1068E
:10846000A1037E005EFD3EFA1EF7FFF3E4F0CAEDC5
:10847000B3EA9FE791E483E17EDE7DDB80D88CD593
:108480009CD2B5CFD4CCFCC92CC765C4A8C1F2BE60
:108490004ABCAAB915B78CB40EB29DAF39ADDFAAEC
:1084A00096A857A628A408A2F49FF19DFC9B179AB2
:1084B00042987D96C794249390910E909E8E3D8D08
:1084C000F08BB48A8C89738870877E869D85D3846F
:1084D00019847383E1826082F7819C8159812781AD
:1084E0000A81008102800280028002800280028074
:1084F000028002800280028002800280028002806C
:10850000028002800280028002800280028002805B
:10851000028002800280028002800280028002804B
:108520000280028002800280038003800380038037
:108530000380038003800380038004800480048020
:1085400004800580058005800680068007800880FD
:10855000088009800A800B800C800E800F801180BB
:108560001380158018801B801E80228026802B801F
:10857000308037803E8046804F8059806480718093
:1085800080809180A480BA80D280ED800D8130817E
:1085900058818581B981F38134827E82D282318390
:1085A0009C8314849D843685E485A78683877A8896
:1085B0009089C88A268CAE8D648F4C916D93CB9533
:1085C0006A98529B869E0BA2E8A51FAAB5AEABB3D4
:1085D00004B9BFBEDAC452CB22D241D9A7E047E8E2
:1085E00015F003F80000FD07EB0FB917591FBF2660
:1085F000DE2DAE34263B4141FC46554C4B51E155F6
:10860000185AF55D7A61AE649667356A936CB46EFC
:108610009C705272DA733875707686777D785979E6
:108620001C7ACA7A637BEC7B647CCF7C2E7D827D56
:10863000CC7D0D7E477E7B7EA87ED07EF37E137F31
:108640002E7F467F5C7F6F7F807F8F7F9C7FA77FA1
:10865000B17FBA7FC27FC97FD07FD57FDA7FDE7FCF
:10866000E27FE57FE87FEB7FED7FEF7FF17FF27FB9
:10867000F47FF57FF67FF77FF87FF87FF97FFA7F49
:10868000FA7FFB7FFB7FFB7FFC7FFC7FFC7FFC7F17
:10869000FD7FFD7FFD7FFD7FFD7FFD7FFD7FFD7FFA
:1086A000FD7FFE7FFE7FFE7FFE7FFE7FFE7FFE7FE3
:1086B000FE7FFE7FFE7FFE7FFE7FFE7FFE7FFE7FD2
:1086C000FE7FFE7FFE7FFE7FFE7FFE7FFE7FFE7FC2
:1086D000FE7FFE7FFE7FFE7FFE7FFE7FFE7FFE7FB2
:1086E000FE7FFE7FFE7FFF7FEB6E626BF2680567A9
:1086F0006665FC63B962936185608A5F9E5EC05D5A
:10870000EE5C255C665BAE5AFD595359AF58105864
:108710007557DF564D56BF553455AD542854A753A1
:108720002853AB523152BA514451D0505E50EE4FA3
:10873000804F134FA84E3F4ED74D704D0A4DA64C5B
:10874000434CE14B804B204BC14A634A074AAB493B
:108750005049F5489C484348EB4794473E47E84614
:1087600093463F46EB4597454545F344A144504465
:108770000044B04361431243C34275422742DA4189
:108780008D414141F540A9405E401340C83F7E3FC6
:10879000343FEA3EA13E583E0F3EC73D7F3D373D48
:1087A000EF3CA83C603C1A3CD33B8C3B463B003B37
:1087B000BA3A743A2F3AEA39A4395F391B39D638B4
:1087C00092384D380938C53781373D37FA36B636D5
:1087D00073362F36EC35A93566352335E0349D34B4
:1087E0005A341834D533923350330E33CB32893266
:1087F00046320432C23180313D31FB30B9307730FE
:108800003530F22FB02F6E2F2C2FEA2EA72E652E8B
:10881000232EE02D9E2D5B2D192DD62C942C512C22
:108820000E2CCB2B882B452B022BBF2A7C2A382AD7
:10883000F529B1296D292A29E628A1285D281928BA
:10884000D4278F274A270527C0267A263426EE25E7
:10885000A82562251B25D5248D244624FF23B72374
:108860006F232623DD2294224B220122B7216D2182
:108870002221D7208C204020F31FA71F591F0C1F37
:10888000BE1E6F1E201ED01D801D2F1DDE1C8C1CC9
:10889000391CE61B921B3D1BE81A911A3A1AE21981
:1088A0008A193019D6187A181D18C01761170117C0
:1088B0009F163C16D81573150C15A3143814CB133A
:1088C0005D13EC12791204128B111011921010101A
:1088D0008B0F010F720EDE0D450DA40CFC0B4A0B25
:1088E0008D0AC309E808F607B2FF9AB16C84EF88D5
:1088F00077BB2107214FDE79A8794B50070D64C65D
:108900006D9203802393C8C4F605914473705E7F13
:10891000F16E7244CF0A8CCF869F45845C82FE98AC
:10892000BAC2FFF6FD2B8E58AA75617F21756F596B
:108930003131B0028DD4D3AC3690A6811F82CE9057
:1089400055AB46CE9BF5391D5741D95E81730A7EE2
:10895000287E6C7421621749732B780B5AEB1DCD5E
:1089600075B2B59CC88C2D8302800C83C68B74991C
:1089700030ABFDBFD7D6BEEEBE06001EC4336F4778
:108980008558AF66B3717979017E627FC77D6B7957
:1089900093728E69AD5E4652AB4430362227C917BA
:1089A00068083AF975EA46DCD5CE41C2A5B614ACE2
:1089B0009DA24A9A2093208D49889584FF817C80CE
:1089C00002808580F8814E8479876A8B1390679541
:1089D000569BD3A1D1A843B01BB84DC0CEC890D1EF
:1089E00089DAAEE3F3EC4DF6B2FF17097212B71B4A
:1089F000DB24D42D9736173F4947214F9356915D7D
:108A00000F64FE69516FFB73EC77167B6C7DDF7E24
:108A1000627FE87E657DCF7A1C774572456C1B6569
:108A2000C85C5153C048233D8F301E23EF142A06E3
:108A3000FDF69BE742D834C9B9BA1FADB7A0D795A8
:108A4000D18CFA859E8103806481EB85B18DB698C7
:108A5000DFA6F6B7A1CB65E1A6F8A7108D28673F82
:108A60003554F0659E73587C627F387C9D72AF628E
:108A7000EF4C47320A14EDF3F1D34DB6449DF88A1A
:108A80003C815A81E38B8BA00DBE2CE2C9091E31BB
:108A90000F54976E457DBF7D2E6F9152D72AB4FC3F
:108AA00033CEF5A5448A0380BA89D7A667D3660872
:108AB000AA3C6666087D1F7BDF5FD82F95F4F2BA6B
:108AC00074900680F18ED3BA6EF99D3A426C617F44
:108AD000F76C00395DF21AAFBC85868543B043F868
:108AE000ED437576F87ACB4DCB4D000816082C086F
:108AF00043085A0871088908A108B908D108EA088A
:108B000003091C0935094F09690983099E09B80938
:108B1000D309EF090B0A270A430A5F0A7C0A9A0A5B
:108B2000B70AD50AF30A120B310B500B6F0B8F0BE0
:108B3000AF0BD00BF10B120C340C560C780C9B0CB9
:108B4000BE0CE20C060D2A0D4F0D740D990DBF0DD4
:108B5000E60D0C0E330E5B0E830EAC0ED40EFE0E25
:108B6000280F520F7D0FA80FD30F00102C10591093
:108B70008710B510E310131142117211A311D41113
:108B8000061238126B129E12D21206133C13711386
:108B9000A713DE1316144E148614BF14F9143415DB
:108BA0006F15AB15E71524166216A016DF161F17F2
:108BB0005F17A117E21725186818AC18F1183719B4
:108BC0007D19C4190C1A551A9E1AE81A331B7F1BFB
:108BD000CC1B191C671CB71C071D581DA91DFC1DAB
:108BE000501EA41EFA1E501FA71F00205920B3209C
:108BF0000E216A21C72126228522E5224623A923A8
:108C00000C247024D6243D25A5250D267826E326A0
:108C10004F27BD272C289C280D297F29F329682A56
:108C2000DE2A562BCE2B482CC42C412DBF2D3E2E98
:108C3000BF2E422FC52F4B30D1305931E3316E3228
:108C4000FB3289331834AA343C35D1356736FE36C9
:108C500098373338CF386E390E3AB03A533BF93B38
:108C6000A03C493DF43DA03E4F3F0040B24066412C
:108C70001D42D5428F434C440A45CA458D46524752
:108C80001848E148AD497A4A4A4B1B4CF04CC64D56
:108C90009F4E7A4F585038511A52FF52E653D054D3
:108CA000BD55AC569D5791588859825A7E5B7D5C64
:108CB0007F5D845E8B5F9660A361B362C663DC6494
:108CC000F665126731685469796AA26BCE6CFD6DE6
:108CD000306F66709F71DC721C746075A776F277D6
:108CE0004079927AE87B417D9F7E008042FF48FF79
:108CF0004DFF54FF5AFF64FF6AFF71FF7BFF80FF47
:108D000087FF8EFF92FF96FF99FF9AFF99FF9AFFC8
:108D100095FF91FF8CFF84FF7CFF73FF68FF5FFF6F
:108D200052FF47FF3BFF32FF26FF1EFF15FF0FFFDD
:108D30000AFF07FF07FF08FF0DFF12FF1EFF27FFB7
:108D400039FF47FF5CFF71FF88FFA3FFBCFFD8FF1F
:108D5000F4FF11002F004900650080009700B0006B
:108D6000C200D500E300EF00F800FD00FF7FFC002B
:108D7000F800EF00E400D400C300AF0097008100CA
:108D800064004A002E001100F5FFD7FFBDFFA2FFCF
:108D900088FF72FF5BFF48FF38FF28FF1CFF14FFAE
:108DA0000DFF07FF08FF06FF0BFF0EFF15FF1FFF5C
:108DB00025FF32FF3BFF48FF52FF5EFF68FF73FF56
:108DC0007DFF83FF8CFF92FF95FF98FF9BFF9AFF2B
:108DD00098FF97FF91FF8EFF87FF81FF7AFF72FF59
:108DE0006AFF62FF5CFF53FF4EFF47FF43FF3DFFFB
:108DF0003BFF39FF38FF37FF39FF3AFF3FFF41FFA5
:108E000046FF4CFF51FF56FF5FFF62FF6AFF6FFF97
:108E100075FF79FF7DFF81FF84FF85FF85FF86FF5A
:108E200085FF82FF81FF7CFF7AFF73FF6FFF6AFF80
:108E300065FF5FFF59FF56FF4FFF4DFF48FF45FF9E
:108E400043FF43FF40FF42FF43FF45FF46FF4BFF09
:108E50004EFF52FF58FF5BFF62FF67FF6AFF71FF23
:108E600073FF79FF7CFF7DFF81FF82FF80FF83FF1F
:108E70007FFF7FFF7BFF78FF75FF70FF6BFF66FF53
:108E800061FF5DFF57FF52FF4EFF4BFF47FF44FF5F
:108E900043FF42FF40FF43FF43FF45FF49FF4CFFB5
:108EA0004FFF56FF59FF60FF64FF69FF70FF74FFBB
:108EB00079FF7DFF7FFF84FF84FF85FF87FF85FFAC
:108EC00083FF80FF7FFF78FF75FF6FFF6AFF63FFFF
:108ED0005DFF58FF50FF4CFF46FF42FF3DFF3CFF48
:108EE00038FF37FF38FF39FF3BFF3EFF42FF02806C
:108EF0005680AD8008816681C58126828782E7829F
:108F00004583A083F68347849184D5841285488560
:108F10007985A685D185FD852C866486A886FC8604
:108F20006687E887888848892A8A318B5B8CA78D79
:108F3000118F94902992C8936695F8967298C99962
:108F4000F19ADF9B8B9CEF9C079DD39C599CA09B27
:108F5000B59AAB9995988D97AE961496DD95259612
:108F600004979298DD9AEF9DC9A164A6B0AB91B128
:108F7000E6B782BE34C5C2CBF3D18BD751DC10E04B
:108F80009AE2CFE398E3EEE1DCDE7DDAFBD494CE27
:108F900092C74CC022B979B2B8AC3FA86AA584A4E4
:108FA000CAA560A954AF9BB70CC267CE4FDC54EB87
:108FB000F2FA990AB0199F27D233C43D01452E49D0
:108FC000104A8C47AB419B38AD2C531E1E0EB4FC8F
:108FD000CCEA28D988C8A5B92AADA8A3919D369B0B
:108FE000BE9C26A241ABBBB718C7BDD8F7EB0000AB
:108FF00009144327E8384548BF54DA5D4263CA6420
:109000006F62585CD6525B467837D82634154C03CD
:10901000E2F1ADE153D365C755BE74B8F0B5D2B631
:10902000FFBA3CC22ECC61D850E667F50E05AC14F1
:10903000B1239931F43D6548AC50A056365A7C5B5B
:10904000965AC1574853874DDE46B43F6E386C314F
:10905000052B83252421121E681C311C661DF01F60
:10906000AF2375280D2E3E34CC3A7E411A486F4E00
:1090700050549C59375E116223656E67FC68DB694A
:10908000236AEC69526973686B6755664B65606467
:10909000A7632D63F9621163756321640F653766F9
:1090A0008E6708699A6A386CD76D6C6FEF70597269
:1090B000A573CF74D675B876787718789A780479CE
:1090C00058799C79D479037A2F7A5A7A877AB87A40
:1090D000EE7A2B7B6F7BB97B0A7C607CBB7C197D35
:1090E000797DDA7D3B7E9A7EF87E537FAA7FAA7FC8
:1090F00000007EFF3DFF98FF15000E0083FF34FF48
:109100008CFF18001A008BFF2AFF7EFF19002A002F
:1091100094FF1FFF6DFF1A003D009EFF13FF58FFD5
:109120001C005300ACFF02FF41FF1C006F00BCFF9E
:10913000EFFE22FF1D009200D3FFD5FEF9FE1D00B9
:10914000C300F2FFB3FEBBFE1F000A0123007DFE39
:109150005BFE1F00830176001CFEA9FD1F007C0240
:10916000300136FDD0FB1F00DD054F04DDF7A2E71F
:10917000FE7FA2E7DCF75104DC051F00D0FB35FDC4
:1091800031017C022000A7FD1DFE77008101200037
:109190005BFE7EFE22000A011E00BCFEB3FEF2FF53
:1091A000C3001D00F9FED5FED3FF92001D0022FF73
:1091B000EFFEBCFF6F001C0041FF02FFACFF53003D
:1091C0001B005AFF11FF9FFF3D001A006DFF1FFF9C
:1091D00094FF2A0019007EFF2AFF8BFF1A00180057
:1091E0008CFF34FF83FF0D00170097FF3DFF7EFFCC
:1091F00000001400A3FF45FF79FFF5FF1200ADFF4B
:109200004CFF75FFEBFF0F00B6FF54FF71FFE0FF4F
:109210000F00BDFF5BFF6DFFD8FF0C00C4FF63FFB5
:109220006AFFCFFF0A00CAFF6AFF68FFC6FF080097
:10923000D1FF6FFF66FFC0FF0300D8FF76FF63FF1B
:10924000B9FF0100DDFF7BFF64FFB0FFFEFFE2FF1F
:1092500083FF61FFAAFFFBFFE6FF89FF61FFA3FF1A
:10926000F7FFEBFF90FF60FF9DFFF2FFF0FF96FF1F
:1092700060FF96FFEFFFF4FF9CFF60FF90FFEBFFA6
:10928000F7FFA3FF60FF8AFFE7FFF9FFABFF61FF76
:1092900084FFE0FFFFFFB1FF62FF7CFFDDFF020004
:1092A000B7FF64FF76FFD8FF0300C0FF66FF6FFFC4
:1092B000D1FF0700C8FF67FF69FFCCFF0800D1FF9F
:1092C00069FF63FFC4FF0B00D9FF6DFF5BFFBDFFAC
:1092D0000F00E0FF71FF54FFB6FF0F00EBFF75FFBB
:1092E0004CFFADFF1200F5FF79FF45FFA2FF15000F
:1092F0000000001C001C001CC01C801D401E001F24
:10930000C01F802040210022C0228023402400254D
:10931000C02580264027002800280028C028802952
:10932000402A002BC02B802C402D002EC02E802FD9
:1093300040300031C03180320034003400342834F1
:10934000283428349E3514378A38003A003A003AD7
:10935000E83AD13BD13BD13BDD3CE83DF43E004017
:10936000004000402840284028409E4114438A4441
:10937000004600460046E846D147D147D147C0489D
:10938000B049B049B049D84A004C004C004C284C78
:10939000284C284C194D0A4E0A4E0A4EE84EC64F2C
:1093A000A5508351835183510052005200520553FE
:1093B00005530553D153D153D153A95482558255E6
:1093C0008255C1560058005800580559055905598D
:1093D000ED59D65AD65AD65ADC5BDC5BDC5BEE5CC8
:1093E000005E005E005E805F006180620064006479
:1093F00000640064B0FFCAC1797A7C7B5FC5030852
:1094000009232220B11EC9B9BA535036C3C42A2930
:1094100024252621B21FC7B8A5524F564E2D2E2FF8
:109420002B2C2827C0C6C8B7A451191A7E7D00016D
:1094300002061716BFB3E3E4A654550E7F8081825F
:10944000838407D1BE86E2E5FDCC370C0F0A0BA35F
:10945000A2A7ABD0BD85E1E6FED8D7D69D9E9FA042
:10946000A1A8A9AAAEEAE9E7DAD9CECDD538F4F2B7
:10947000747372F3BCEBEEE8DBCFD2D3C291CBF5C1
:109480006F70716C3F1B9CED059594F68F90D434F2
:109490006E6D68ACBB1C11EC789693328E8D3E3CA1
:1094A0003B666739B61D0DEF7797878A8B8CF8631B
:1094B0006264653D151304F076988889FAFBF9F724
:1094C0006035696AAF1810F175999A9B92335E5DA9
:1094D00031613A6BB5FC12DCDD40595A5C5B585780
:1094E00041424344AD14E0DFDE30B44D4C4B4A49B9
:1094F000484746450000B20065011802CB027E03D2
:109500003104E40497054A06FD06B007630816090E
:10951000C9097C0A2F0BE20B950C480DFB0DAE0E12
:10952000610F1410C7107A112D12E0129313461414
:10953000F914AC155F161217C51778182B19DE1918
:10954000911A441BF71BAA1C5D1D101EC31E761F1B
:109550002920DC208F214222F522A8235B240E251E
:10956000C12574262727DA278D284029F329A62A22
:10957000592B0C2CBF2C722D252ED72E8A2F3D3027
:10958000F030A33156320933BC336F342235D53530
:1095900088363B37EE37A1385439073ABA3A6D3B33
:1095A000203CD33C863D393EEC3E9F3F5240054136
:1095B000B8416B421E43D14384443745EA459D463A
:1095C00050470348B64869491C4ACF4A824B354C3C
:1095D000E84C9B4D4E4E014FB44F67501A51CD5140
:1095E00080523353335321530F53FD52EB52DA520F
:1095F000C852B652A452925280526F525D524B5290
:109600003952275216520452F251E051CE51BC51F8
:10961000AB519951875175516351515140512E5160
:109620001C510A51F850E750D550C350B1509F50CB
:109630008D507C506A505850465034502250115032
:10964000FF4FED4FDB4FC94FB84FA64F944F824F9E
:10965000704F5E4F4D4F3B4F294F174F054FF34E05
:10966000E24ED04EBE4EAC4E9A4E894E774E654E6F
:10967000534E414E2F4E1E4E0C4EFA4DE84DD64DD8
:10968000C44DB34DA14D8F4D7D4D6B4D5A4D484D41
:10969000364D244D124D004DEF4CDD4CCB4CB94CAA
:1096A000A74C954C844C724C604C4E4C3C4C2B4C13
:1096B000194C074CF54BE34BD14BC04BAE4B9C4B7D
:1096C0008A4B784B664B554B434B314B1F4B0D4BE5
:1096D000FC4AEA4AD84AC64AB44AA24A914A7F4A50
:1096E0006D4A5B4A494A374A264A144A024AF049B7
:1096F000DE49CD49BB49A949974985497349624922
:1097000050493E492C491A490849F748E548D34889
:10971000C148AF489E488C487A48684856484448F3
:10972000334821480F48FD47EB47D947C847B6475C
:10973000A447924780476F475D474B4739472747C4
:1097400015470447F246E046CE46BC46AA4699462F
:10975000874675466346514640462E461C460A4695
:10976000F845E645D545C345B1459F458D457B4503
:109770006A4558454645344522451145FF44ED4468
:10978000DB44C944B744A6449444824470445E44D4
:109790004C443B44294417440544F343E243D0433B
:1097A000BE43AC439A4388437743654353434143A5
:1097B0002F431D430C43FA42E842D642C442B3420F
:1097C000A1428F428F428F428F428F428F428F42FF
:1097D0008F428F428F428F428F428F428F428F4201
:1097E0008F428F428F428F428F428F428F428F42F1
:1097F0008F428F428F428F428F428F428F428F42E1
:109800008F428F4200009BFF11FEC4FFEAFF0CFE57
:1098100078FF31001CFE21FF6A0046FEC3FE8E0069
:1098200089FE64FE9B00E0FE0BFE8D0048FFC2FD3A
:109830005E00BEFF8CFD1200390070FDA9FFB10073
:1098400078FD22FF1F01A6FD86FE770100FED7FDF1
:10985000B1018AFE1CFDC20149FF5CFC9E013F0074
:10986000A1FB36017601F2FA7200040358FA22FFD6
:109870001E05D6F9DFFC550878F92EF8240F3AF9C1
:10988000D6E6BF39FE7FBE39D5E63CF9230F2FF867
:1098900076F95708DEFCD7F91C0524FF57FA0503B3
:1098A0007000F4FA75013601A2FB3E009E015DFCDA
:1098B00048FFC2011CFD8AFEB201D5FD02FE760101
:1098C00086FEA7FD1D0124FF77FDB100A9FF71FDF4
:1098D000380013008BFDBEFF5E00C2FD49FF8B0008
:1098E0000DFEDFFE9C0063FE89FE8E00C3FE47FE78
:1098F000690021FF1DFE2F007AFF0CFEE8FFC5FF67
:1099000012FE9AFF00002EFE49FF28005AFEFFFEBD
:10991000390097FEB9FE3900DAFE84FE220021FFED
:109920005EFEFDFF65FF4BFEC9FFA4FF49FE8DFFF4
:10993000D6FF5CFE4CFFFAFF7DFE0DFF0E00ABFE76
:10994000D3FE1000E3FEA2FE03001EFF7DFEE7FF34
:109950005AFF68FEBCFF92FF65FE87FFC2FF70FEE4
:109960004FFFE5FF8BFE15FFFBFFB3FEDDFE03009F
:10997000E2FEB0FEF8FF1AFF8AFEE1FF52FF74FE1E
:10998000BAFF8AFF6BFE8BFFB9FF74FE53FFDFFF48
:109990008BFE1BFFF7FFB0FEE3FE0100DFFEB2FE11
:1099A000FBFF16FF8AFEE5FF50FF6FFEC2FF88FF38
:1099B00064FE92FFBCFF68FE5BFFE6FF7DFE1EFFBC
:1099C0000400A1FEE2FE1200D2FEABFE0F000CFF6F
:1099D0007DFEFAFF4DFF5BFED6FF8DFF4AFEA3FF23
:1099E000C9FF4CFE64FFFDFF5EFE21FF220085FEE5
:1099F000D9FE3900BAFE95FE3B00FEFE5AFE280055
:109A00004AFF2DFE00000000C9015A03AA04B00558
:109A10006806CA06D4068206D205C8046003A001FF
:109A200091FF32FD8FFAB2F7A4F470F127EED0EA7D
:109A30007EE740E423E135DE8BDB2ED92BD798D5AA
:109A400077D4DBD3C9D34ED46BD52AD78CD991DC4C
:109A50003BE084E469E9E0EEE6F466FB5F02B90905
:109A600069115A198021C12909324B3A6842544A76
:109A7000F45138590C605D661B6C36719F754E79D8
:109A8000367C4C7E927FFE7F927F4C7E367C4D7979
:109A9000A17535711B6C5C660D603859F551524AE1
:109AA0006A42493A0B32C0297F215B196911BA0910
:109AB0005D0268FBE4F4E1EE69E984E43AE093DCFA
:109AC0008BD92AD76BD54ED4C9D3DAD379D496D5CE
:109AD0002DD72DD98ADB36DE23E140E47EE7D1EABB
:109AE00025EE71F1A4F4B2F78FFA32FD91FFA001D7
:109AF0006003C704D3058206D406CB066706B0050B
:109B0000AA045903CA01000008FEE8FBB1F966F790
:109B100015F5C9F28CF064EE60EC84EAD9E864E7EC
:109B20002EE638E586E419E4F7E318E47DE427E55A
:109B30000DE62DE77FE8FEE9A4EB64ED3CEF1FF1B5
:109B400008F3EAF4C0F681F823FAA5FBFAFC1DFE3F
:109B500010FFC7FF4300840083004A00D2FF21FFAB
:109B60003AFE22FDDEFB74FAE9F846F793F5D7F3E7
:109B700017F260F0B6EE24EDADEB5AEA31E934E8C5
:109B80006FE7DCE685E666E685E6DCE66EE736E866
:109B900030E95AEAADEB23EDB7EE60F018F2D6F3F8
:109BA00092F547F7E9F874FADEFB22FD3AFE22FF50
:109BB000D1FF4900840084004300C7FF0FFF1FFE50
:109BC000F9FCA4FB25FA80F8C0F6EAF407F320F1CB
:109BD0003CEF65EDA2EB00EA7EE82DE70CE628E518
:109BE0007DE419E4F5E31AE486E438E52EE664E75B
:109BF000D9E884EA60EC64EE8CF0C8F217F565F7FA
:109C0000B0F9EAFB07FE00000080008000800080C1
:109C10000080008000800080008000800080008044
:109C2000008000800080008000804D782D71916A56
:109C30006F64BD5E70598154E84F9E4B9D47DE4373
:109C40005E40163D043A22376D34E3317F2F3F2DBD
:109C5000222B232942277C25CF233A22BB20501FC9
:109C6000F91DB51C811B5D1A4819411848175B1670
:109C70007915A314D61314135B12AA1102116210E2
:109C8000C80F360FAA0E250EA50D2B0DB60C470CCE
:109C9000DC0B750B130BB50A5B0A040AB1096109E9
:109CA0001509CB08850841080008C10784074A0741
:109CB0001207DC06A906770646061806EB05C0055E
:109CC00097056E0548052205FE04DB04B9049904D6
:109CD00079045B043D0421040504EB03D103B803BC
:109CE000A003880372035C03460332031E030A03C6
:109CF000F702E502D302C202B202A102920282027C
:109D00007402650257024A023C0230022302170223
:109D10000B020002F501EA01DF01D501CB01C1010F
:109D2000B801AE01A5019D0194018C0184017C0163
:109D300074016D0165015E01570150014A01430143
:109D40003D01370131012B01250120011A011501C7
:109D500010010B0106010101FC00F700F300EE0009
:109D6000EA00E600E200DE00DA00D600D200CF0012
:109D7000CB00C700C400C100BD00BA00B700B400EA
:109D8000B100AE00AB00A800A500A200A0009D009D
:109D90009B0098009600930091008F008C008A0031
:109DA000880086008400820080007E007C007A00AB
:109DB000780076007400720071006F006D006C0016
:109DC0006A0068006700650064006200610060006E
:109DD0005E005D005C005A005900580056005500B6
:109DE00054005300520051004F004E004D004C00F3
:109DF0004B004A0049004800470046004500440027
:109E0000430042004200410040000000F7FDE6FB35
:109E100011FB00FC2FFE520017010100A6FD70FB94
:109E2000BAFA00FC8AFED8007A01FFFF3EFDD8FA9C
:109E30004AFA00FC04FF8701FC010000B0FC07FAAD
:109E4000B1F9FFFBADFF8302B6020100E0FBD1F8E0
:109E5000C8F801FCB1000E04E203FFFF8AFAC5F660
:109E60003AF7FFFB8B02E80617060100D2F779F2FA
:109E7000CCF300FCFF06380E2A0C0000FEEEE4E2F4
:109E800091E500FCFB22774FA572FD7FA572784F0C
:109E9000FA2200FC92E5E3E2FEEE00002B0C370E06
:109EA000FF0600FCCCF37AF2D2F7FFFF1906E706B3
:109EB0008B0200FC38F7C7F689FA0000E1030E04B4
:109EC000B20000FCC8F8D1F8E1FB0000B602830242
:109ED000ADFF00FCB0F907FAB0FC0100FB018801FE
:109EE00003FF00FC4AFAD9FA3CFD01007A01D600D2
:109EF0008BFE01FCB9FA71FBA5FD000019015100B0
:109F000030FEFFFB11FBE7FBF6FD0000CC00E7FF96
:109F1000E6FD00FC57FB45FC3BFEFFFF8C008FFF7E
:109F2000AAFD00FC90FB98FC72FEFFFF560045FF67
:109F300074FD00FCC4FBDDFCA4FEFFFF260002FF55
:109F400047FDFFFBF1FB1DFDCFFE0000FAFFC6FE43
:109F50001DFD00FC19FC57FDF8FEFFFFD4FF8DFE30
:109F6000F6FC00FC3FFC8EFD1DFF0100ACFF5AFE1D
:109F7000D0FC00FC65FCC0FD43FFFFFF8AFF26FE0E
:109F8000ABFC01FC89FCF3FD66FFFFFF66FFF4FDFF
:109F900088FC01FCACFC25FE8AFF000041FFC2FDED
:109FA00064FC00FCD1FC59FEADFF00001DFF8EFDDE
:109FB0003FFC01FCF5FC8DFED4FF0000F7FE57FDD1
:109FC00019FC01FC1CFDC6FEFAFF0100CEFE1DFDC2
:109FD000F1FB00FC46FD02FF26000000A3FEDEFCB4
:109FE000C3FBFFFB76FD45FF5400010072FE96FCAB
:109FF00092FBFFFBAAFD8FFF8C0000003AFE46FC9F
:10A0000056FB00FCE6FDE8FFCB0000000A000A005A
:10A010000A002F007400B800FC0041018501C8014E
:10A020000C0250029302D7021A035E03A103E40359
:10A0300027046A04AC04EF0432057405B705F9057A
:10A040003B067E06C006020744078607C8070A08C3
:10A050004C088D08CF08110952099409D509170A2F
:10A06000580A9A0ADB0A1C0B5E0B9F0BE00B210CB3
:10A07000620CA30CE50C260D670DA80DE80D290E4A
:10A080006A0EAB0EEC0E2D0F6E0FAE0FEF0F3010F1
:10A090007010B110F21032117311B411F4113512A5
:10A0A0007512B612F61237137713B813F813381463
:10A0B0007914B914FA143A157A15BB15FB153B1629
:10A0C0007B16BC16FC163C177D17BD17FD173D18F7
:10A0D0007D18BE18FE183E197E19BE19FE193F1ACA
:10A0E0007F1ABF1AFF1A3F1B7F1BBF1BFF1B3F1CA2
:10A0F0007F1CBF1CFF1C3F1D7F1DBF1D001E3F1E80
:10A100007F1EBF1EFF1E3F1F7F1FBF1FFF1F3F2061
:10A110007F20BF20FF203F217F21BE21FE213E2244
:10A120007E22BE22FE223D237D23BD23FD233D242E
:10A130007C24BC24FC243C257B25BB25FB253A261E
:10A140007A26BA26F92639277927B827F827372813
:10A150007728B628F62835297529B429F429332A11
:10A16000732AB22AF12A312B702BAF2BEF2B2E2C16
:10A170006D2CAC2CEC2C2B2D6A2DA92DE82D272E27
:10A18000662EA52EE42E232F622FA12FE02F1F3045
:10A190005D309C30DB301A3158319731D531143273
:10A1A00052329132CF320D334C338A33C8330634B6
:10A1B00044348234C034FE343C357A35B835F53514
:10A1C00033367036AE36EB3628376637A337E0378E
:10A1D0001D385A389738D33810394C398939C53930
:10A1E000013A3E3A7A3AB63AF13A2D3B693BA43B02
:10A1F000DF3B1B3C563C913CCC3C063D413D7B3D0E
:10A20000B53DEF3D293E633E9D3ED63E0F3F0000EB
:10A210000A00150020002B00360041004C005700BA
:10A2200062006D00780083008E009900A400AF00EA
:10A23000B900C400CF00DA00E500F000FB00060121
:10A2400011011C01270132013D01480153015E014A
:10A25000690173017E01890194019F01AA01B50181
:10A26000C001CB01D601E101EC01F70102020D02B0
:10A27000180223022D02380243024E0259026402E0
:10A280006F027A02850290029B02A602B102BC0212
:10A29000C702D202DD02E702F202FD020803130345
:10A2A0001E03290334033F034A03550360036B0372
:10A2B000760381038C039703A103AC03B703C203A6
:10A2C000CD03D803E303EE03F90304040F041A04D7
:10A2D000250430043B04460451045B046604710405
:10A2E0007C04870492049D04A804B304BE04C9043A
:10A2F000D404DF04EA04F50400050B051505200568
:10A300002B05360541054C05570562056D05780599
:10A3100083058E059905A405AF05BA05C505CF05CA
:10A32000DA05E505F005FB05060611061C062706FD
:10A3300032063D06480653065E06690674067F0629
:10A34000890694069F06AA06B506C006CB06D60661
:10A35000E106EC06F70602070D07180723072E078C
:10A36000390743074E07590764076F077A078507C0
:10A3700090079B07A607B107BC07C707D207DD07F1
:10A38000E807F307FD07080813081E082908340822
:10A390003F084A08550860086B08760881088C0851
:10A3A0009708A208AD08B708C208CD08D808E30886
:10A3B000EE08F90804090F091A09250930093B09B3
:10A3C000460951095C09660971097C0987099209E6
:10A3D0009D09A809B309BE09C909D409DF09EA0919
:10A3E000F509000A0B0A160A200A2B0A360A410A46
:10A3F0004C0A570A620A6D0A780A830A8E0A990A79
:10A40000A40AAF0ABA0AC50AD00ADA0AE50AF00AAB
:10A41000FB0A060B110B1C0B270B320B3D0B480BD9
:10A42000530B5E0B690B740B7F0B8A0B940B9F0B0A
:10A43000AA0BB50BC00BCB0BD60BE10BEC0BF70B40
:10A44000020C0D0C180C230C2E0C390C440C4E0C69
:10A45000590C640C6F0C7A0C850C900C9B0CA60CA0
:10A46000B10CBC0CC70CD20CDD0CE80CF30CFE0CD0
:10A47000080D130D1E0D290D340D3F0D4A0D550D00
:10A48000600D6B0D760D810D8C0D970DA20DAD0D30
:10A49000B80DC20DCD0DD80DE30DEE0DF90D040E66
:10A4A0000F0E1A0E250E300E3B0E460E510E5C0E90
:10A4B000670E720E7C0E870E920E9D0EA80EB30EC6
:10A4C000BE0EC90ED40EDF0EEA0EF50E000F0B0FF6
:10A4D000160F210F2C0F360F410F4C0F570F620F25
:10A4E0006D0F780F830F8E0F990FA40FAF0FBA0F58
:10A4F000C50FD00FDB0FE60FF00FFB0F061011108A
:10A500001C10271032103D10481053105E106910B7
:10A5100074107F108A109510A010AA10B510C010EA
:10A52000CB10D610E110EC10F71002110D1118111C
:10A5300023112E11391144114F115A1164116F1149
:10A540007A11851190119B11A611B111BC11C7117F
:10A55000D211DD11E811F311FE11091214121E12AD
:10A56000291234123F124A12551260126B127612DF
:10A5700081128C129712A212AD12B812C312CD1210
:10A58000D812E312EE12F91204130F131A13251343
:10A5900030133B13461351135C13671372137D136F
:10A5A000871392139D13A813B313BE13C913D413A7
:10A5B000DF13EA13F51300140B14161421142C14D2
:10A5C000371441144C14571462146D147814831406
:10A5D0008E149914A414AF14BA14C514D014DB1437
:10A5E000E614F114FB14061511151C152715321568
:10A5F0003D15481553155E15691574157F158A1597
:10A600009515A015AB15B515C015CB15D615E115CB
:10A61000EC15F71502160D16181623162E163916F8
:10A6200044164F165A1665166F167A16851690162A
:10A630009B16A616B116BC16C716D216DD16E8165E
:10A64000F316FE16091714171F17291734173F178B
:10A650004A17551760176B17761781178C179717BE
:10A66000A217AD17B817C317CE17D917E317EE17F0
:10A67000F91704180F181A18251830183B1846181F
:10A6800051185C18671872187D18881893189D184F
:10A69000A818B318BE18C918D418DF18EA18F51886
:10A6A00000190B19161921192C19371942194D19AE
:10A6B000571962196D19781983198E1999199919F1
:10A6C0008E19831978196D19621957194C19411986
:10A6D00036192B19201915190A19FF18F418E91839
:10A6E000DE18D318C818BD18B218A7189C189118EE
:10A6F00086187B18701865185A184F18441839189E
:10A700002E18231818180D180218F717EC17E11750
:10A71000D617CA17BF17B417A9179E17931788170C
:10A720007D17721767175C17511746173B173017BD
:10A7300025171A170F170417F916EE16E316D81671
:10A74000CD16C216B716AC16A11696168B16801625
:10A7500075166A165F16541649163E1633162816D5
:10A760001D1612160716FC15F115E615DB15D0158A
:10A77000C515BA15AF15A41599158E15831578153D
:10A780006D15621557154C15411536152B152015ED
:10A7900015150A15FF14F414E914DE14D214C714A5
:10A7A000BC14B114A6149B14901485147A147A1452
:10A7B0007A147A147A147A147A147A147A147A1429
:10A7C0007A147A147A147A147A147A147A147A1419
:10A7D0007A147A147A147A147A147A147A147A1409
:10A7E0007A147A147A147A147A147A147A1480FD0A
:10A7F00029FD11FF95008EFF5EFD15FD29FFB900B3
:10A800008CFF35FDFFFC44FFE4008AFF07FDE0FC00
:10A8100065FF1A0188FFCCFCBCFC8DFF5D0186FF43
:10A8200082FC8FFCBFFFB10185FF24FC52FC0200BB
:10A830001F0285FFA5FBFFFB5C00B90285FFF1FA53
:10A8400088FBDF009D0384FFDFF9CFFAAD0110051F
:10A8500083FF0CF885F92703D40782FF2FF4A3F6B2
:10A86000BA06320F82FFAEE61DEA321C3A60FE7F66
:10A870003A60321C1EEAADE682FF310FBC06A1F63B
:10A8800031F481FFD407270386F90BF883FF100505
:10A89000AD01CFFADFF984FF9D03DF0089FBF0FAF9
:10A8A00084FFBA025D00FEFBA5FB85FF1F020300CB
:10A8B00051FC24FC85FFB001C1FF8EFC82FC87FFA8
:10A8C0005B018EFFBCFCCCFC88FF1A0165FFE1FC3C
:10A8D00006FD8AFFE40045FFFDFC36FD8CFFBA0053
:10A8E00028FF15FD5EFD8EFF950011FF29FD81FDFE
:10A8F0008FFF7600FDFE39FD9DFD93FF5C00EAFEB3
:10A9000047FDB7FD95FF4600D9FE52FDCFFD97FFED
:10A910003200CBFE5CFDE2FD9BFF2000BDFE65FD2D
:10A92000F4FD9FFF1000B0FE6BFD06FEA3FF0100CB
:10A93000A5FE70FD16FEA5FFF7FF98FE76FD23FE2F
:10A94000ABFFEAFF8EFE79FD30FEB0FFE2FF80FE36
:10A950007DFD3DFEB6FFD7FF76FE7FFD49FEBBFFC6
:10A96000D0FF6BFE80FD54FEC2FFC8FF60FE80FD7D
:10A9700060FEC8FFC2FF54FE80FD6CFECFFFBAFF31
:10A980004AFE7FFD76FED8FFB4FF3EFE7DFD81FED0
:10A99000E1FFAFFF31FE7AFD8CFEEBFFACFF22FE44
:10A9A00076FD98FEF6FFA7FF14FE72FDA3FE0300DE
:10A9B000A2FF06FE6BFDB0FE10009FFFF4FD65FDDB
:10A9C000BDFE20009BFFE2FD5CFDCBFE320097FF49
:10A9D000CFFD52FDD9FE460095FFB7FD47FDEAFECB
:10A9E0005C0093FF9DFD39FDFDFE760090FF80FD2C
:10A9F00011001200130014001600170018001A00AE
:10AA00001B001D001F002100230025002700290036
:10AA10002C002E003100340037003A003E00420086
:10AA200046004A004E00530058005D006300690074
:10AA30006F0075007C0084008C0094009D00A600CF
:10AA4000B000BB00C600D200DE00EB00F900080138
:10AA5000180129013A014D01610176018C01A4011F
:10AA6000BD01D701F30111023102520275029B02AE
:10AA7000C202EC02190348037A03AF03E70323047D
:10AA80006204A404EB0436058505D9053206910657
:10AA9000F5065E07CF074508C3084909D6096C0AC1
:10AAA0000A0BB20B640C210DE80DBC0E9C0F891033
:10AAB00085118F12A913D41410165F17C118391AF3
:10AAC000C71B6C1D2A1F0121F52205253527842966
:10AAD000F62B8C2E48312C343A37743ADD3D7641D2
:10AAE000424544497D4DEF519E568B5BB960F661FE
:10AAF000F661F661F661F661F661F661F661F6619E
:10AB0000F661F661F661F661F661F661F661F6618D
:10AB1000F661F661F661F661F661F661F661F6617D
:10AB2000F661F661F661F661F661F661F661F6616D
:10AB3000F661F661F661F661F661F661F661F6615D
:10AB4000F661F661F661F661F661F661F661F6614D
:10AB5000F661F661F661F661F661F661F661F6613D
:10AB6000F661F661F661F661F661F661F661F6612D
:10AB7000F661F661F661F661F661F661F661F6611D
:10AB8000F661F661F661F661F661F661F661F6610D
:10AB9000F661F661F661F661F661F661F661F661FD
:10ABA000F661F661F661F661F661F661F661F661ED
:10ABB000F661F661F661F661F661F661F661F661DD
:10ABC000F661F661F661F661F661F661F661F661CD
:10ABD000F661F661F661F661F661F661F661F661BD
:10ABE000F661F661F661F661F661F661F661F661AD
:10ABF000F66100002FEA9373110DBF72FEB7EB717F
:10AC000022E81971B29A4970E5CC7A6FF87BAD6E83
:10AC10002FA5E16DD145176D2A5B4E6C8DE2866BD9
:10AC20004ED9C06ACB3CFC69630A39697B3F7768BF
:10AC30007ED9B667D9D5F76600323A666CEB7D658A
:10AC400099FFC264086C0964402E5163CA439A623A
:10AC500037AAE461185F306108607D60A1AACB5F0C
:10AC6000853C1B5F5A136C5EC72CBE5D7D86115DF3
:10AC70002C1E665C8AF1BB5B54FE125B46426B5A2B
:10AC800025BBC459B7661F59C8427B58264DD857B3
:10AC9000A58336571CE49556666CF655631A5855CD
:10ACA000F5EBBA5404DF1E547AF183534721EA527C
:10ACB0005C6C5152AFD0B9513C4C2351FFDC8D50EC
:10ACC000FA80F94F3336664FB1FAD34E81CC424EFB
:10ACD000B4A9B24D5D90234D937E954C7072084C93
:10ACE000126A7C4B9C63F14A335D674AFE54DE492D
:10ACF00029495649E437CF48611F4948D6FDC34723
:10AD00007DD13F479198BC4652513A4603FAB84527
:10AD1000EB9038455214B94485823A44D4D9BC43A7
:10AD200091184043123DC442B0454942C730CF411B
:10AD3000B5FC5541DCA7DD40A23066406F95EF3F82
:10AD4000ACD4793FC8EC043F33DC903E61A11D3E9A
:10AD5000C83AAB3DE1A6393D28E4C83C1CF1583C5B
:10AD60003ECCE93B14747B3B22E70D3BF423A13A34
:10AD70001629353A17F5C9391E0020002200240093
:10AD8000260028002B002D0030003300360039004B
:10AD90003C004000440048004C00510056005B005D
:10ADA000600066006C0072007900810088009000ED
:10ADB0009900A200AC00B600C100CC00D800E500AC
:10ADC000F3000201110121013201450158016C011A
:10ADD00082019901B101CB01E70104022202430281
:10ADE00065028A02B002D9020503330363039703A5
:10ADF000CE03080445048604CB0414056105B3059D
:10AE00000A066606C7062F079C0710088B080D095F
:10AE10009609280AC30A330B330B330B330B330B5E
:10AE2000330B330B330B330B330B330B330B330B32
:10AE3000330B330B330B330B330B330B330B330B22
:10AE4000330B330B330B330B330B330B330B330B12
:10AE5000330B330B330B330B330B330B330B330B02
:10AE6000330B330B330B330B330B330B330B330BF2
:10AE7000330B330B330B330B0000000000000000DA
:10AE800000000000000000000000000000000000C2
:10AE900000000000000000000000020002000300AB
:10AEA0000300040005000600070008000A000C006B
:10AEB0000E0011001400180000000300040005003B
:10AEC0000600070009000A000C000F001200150020
:10AED0001A001F0025002D000000040005000600D8
:10AEE000080009000B000D001000130017001C00E3
:10AEF0002200280031003A0000000500060007008B
:10AF000008000A000C000F001100150019001E00B7
:10AF100024002C0035003F0000000400050006005E
:10AF2000080009000B000D001000130017001C00A2
:10AF30002200280031003A00000003000400050050
:10AF40000600070009000A000C000F00120015009F
:10AF50001A001F0025002D0000000200020003005F
:10AF60000300040005000600070008000A000C00AA
:10AF70000E00110014001800000000000000000086
:10AF800000000000000000000000000000000000C1
:10AF900000000000000000000000FEFFFEFFFDFFBB
:10AFA000FDFFFCFFFBFFFAFFF9FFF8FFF6FFF4FFE0
:10AFB000F2FFEFFFECFFE8FF0000FDFFFCFFFBFFEF
:10AFC000FAFFF9FFF7FFF6FFF4FFF1FFEEFFEBFFEB
:10AFD000E6FFE1FFDBFFD3FF0000FCFFFBFFFAFF12
:10AFE000F8FFF7FFF5FFF3FFF0FFEDFFE9FFE4FFE8
:10AFF000DEFFD8FFCFFFC6FF0000FBFFFAFFF9FF1F
:10B00000F8FFF6FFF4FFF1FFEFFFEBFFE7FFE2FFD2
:10B01000DCFFD4FFCBFFC1FF0000FCFFFBFFFAFF0A
:10B02000F8FFF7FFF5FFF3FFF0FFEDFFE9FFE4FFA7
:10B03000DEFFD8FFCFFFC6FF0000FDFFFCFFFBFFD8
:10B04000FAFFF9FFF7FFF6FFF4FFF1FFEEFFEBFF6A
:10B05000E6FFE1FFDBFFD3FF0000FEFFFEFFFDFF89
:10B06000FDFFFCFFFBFFFAFFF9FFF8FFF6FFF4FF1F
:10B07000F2FFEFFFECFFE8FFFFFFFFFFFFFFFFFF27
:10B08000FFFFFFFFFFFFFFFFFFFFFFFFFFFFFFFFD0
:10B09000FFFFFFFFFFFFFFFFFFFFFFFFFFFFFFFFC0
:10B0A000FFFFFFFFFFFFFFFFFFFFFFFFFFFFFFFFB0
:10B0B000FFFFFEFFFEFFFEFFFEFFFEFFFEFFFDFFA8
:10B0C000FDFFFDFFFCFFFCFFFCFFFBFFFBFFFAFFAA
:10B0D000F9FFF9FFF8FFF7FFF6FFF5FFF3FFF2FFC7
:10B0E000F0FFEEFFECFFEAFFE7FFE4FFE1FFDDFF2B
:10B0F000D9FFD4FFCFFFC9FFC3FFBBFFB3FFA9FF39
:10B100009FFF93FF86FF77FF66FF53FF3EFF26FFFB
:10B110000CFFEEFECCFEA7FE7DFE4DFE18FEDCFD14
:10B120009AFD4FFDFAFC9CFC32FCBBFB36FBA0FAFF
:10B13000F8F93CF969F87CF773F64AF5FDF388F203
:10B14000E6F012EF05EDBBEA2BE84DE519E284DEEF
:10B1500085DA0FD616D18BCB60C585BEE8B676AE44
:10B160001CA5C79A608FD4820E75FB658A55AD43C6
:10B170005C30951B5E050000000000000BB4010868
:10B1800017B70108003857415645000018B30108A9
:10B190000006424954530000B0B201080006524173
:10B1A00054450000F4B20108000F8F54494D0000CF
:10B1B00064B70108000154535243000010B3010862
:10B1C000000654444C590000ACB8010800014D453C
:10B1D000544100007CB10108000352414E47000079
:10B1E000D4B7010800044F4354560000CCB2010804
:10B1F0000030514E545A0000E8B701080001464C97
:10B20000415400007CB1010800044452465400003F
:10B21000E0B2010800045349474E0000E0B20108C3
:10B2200000024252494700001CB70108000F8F413D
:10B230005454000064B70108000F8F4445430000D8
:10B2400064B70108000F8F464D20000064B7010865
:10B25000000F8F434F4C000064B7010800018F5668
:10B26000434100007CB1010800014E5652540000D9
:10B270007CB10108000B524F4F540000A4B70108E5
:10B2800000024D544F20000058B701080000434110
:10B290004C2E0000000000000000202020200000B4
:10B2A000000000000000322E3031000000000000DD
:10B2B00083B5010888B501088DB5010892B501086C
:10B2C00097B501089CB50108A0B501084CB4010868
:10B2D0004FB40108C5B60108CAB60108CFB60108C7
:10B2E0000BB40108C7B60108CCB60108D1B60108F5
:10B2F00012B7010860B5010865B501086AB5010813
:10B300006FB5010874B5010879B501087EB501086B
:10B3100052B401086BB40108A5B50108AAB501082B
:10B32000AFB50108B4B50108B9B50108BEB501084B
:10B33000C3B50108C8B50108CDB50108D2B50108EB
:10B34000D7B50108DCB50108E1B50108E6B501088B
:10B35000EBB50108F0B50108F5B50108FAB501082B
:10B36000FFB5010804B6010809B601080EB60108C8
:10B3700013B6010818B601081DB6010822B6010867
:10B3800027B601082CB6010831B6010836B6010807
:10B390003BB6010840B6010845B601084AB60108A7
:10B3A0004FB6010854B6010859B601085EB6010847
:10B3B00063B6010868B601086DB6010872B60108E7
:10B3C00077B601087CB6010881B6010886B6010887
:10B3D0008BB6010890B6010895B601089AB6010827
:10B3E0009FB60108A4B60108A9B60108AEB60108C7
:10B3F000B3B60108B8B60108BDB6010844620045FD
:10B4000062004762004162004262004F46462000EF
:10B410004F4E2020004F4E2A2000FF20202000FF0A
:10B42000FF202000FFFFFFFF004E4F4E450031324E
:10B4300035750032353075003530307500316D733B
:10B440002000326D732000346D7320002D32002DEA
:10B4500031004558542E00465245450058544E443C
:10B460000034343020004C464F20004155544F00EA
:10B4700053454D4900494F4E4900444F52490050F1
:10B48000485259004C594449004D49584F004145D4
:10B490004F4C004C4F435200424C552B00424C55F0
:10B4A0002D0050454E2B0050454E2D00464F4C4B25
:10B4B000004A4150410047414D4500475950530013
:10B4C0004152414200464C414D0057484F4C0050BC
:10B4D0005954480045422F340045202F340045413F
:10B4E0002F3400424841490047554E41004D4152DA
:10B4F00057005348524900505552560042494C415A
:10B500000059414D41004B414649004248494D00D8
:10B51000444152420052414745004B48414D004D85
:10B52000494D4100504152410052414E4700474170
:10B530004E47004B414D450050414B41004E415458
:10B5400042004B41554E00424149520042544F4443
:10B55000004348414E004B544F44004A4F4745007A
:10B56000344B485A00384B485A0031364B20003291
:10B57000344B200033324B200034384B2000393616
:10B580004B2000324249540033424954003442496E
:10B590005400364249540038424954003132420086
:10B5A000313642200043534157005E888D5F00884A
:10B5B0008A8C8D00464F4C44008E8E8E8E005355E3
:10B5C000428C00535542880053594E8C0053594EBB
:10B5D000880088887833008C5F7833002F5C78335C
:10B5E00000534978330052494E4700888843480049
:10B5F0008C5F4348002F5C43480053494348005741
:10B600005443480088887836008C5F7836002F5C79
:10B610007836005349783600575478360088898840
:10B62000890088888E8E00544F592A005A4C504603
:10B63000005A504B46005A425046005A4850460065
:10B64000564F534D00564F574C0056464F460048F4
:10B6500041524D00464D2020004642464D00575471
:10B66000464D00504C554B00424F574400424C4F02
:10B670005700464C55540042454C4C004452554DE1
:10B68000004B49434B0043594D4200534E41520039
:10B690005754424C00574D415000574C494E0053AF
:10B6A000414D310053414D32004E4F4953005457E4
:10B6B0004E5100434C4B4E00434C4F55005052549A
:10B6C0004300202020300020202031002020203284
:10B6D00000202020330020202034002020203500AE
:10B6E0002020203600202020370020202038002075
:10B6F000202039002020313000202031310020204E
:10B70000313200202031330020203134002020311C
:10B71000350046554C4C004F4E2000001AB401082D
:10B720001FB4010824B4010800060600000100004F
:10B730000200000000020005000000000000000000
:10B7400032000000293C000000080000000000005A
:10B7500000800080000000000BB4010810B4010854
:10B7600015B40108C2B60108C7B60108CCB6010875
:10B77000D1B60108D6B60108DBB60108E0B601086B
:10B78000E5B60108EAB60108EFB60108F4B601080B
:10B79000F9B60108FEB6010803B7010808B70108A9
:10B7A0000DB70108C0B60108FCB30108B7B5010820
:10B7B000FFB301085AB4010834B6010802B4010805
:10B7C00031B5010805B401083BB5010808B401080A
:10B7D0009EB5010852B4010857B401085CB40108D1
:10B7E00061B4010866B401080BB4010870B4010823
:10B7F00075B401087AB401087FB4010884B4010863
:10B8000089B401088EB4010893B4010898B4010802
:10B810009DB40108A2B40108A7B40108ACB40108A2
:10B82000B1B40108B6B40108BBB40108C0B4010842
:10B83000C5B40108CAB40108CFB40108D4B40108E2
:10B84000D9B40108DEB40108E3B40108E8B4010882
:10B85000EDB40108F2B40108F7B40108FCB4010822
:10B8600001B5010806B501080BB5010810B50108BE
:10B8700015B501081AB501081FB5010824B501085E
:10B8800029B501082EB5010833B5010838B50108FE
:10B890003DB5010842B5010847B501084CB501089E
:10B8A00051B5010856B501085BB5010829B4010876
:10B8B0002EB4010833B4010838B401083DB40108BE
:10B8C00042B4010847B401080006010204050E0F46
:10B8D00010031112070809140A0B0C0D1513161783
:10B8E00018000000020004000600100020003000D4
:10B8F00000018003000680018003000580018003B1
:10B900000006800180030007800180038008800317
:10B910000006800980030306850900028003800871
:10B92000000280030007000280030006000280037B
:10B9300080058002800300060400800300060400E6
:10B9400004060006040004060006000001070000CB
:10B9500002050700010600000205060002060800B5
:10B960000306080A0305070A0108000002060A0088
:10B9700002060C0001070000010600000206080094
:10B980000206080003080A06000000009DA1ABBCE7
:10B99000BDBFC0C1C4C6C9EAE8E5E2E001020304D4
:10B9A00005080C20242A2FFCFE8D8B87AE0000009A
:10B9B000CFB90108D4B90108D9B90108DEB9010825
:10B9C0003E433220003E433420002020202000351A
:10B9D00053202000313053200031355320003230C5
:10B9E00053200000200040008000000138846B19C3
:10B9F000C66318867398C6B11CCA318CC73188C219
:10BA00003098463118C6350CCA310CC6211024694D
:10BA100012C23114C471084A2249AB6AA8AC495118
:10BA200032D55288936C94221554D22596D450A5C1
:10BA3000462108856B18C46310CE6B188C71198C65
:10BA400063350CC63399CC6CB54EA2994621288239
:10BA5000952EE3309CC5309CA2B19C673188665915
:10BA60002C5318846750CAE30AACAB30AC62308CFC
:10BA700063109462B18C8228963398D6B54C6229B3
:10BA8000A54AB59CC63114D6389C4BB4866518AE11
:10BA9000671CA66319962319841308A652ACCA2200
:10BAA000896EAB198C6234C46219866318C423583A
:10BAB000D6A35042544AAD4A25116B64894A633972
:10BAC0008A23312AEAA2A944C512CD42348C6218D5
:10BAD0008C63114866319D44331D46319CC6B10CC0
:10BAE000CD3288C47318867308D663580781E0F096
:10BAF0003C0787903C7C0FC7C0C0F07C1E0780804D
:10BB0000001C7870F1C71FC00CFE1C1F1F0E0A7AA4
:10BB1000C071F2838F030F0F0C0079F861E0430FBF
:10BB200083E718F9C113DAE9638F0F838387C31F93
:10BB30003C70F0E1E1E387B8710E20E38D48781C9A
:10BB4000938730E1C1C1E478218383C3870639E557
:10BB5000C387070E1C1C70F4719C603632C31E3CF8
:10BB6000F38F0E3C70E3C78F0F0F0E3C78F0E38726
:10BB700006F0E307C199870F18787070FCF310B1D5
:10BB80008C8C317C70E1863C646CB0E1E30F238FD8
:10BB90000F1E3E383C387B8F070E3CF4171E3C7856
:10BBA000F29E7249E32536385839E2DE3C7878E176
:10BBB000C761E1E1B0F0F0C3C70E38C0F0CE7373D7
:10BBC0001834B0E1C78E1C3CF838F0E1C18B868F89
:10BBD0001C7870F078ACB18F3931DB3861C30E0E50
:10BBE000387873171E391E3864E1F1C14E0F40A238
:10BBF00002C58F81A1FC120864E03C22E045078E5B
:10BC00000C3290F01F2049E0F80C60F0171A41AA9E
:10BC1000A4D08D12821E1E03F83E030C7380704464
:10BC2000260324E13E044E041CC109CC9E9021074A
:10BC3000904364C00FC6909CC15B03E21D81E05E2F
:10BC40001D0384B82C0F80B183E030411E438983EB
:10BC500050FC242E1383F17C4C2CC90D83B0B5828B
:10BC6000E4E8069C07A0991D073E828F703074405F
:10BC7000CA10E4E80F92143F06F8848843810A341E
:10BC80003941C6E31C4703B0B8130AC264F818F977
:10BC900060B3C0652060A68CC3812030261E1C388E
:10BCA000D301B02640F40BC3421F8532266040C941
:10BCB000CB01EC112840FA0434E0704C8C1D07696C
:10BCC0000316C80423E8C69A0B1A03E0760605CFCC
:10BCD0001EBC5831716600F83F04FC0C74278A8042
:10BCE00071C23A2606C01F050F9840AE017FC007FB
:10BCF000FF000EFE0003DF8003EF801BF1C200E7B0
:10BD0000E018FCE021FC803CFC400E7E003F3E0041
:10BD10000FFE001FFF003EF007FC007E103FFF00FB
:10BD20003F380E7C01870CFCC7003E040F3E1F0FFE
:10BD30000F1F0F028387CF03870F3FC0079E603F0F
:10BD4000C003FE003FE077E1C0FEE0C3E001DFF8A2
:10BD50000307007E70007C3818FE0C1E781C7C3EA9
:10BD60000E1F1E1E3E007F8307DB878307C7071059
:10BD700071FF003FE201E0C1C3E1007FC005F02098
:10BD8000F8F070FE7879F8023F0C8F030F9FE0C146
:10BD9000C78703C3C3B0E1E1C1E3E071F000FC7009
:10BDA0007C0C3E380E1C70C3C70381C1C7E7000F6F
:10BDB000C7871909EFC433E0C1FCF870F078F8F0D8
:10BDC00061C7001FF8017CF8F078703C7CCE0E2132
:10BDD00083CF08078F08C1878F80C7E30007F8E08B
:10BDE000EF0039F7800EF8E1E3F8219FC0FF03F878
:10BDF00007C01FF8C404FCC4C1BC87F00FC07F0596
:10BE0000E025ECC03E8447F08E03F803FBC019F830
:10BE1000079C0C17F807E01FA1FC0FFC01F03F0086
:10BE2000FE03F01F00FD00FF880DF901FF00700701
:10BE3000C03E42F30DC47F80FC07F05EC03F007837
:10BE40003F81FF01F801C3E80CE4648FE40FF007C1
:10BE5000F0C21F007FC06F807E03F807F03FC078FC
:10BE60000F8207FE227770027603FE00FE67007CD9
:10BE7000C7F18EC63BE03F84F319D80399FC09B89B
:10BE80000FF8009D2461F90D00FD03F01F903F01A4
:10BE9000F81FD00FF83701F807F00FC03F00FE037E
:10BEA000F80FC03F00FA03F00F80FF01B807F00160
:10BEB000FC01BC80131E007FE1407FA07FB0003FEB
:10BEC000C01FC0380FF01F80FF01FC03F17E01FE90
:10BED00001F0FF007FC01D07F00FC07E06E007E005
:10BEE0000FF806C1FE01FC03E00F00FC000000009B
:10BEF0000000000000000000000000000000010140
:10BF000002020303040405050606070700010203F5
:10BF10000405060708090A0B0C0D0E0F00010304A7
:10BF20000607090A0C0D0F1012131516000204065D
:10BF3000080A0C0E10121416181A1C1E000205070F
:10BF40000A0C0F111416191B1E20232500030609C5
:10BF50000C0F1215181B1E2124272A2D0003070A77
:10BF60000E1115181C1F23262A2D313400FCF8F45D
:10BF7000F0ECE8E4E0DCD8D4D0CCC8C400FCF9F59F
:10BF8000F2EEEBE7E4E0DDD9D6D2CFCB00FDFAF755
:10BF9000F4F1EEEBE8E5E2DFDCD9D6D300FDFBF807
:10BFA000F6F3F1EEECE9E7E4E2DFDDDA00FEFCFABD
:10BFB000F8F6F4F2F0EEECEAE8E6E4E200FEFDFB6F
:10BFC000FAF8F7F5F4F2F1EFEEECEBE900FFFEFD25
:10BFD000FCFBFAF9F8F7F6F5F4F3F2F100FFFFFED7
:10BFE000FEFDFDFCFCFBFBFAFAF9F9F8909090904D
:10BFF0009090909090909090909090909090909041
:10C000009090909090909090909090909090909030
:10C010009090909090909090909090909090909020
:10C020009090909090909090909090909090909010
:10C030009090909090909090909090909090909000
:10C0400090909090909090909090909090909090F0
:10C0500090909090909090909090909090909090E0
:10C060009090909090909090909090907070707050
:10C0700070707070707070707070707070707070C0
:10C0800070707070707070707070707070707070B0
:10C0900070707070707070707070707070707070A0
:10C0A0007070707070707070707070707070707090
:10C0B0007070707070707070707070707070707080
:10C0C0007070707070707070707070707070707070
:10C0D0007070707070707070707070707070707060
:10C0E000707070707070707070707070181A1717B0
:10C0F0001700000010101010101020202020202009
:10C10000303030303030304040404040404050507F
:10C11000505050505050606060606060606060607F
:10C12000606070707070707070707070707070702F
:10C1300070707070707070707070707070707070FF
:10C14000706060606060606060606060605050500F
:10C1500050505050504040404040404030303030CF
:10C16000303030202020202020101010101010001F
:10C1700000000000F0F0F0F0F0F0E0E0E0E0E0E0DF
:10C18000D0D0D0D0D0D0D0C0C0C0C0C0C0C0B0B05F
:10C19000B0B0B0B0B0B0A0A0A0A0A0A0A0A0A0A03F
:10C1A000A0A090909090909090909090909090906F
:10C1B000909090909090909090909090909090907F
:10C1C00090A0A0A0A0A0A0A0A0A0A0A0A0B0B0B04F
:10C1D000B0B0B0B0B0C0C0C0C0C0C0C0D0D0D0D06F
:10C1E000D0D0D0E0E0E0E0E0E0F0F0F0F0F0F000FF
:10C1F00000000000A2000000A7000000A70000004F
:10C200007F00000080000000E20000003C00000011
:10C210003C0000000000000000000000E100000001
:10C220003C0000003B000000000000000000000097
:10C23000C800000000000000000000003600000000
:10C2400037000000C70000000000000000000000F0
:10C2500036000000360000001A1E2A0210200E04CC
:10C26000020E011007120211081002110912011129
:10C270000110020F010E010D040C02490146054296
:10C28000013C01360130012A06240123012201214B
:10C2900001200B1E041D041C025D015C055B015E98
:10C2A00001620166016A066E016A01660161015D53
:10C2B00008580157015601550154015301520151CB
:10C2C0000450296202000104090D080B020D0B0F36
:10C2D000040D040B02000103050B0109010801060E
:10C2E0000105070401050106010809090208020603
:10C2F00002050404020001020604010302020A010D
:10C300001300027C2700344C3C022C382A0208120D
:10C3100002110810021102120110010E010C010A93
:10C32000010809060612021303140110010B060688
:10C330000108010B030E010D010C010A010901089E
:10C3400008060642013C01360130012A0624012A72
:10C3500001300136013C024201450148014B014ECA
:10C360000151015401530151064F04320131013092
:10C37000012F012E032C012F01320636013C014210
:10C380000348014A014C014E015001520854065B1A
:10C39000015E01620166016A066E016B016701635D
:10C3A000015F035B025C025D015E01600162066584
:10C3B000043C01410147014D015303590163016EE2
:10C3C000067901700167085D085E49620A0D0A0B73
:10C3D000020D0109010601040103010209000B0914
:10C3E00001080106060501060108030B0108010505
:10C3F0000104010301020800060B010901080106FE
:10C40000010506040105010601080109020B0108E6
:10C410000105010401030102090008060C050106DB
:10C4200003080106010401030202030001060400DF
:10C4300007040103020206010202020303040103CE
:10C44000030209000403030201010B0002020304BA
:10C450000203030203000103040049002222220216
:10C4600020220C06091201130115011601180A1ADF
:10C4700001150110010B0706010C0113071A011524
:10C480000110010B060609320130012E012C012A90
:10C490000A2801250121011E071A011E0123072870
:10C4A000012E0135013B0642093C01410147014D86
:10C4B00001530A59015701550153075101530156C0
:10C4C0000759016101690171067933620A09020B9A
:10C4D000010D0A0F01090105010305020200010314
:10C4E0000106070F01090104010206000A060208FD
:10C4F00001090A0B01060104010204000101020006
:10C5000001020104070B01060104010206000A03EF
:10C5100003020D0109000A0106002F0002190200A2
:10C520000C0C0C02060A02020308010B010E011199
:10C5300001141D180352014E014A014601421D3EDD
:10C54000036E016A01660161015D1D582462050BDD
:10C55000020D1D0F040601080109010B1D0D240425
:10C5600024002020202216141204020E01140A1A9C
:10C570000119011801170116011501140612010E07
:10C58000010A0106010A010E0912024901390A28AD
:10C590000129012A012C012D012F0130063201331E
:10C5A00001340136013401320930025D015B0A5960
:10C5B00001560152014E014A01460142063E015117
:10C5C0000165017901660152093E03620161016062
:10C5D000015F015E015D015C055B025C025D015E65
:10C5E000025F0260016103620663066202000104E9
:10C5F0000D0F030D060B01050103010001020104EB
:10C60000090902000103100B0609010401020100DF
:10C6100001020104090803000B01040207030202DE
:10C620000100010101020903027C250020202002F3
:10C630001A2016080206010A010F0113031801143B
:10C64000010F010B010A0109010805060109010C8E
:10C65000010F0812021A0123012C0135033E01408B
:10C66000014301460145014401430542013E0139B0
:10C670000135083002510152015401560358015A44
:10C68000015D01600166016C01720579016B015C5D
:10C69000014D083E1E620200010201040108030F61
:10C6A0000109010408020100010201030105080952
:10C6B0000200010201040106030D01080104030246
:10C6C0000101030001010100010201030104080846
:10C6D0000200020201030304010303020201050038
:10C6E00001010202080302D3080002F112001A0E2F
:10C6F0001C021A1C16060906010A010E0412010F7B
:10C70000010C0209010801070506010A010E0912C0
:10C71000091A012701340F42013C01360930095141
:10C7200001540157045B0162016A017101730175D3
:10C730000177057901660152093E25620702020070
:10C7400001020105040D01080104030201010500B5
:10C7500001020104090906000101020001020104AD
:10C76000040B01060104030201010500010201049A
:10C770000908090001020103040401030302020184
:10C780000500010101020903160002190D00182617
:10C790002A02282016040A06061202130B1401119D
:10C7A000010D010A0D060109010C010F08120149D2
:10C7B000014608420432012E012A012601220B1EE5
:10C7C000012C013A0148045602550754014B01421D
:10C7D000013908300163016E0879043C01410147C9
:10C7E000014C01520B58015B015E0161036501645C
:10C7F00001620160075E0156014E0146083E386243
:10C80000020008010509020B010D0B0F010D0109C2
:10C8100001080305010401030102040101020200F1
:10C8200001020103010508090A00060602080B09B6
:10C8300001080105010404030202040001010200D1
:10C8400001020103010408080A00040303020101B4
:10C850000E0005020101070001010202080302F1B6
:10C86000360026243002282C0E060806010A010E86
:10C8700003120110010E010C010A01080A06010A47
:10C88000010E0A1201110110020F010E010D040C1C
:10C890000D4201450148014B014E01510154014F28
:10C8A000014A01450140013B0436012E01260C1EC0
:10C8B000041D041C0879016F0165045B025C025DC4
:10C8C000015E01620167016B017001740479016E00
:10C8D0000163095801570156015501540153015292
:10C8E000015104503262080001020105030D0109E3
:10C8F000010601040103010201000101020201031A
:10C90000010404050108010B0C0F040D040B0800C1
:10C9100001020104030B01080105010401030102E6
:10C9200001000101020201030104040501060108DE
:10C930000A090208020602050404080001020103B4
:10C940000404010303022000040002192C003A54DD
:10C95000401C343E260A0B06010A010E01120A167B
:10C960000112010E010A1106010703080109010A5B
:10C97000010B100C020B010A0309010A010B010C47
:10C98000010D020E010D010C010A01090108080642
:10C990000B1A011E012301270A2C01360141014B0C
:10C9A0000456035503540141062E01400252014929
:10C9B000013F0136012C042201210120021F011E2A
:10C9C000011D051C012001250129012E033301371A
:10C9D000013B013F01430248014A014C014E015015
:10C9E000015208540B510152015401550A57015A82
:10C9F000015E016102650164016301620161016020
:10CA0000035E01580651015F026E01690163015E18
:10CA10000158065204510550015201550157015A5F
:10CA20000E5D085E0C6201610160015F015E015DE7
:10CA3000015C075B015C015D035E025F01603B62BC
:10CA40000B000102010401080A0F010D0109010890
:10CA50000205010402030202030001030709170B88
:10CA6000020905080209020B01080105010401037E
:10CA7000010208000B000102010301050A09010877
:10CA80000105010403030302010103000101060281
:10CA90000103040602051004020305020103010458
:10CAA0000105020801060104010302020300010658
:10CAB00004000E000B01070202010A000102030438
:10CAC0000103020216000101020201030204020333
:10CAD00003020300010304000800021B3A000601E0
:10CAE00012001C1C1C021A1E1604020E011304184C
:10CAF00001150112010F010C010907060108010AC5
:10CB0000010D010F081202490144043E0141014593
:10CB10000149014C01500754014D0146013F0138C4
:10CB20000830025D015B04580159015A015B015C48
:10CB3000015D075E01580152014B0145083E1F622D
:10CB400002000104040F010B0106010401030102AC
:10CB50000700020201040105080902000104040D96
:10CB6000010901060104010301020300010603009B
:10CB70000202010301040808020001020504010386
:10CB80000302030001030300010103020803027C06
:10CB90001D00101818021A1C0E040706010A010FC6
:10CBA000011307180112010C080607420141014058
:10CBB000013F073E013C01390436013A013F01447F
:10CBC0000149077901710169016107580163016E2B
:10CBD00004790174016E016901631B6206020100A0
:10CBE000010201040108070F010B010804050104FB
:10CBF000010301020100050001010100010201041D
:10CC00000106070D010B01080405010401030102DF
:10CC100001000700020201030704010301020800EA
:10CC2000190002F18E8E8C246A76561205180115B1
:10CC30000112010F010C010B010A0109010805068F
:10CC40000108010B070E010D010C010B010A04087C
:10CC5000010A010C010E0110081202110210020F4C
:10CC6000020E010C010A010806060108010B050E5F
:10CC7000010F01100111091202110210020F020E20
:10CC8000010C010A010801060109010C010F06123D
:10CC90000110010E010C010A01080306040A010C2F
:10CCA000010F0112011507180112010C0606010AF5
:10CCB000010F04140110010B0606053E0141014558
:10CCC0000149014C014A0148014601440542014421
:10CCD000014607480142013C0135012F0428012E7D
:10CCE0000134013B01410848024702460245034422
:10CCF000024306420136012A041E0126012E013795
:10CD0000013F0948024702460245024401450146E7
:10CD1000014701490143013D01370630013A014411
:10CD2000014E01580162036D0156036D0164015B00
:10CD300001510148073E013C0139063601330130FB
:10CD4000042C012F0132063605580159015A015BA6
:10CD5000015C01610167016D017305790170016773
:10CD6000075D015A015701530150044C014E015116
:10CD700001540157095A035B025C025D0164016BB7
:10CD80000172067901760172046E016A0166016220
:10CD9000015E0A5A035B025C025D015E0160016193
:10CDA0000163015A01510148063E0144014B015102
:10CDB0000158015E04650370016C01670162015D49
:10CDC00007580163016E0679016F0164045901631C
:10CDD000016E067940620161015F015D045B025AE8
:10CDE00001590258025701560C550157015A015C6E
:10CDF000025F026002613162050F010B010601044E
:10CE0000010303020101050001020104090B0209EB
:10CE100005080209010B100D0108010401020600BA
:10CE200001020104080B110D0108010401020100B7
:10CE300001020103010506090106010401030202C2
:10CE40000300010903000102010301050109070FA5
:10CE5000010B010806050106010804090108010685
:10CE60000605050D01090106010401030302010184
:10CE7000050001020104070801060204010304027F
:10CE800001030104010501080A0D040B0209010553
:10CE90000103010206000102010304040105010669
:10CEA000010801090B0D040B020901050103010230
:10CEB0000100010201030104060801060104010347
:10CEC000020203000106030001020103010401083C
:10CED000070D010B010814050604010305020101F9
:10CEE000050002020704020302020400010101021C
:10CEF000010301040A0506040103020208000401FB
:10CF00000202010301040B050604010302020100F1
:10CF100001010202070303020101030001040300EF
:10CF200001010202010307040103010214000E00C3
:10CF300002190D000703180002191F0002F1360044
:10CF40003230361E303C26020B06010A010E0A1250
:10CF500002110210020F060E010C010A0108070659
:10CF600001070108050A010901080107070601096F
:10CF7000010C010F0812021107100B1A01290138C8
:10CF80000A480247024602450644013A012F01259C
:10CF9000071A012D01400F54014B0142013906309F
:10CFA000012E012C0129012707240B51015401579F
:10CFB0000B5A035B025C065D015A0157015407518D
:10CFC000015A0164056E016A01660162075E01563D
:10CFD000014E0146063E01470151015A0164076EA8
:10CFE0000C5B015A0159025801570156115501565F
:10CFF00001580159015B015D015E0160286209026F
:10D00000020001020105160D0108010401030502D9
:10D01000020001020104050B0106010401020401E2
:10D02000010202000102010301050A09070B0800C1
:10D0300001010200010201050C0D040B06090105A6
:10D0400001030102040001010200010201030506BF
:10D0500001040103010204000101020001020103B5
:10D06000010407080206010507040B000102010381
:10D070000C050A0401030202070001020103050472
:10D080000103020207000101020207030302070174
:10D0900052005E6C6A1A4C4E3E0A0A060108010AEA
:10D0A000010D010F051201130114011506160112DD
:10D0B000010E010D010C010A010901080306050A10
:10D0C000010B010C010D050E020F0610010E010BE4
:10D0D000010905060109010C010F0312010F010CE2
:10D0E00001090108080606120213071401130112B0
:10D0F00002110110010F030E0A54014E01470140B5
:10D100000139043201310130012F012E062C013486
:10D11000013D0145014D0155015D0165036D01565C
:10D12000036D0166015F0157015003480141013A57
:10D130000133012C0624012B0133013A0B42014338
:10D1400001450147014508420432012E012A01260A
:10D150000122061E01220127012C01310135013A6D
:10D16000013F03440A5E01580151014A0143043C56
:10D1700001410146014C01510657015B026001610A
:10D1800001620163016404650370016D0169016559
:10D190000161035D016001630167016A066E017050
:10D1A0000173017605790172016A0163035B015D18
:10D1B000015F0161016D0879043C01410147014CA7
:10D1C000015207580259015A025B015C035D136268
:10D1D00001610160025F015E015D015C025B015C57
:10D1E000025D015E015F4C620A000202010401055A
:10D1F0000509020B010D060F0109020401030302D8
:10D2000003000109030001020103010401060D0BE3
:10D2100001080104010304020100010201040106E6
:10D22000030D01080104020208010509020B010DAA
:10D230000D0F030D060001060300020201030104A5
:10D2400006060208060901050203030201010300A4
:10D25000010603000202010301040408020601059D
:10D26000060401030202030001010100010201039F
:10D270000105030B0106010402020800060602086C
:10D280001009060001030300010103020503030264
:10D290000D01030001040300010102020103030464
:10D2A0000203020209010500020201030304010353
:10D2B0000202010108000403030201010D0003043E
:10D2C0001E0002E22B0002F120001C1C16021A1E96
:10D2D00010040206010701080109020A010C010FEE
:10D2E0000112011507180114010F010B070602496D
:10D2F000013D013101250218011F0127012E0136D0
:10D30000073E01430149014E075402630161015F79
:10D31000015D045A025907580159015B015C075E1F
:10D320001C620200010201030105040B020D070F3C
:10D3300001090104010304010102020002000202CA
:10D34000010302040105010601080109070D010896
:10D3500001040102040001010200070001010202B0
:10D360000103070401030202070002F11A00262E3E
:10D37000240216221806091801150112010F010CCA
:10D380000709030A010B010C010D010E0610011122
:10D390000112011301140516010E0606093E013C97
:10D3A000013A013801360333013901400146014D8C
:10D3B0000354014B01410138012E062401250127A8
:10D3C0000128012A052C012D062E09580159015A60
:10D3D000015B015C035D016001630167016A0D6E21
:10D3E000016A01650161015C055701540651316212
:10D3F0000A0F010D010B0109050802090F0B020DAF
:10D40000050F010D0609090D0109010601040103BB
:10D4100004020103020405060205070401050106D2
:10D4200001080509010406020A04010302020300BF
:10D4300001010202010304040103020210010600BB
:10D440000B00060120004C565602444A2C0A0A06DC
:10D450000108010A010D010F021201110110010F53
:10D46000030E010C010A01080A06010C01130B1A34
:10D4700001150110010B07060109010C010F011232
:10D48000011301140115011603180114010F010BFA
:10D490000106010701080109050A0A54014E014766
:10D4A0000140013901320136013A013F014303488D
:10D4B000013D01310126021A0124012E01380542E5
:10D4C000013A01310B280133013E01490754014C57
:10D4D0000143013B0132013401360139013B033E76
:10D4E0000135012C0123011A01280137014505549A
:10D4F0000A5E01580151014A0143013C01420149C0
:10D50000014F0156035D015A015701540251015B5D
:10D510000165016F0579016F01640B59015A015BC7
:10D52000015C075E0156014D0145013C0141014787
:10D53000014C015203580157015501530151015843
:10D54000015F0166056E51620A00020201040105D5
:10D550000509030B0106010401020A00010301068B
:10D560000B0F010901040103040101020200010281
:10D57000010301050209020B010D030F010901045A
:10D5800001020100010201030105050B060001066D
:10D59000030002020103010405060308010501035B
:10D5A00001020A00010201040B0B01060104010241
:10D5B0000400010102000102010301040206010846
:10D5C0000109010B030D0108010401020100010220
:10D5D0000103010405060600010303000101030223
:10D5E00005030304010302020C000E010700010100
:10D5F0000202040304040103020201000202010307
:10D6000005041F000219260002D3080044482A021C
:10D610003E482A060B06010701080109030A010B0F
:10D62000010C010D020E010D010C010A0109010896
:10D630000706010A010E0112011401160118071A4A
:10D640000114010D01060108010B030E010D010C6F
:10D65000010A0109010808060A540148013C013089
:10D66000012402180121012B0134013E0248014A24
:10D67000014C014E015001520754014C0143013A43
:10D6800001360131012D0728012C01310136013C01
:10D6900001420348014A014C014E01500152085415
:10D6A0000B5E015D015C015B035A025B015C075D7F
:10D6B000075E015D015C025B025A07590163016E5E
:10D6C000017901700167085D085E44620A00010289
:10D6D000010301040106080B01080105010401030F
:10D6E0000102070001020103010501060109010B06
:10D6F000070F01060103010001020104030B0108E9
:10D7000001050104010301020800060001060300EF
:10D7100001010202010303040205010602080106D9
:10D7200001040103020203000106030001020103D8
:10D73000020401060108070B0105010301000102B3
:10D7400001040308010601040103020203000106AB
:10D7500004000600010309000101020201030204A2
:10D760000203030203000103090009010100020290
:10D77000030402030302030001030400230002F177
:10D780001F00344C3C022C382A02081202110810E7
:10D79000021102120110010E010C010A0108090612
:10D7A0000612021303140110010B06060108010BF7
:10D7B000030E010D010C010A0109010808060642C9
:10D7C000013C01360130012A0624012A01300136CC
:10D7D000013C024201450148014B014E01510154F7
:10D7E00001530151064F043201310130012F012E46
:10D7F000032C012F01320636013C01420348014A45
:10D80000014C014E015001520854065B015E016259
:10D810000166016A066E016B01670163015F035BCC
:10D82000025C025D015E016001620665043C01412B
:10D830000147014D015303590163016E06790170DF
:10D840000167085D085E49620A0D0A0B020D0109B5
:10D85000010601040103010209000B090108010688
:10D86000060501060108030B010801050104010377
:10D8700001020800060B0109010801060105060462
:10D880000105010601080109020B01080105010457
:10D8900001030102090008060C0501060308010640
:10D8A000010401030202030001060400070401034E
:10D8B000020206010202020303040103030209003B
:10D8C0000403030201010B0002020304020303022A
:10D8D0000300010304004900323626023A3A2A02C4
:10D8E0000A12010E010A06060108010B080E010CBE
:10D8F000010A01080E06010F06180112010C0106AB
:10D900000108010B030E010D010C010A01090108B8
:10D9100008060A42013E013A0636013C0142084827
:10D92000014B014E015107540141062E0136063EBE
:10D93000013C01390136013C01420348014A014CD6
:10D94000014E0150015208540A5B0165016F0679CE
:10D95000017001670B5D075E0158065101540658BE
:10D960000163016E017901700167085D085E49621B
:10D970000A0D010B0108060501060108080B010646
:10D980000104010204010102020001030609010B66
:10D99000060F01060103010001020104030B010847
:10D9A000010501040103010208000A0B0109010835
:10D9B0000705010608080105010301020400010131
:10D9C0000200010106020104060D01060103010027
:10D9D000010201040308010601040103020203001D
:10D9E000010604000A040103010206000202080401
:10D9F000010302020E0001020604010301020100FC
:10DA000002020304020303020300010304004900AD
:10DA10004A4A4E0246522C0809060109010D01101E
:10DA20000114021801170115011401120610011149
:10DA300001130114011603180114010F010B09064B
:10DA4000010A010F011308180114010F010B070649
:10DA5000010A010E01120116051A01150110010B30
:10DA60000106096E0165015B01520148023E013960
:10DA70000134012F012A06240129012E0133013826
:10DA8000033E0135012C0123091A0123012C013524
:10DA9000083E014A01560162076E016001520144CD
:10DAA0000136052801300138014001490670036E36
:10DAB000016A01660161015D0258015C0160016556
:10DAC0000169066E016A01660161015D0358015733
:10DAD0000155015309510152015401560858015E84
:10DAE0000164016A0470036E016A01660162015EED
:10DAF0000559015B015E016001634E62060101028E
:10DB000002000102010301050109040F020D080BC7
:10DB1000020D030F010901040102090001020104C1
:10DB20000108080F010901040103040101020200B8
:10DB30000102010301050109050F010901040102A8
:10DB400001000600010102000102010301040108B5
:10DB5000020D010B01090108010606040105010679
:10DB600001080109030D0108010401020900010275
:10DB700001040106080D010801040102040001016D
:10DB800002000102010301040106050B0106010464
:10DB90000102010009000101020201030304010363
:10DBA0000202060102020203030401030202090049
:10DBB000020201030804010302020B000801010034
:10DBC0002900021B210002F146545226182628067D
:10DBD0000B0A010B010C010D010F011001110112C3
:10DBE000071401130112011108100211051201138B
:10DBF000011401150116011701180119071A01195D
:10DC0000011701160114011301110110020E010C7C
:10DC1000010A01080606051801240130013C0148EB
:10DC20000254014E0147014001390133012C012505
:10DC3000061E011F012001210122062401260129BF
:10DC4000012C012F05320131012F012E012C012B56
:10DC50000129012807260129012D0131013501384B
:10DC6000013C0140034402430642055A015E016241
:10DC70000166016A026E016C01690166016301615E
:10DC8000015E015B0658015C016001650169066E79
:10DC90000165015B01520148053E01410144014714
:10DCA000014B014E0151015408580259015A025BBF
:10DCB000015C025D0164016B017206792B620161F6
:10DCC0000160015F015E015D015C015B015A015968
:10DCD000015801570755055401560159015C015F70
:10DCE00005620E0B040D080F020D120B040D0E0F32
:10DCF000020D0108010401020600070402050506E1
:10DD000004080709010801060105070401050106C9
:10DD100001080C090E0B02090105010301020600AE
:10DD200005000101020201030304020303020101D1
:10DD30000A000601030209030402080104020203A7
:10DD400002040103020206004700021902004644D1
:10DD50004E3A3E38120E0B060109010C010F121249
:10DD600001110110020F010E010D020C010B01093E
:10DD700001080906010A010E011206160115011417
:10DD8000011301120510010E010B01090106010921
:10DD9000010D011003140110010B06060B1A0120DE
:10DDA0000126012C0532012E012A012601220B1E1B
:10DDB000041D031C021B091A011E01230127062C46
:10DDC000012B0129012801260524012E01390144D6
:10DDD000014F0147013E0135032C012F0132063668
:10DDE0000B51014C01470142053C01410147014CE7
:10DDF000015208580157015601550154015301526F
:10DE00000151055009510152015401550657015B5A
:10DE1000016001640169056E016D016C016B016AAD
:10DE200001660162015E03590163016E06791462A5
:10DE300002610160025F015E025D015C065B055AE2
:10DE4000015B015C015D015E015F016006620161D1
:10DE50000160015F015E015D055B015C015D025EC9
:10DE6000015F0160016113620B0001020103010502
:10DE70000609020B010D0B0F040D020B0106010434
:10DE800001020900010201040108080F020D050B3F
:10DE90000106010401020100010201030105030959
:10DEA0000108010606050B00010201030104070633
:10DEB000020809090208020602050204010302021F
:10DEC0000900010201030105070901080106010516
:10DED0000504010302020100020201030B050B000D
:10DEE00001010202050303020101200012010F00DB
:10DEF0000800021B2700021B150002E20E003E4232
:10DF000038383A3C160C02060108010A010C070ECB
:10DF1000040D020C010B0109010809060109010C9D
:10DF2000010F0B12010E010A0706010B01100A1660
:10DF300001140111010E010B0408010A010D011069
:10DF400001130316024901400137012E0424012365
:10DF5000012201210120011F011E011D031C021BC2
:10DF6000091A011F0125012A0B300132013407363D
:10DF7000013301300B2C012B012A0129052801292D
:10DF8000012A012B032C0263015F015B0157075239
:10DF9000045105500951014D014801430B3E015107
:10DFA00001650779016E01630A570155015301515B
:10DFB000014F044C014E01500152015403572D6290
:10DFC00002610160025F015E035D015C015B015A59
:10DFD0000159015801570156015501540255015686
:10DFE000015701580159015B015C015D025E015F4F
:10DFF0000160016103620200010201040108070FD0
:10E00000040D020B010601040102090001020103D3
:10E0100001050B090108010607050108010B0B0F9B
:10E02000010D010B010905080109010B010D030F89
:10E0300002000102010301050509020802060205AA
:10E0400002040103020209000102010301040C0899
:10E0500001060705010601080A0901080105010476
:10E0600001030502010301040106030905000B0178
:10E070000E00010102020B03020209000E0108005A
:10E08000030102F11900021B2600070306003A40B3
:10E090003602363E2C060A0601070109010A030C66
:10E0A000020D080E010A0606010F041801150112DF
:10E0B000010F010C010B010A010901080506010805
:10E0C000010B030E010D010C010A010901080806EC
:10E0D0000A54014A013F01340129012F0135013B56
:10E0E00001410848013B062E0136043E014101452D
:10E0F0000149014C014A01480146014405420144DD
:10E1000001460348014A014C014E01500152085496
:10E110000A5E016101640167016A016801650163CA
:10E120000160085D01570651015404580159015A14
:10E13000015B015C01610167016D0173057901708B
:10E140000167085D085E45620A00010201030104DF
:10E15000020602080109090B0609010B040F010B55
:10E16000010601040103030201010500010201048B
:10E17000030B010801050104010301020800060068
:10E180000106030001010202010302040105010668
:10E190000808010406020104040D01090106010436
:10E1A0000103030201010500010201040308010645
:10E1B000010401030202030001060400060001033A
:10E1C0000700010102020103080401020600010226
:10E1D0000504010305020101050002020304020314
:10E1E00003020300010304002F0002191400464437
:10E1F000521E243A1E0C05120110010E010C010AD8
:10E2000001080C060109010C010F0912011101108E
:10E21000020F010E010D030C010D010E010F08107C
:10E22000020F040E020F0210021106120211021058
:10E23000020F020E010C010A010806060542014503
:10E240000148014B014E015107540149013D013282
:10E250000126011A011B011C011D0B1E041D021CBD
:10E26000011D011F012001220624012B0132013969
:10E270000140104802470246024503440243064259
:10E28000065B025C025D075E015C015901570154A7
:10E2900001510152015401560858015701560155C8
:10E2A000015401530152015102500156015C0162B7
:10E2B0000168066E016B016801640161045D035C25
:10E2C000035B075A035B025C025D0164016B017230
:10E2D0000679176201610160015F015E015D015C09
:10E2E0000E5B015C015D015E015F016001612862FE
:10E2F000050D010901060104010301020C000102E0
:10E30000010401080B0F040D1A0B0E0D0108010486
:10E3100001020600050B01080105010401030102C9
:10E3200003000106080001020103010509090208B2
:10E33000020602050D040205010604080309030B89
:10E34000080D040B02090105010301020600060481
:10E35000010303020300010320000601030201037D
:10E360000A0408050604010302020600120002F175
:10E3700002D33F0002190200443C4E02443C3A0CD6
:10E3800002060108010A010C070E010C01090E0624
:10E390000109010C010F0312021303140110010BF8
:10E3A00006060108010B040E010C010A0108010612
:10E3B0000108010A010C040E010C01090106010704
:10E3C0000108060A054907480142013C0536014299
:10E3D000084F01480141013A013201310130012F5A
:10E3E000012E032C012F01320636013C0142074861
:10E3F000044904480142013C01360140014A0654E7
:10E40000026301620160015F075D0166016F0579CA
:10E41000016F0865015B01510147013C0141014762
:10E42000014D015303590163016E067901700167C3
:10E43000045D015E01600161016301620160015FD1
:10E44000045D0166016F017901760172066E4B620F
:10E450000200010201030105070B0109010805057E
:10E460000103080001020103010508090108010672
:10E47000060501060108040B010601040102010062
:10E48000010201030105040B010501030100010262
:10E490000104060B02000102010301040808010641
:10E4A00005050103080001020103010405060C052E
:10E4B0000106040801050103010201000102010334
:10E4C000010404080104010201000102010306061F
:10E4D00002000101010201030704010301020E0011
:10E4E000010102020103030201010B000202040404
:10E4F00001030202010001010102010304040103FE
:10E500000102010001020103060402F11800027277
:10E510001B0002F1120040463A0220382A06070684
:10E52000010A090E010C010906060108010B090E7A
:10E53000010A0606010F0518011701150114011241
:10E540000810020F060E010D010C010B010A030950
:10E55000010B010D010F01110414010D0606072E18
:10E56000013B09480142013C0636013C0142094891
:10E57000013B062E0136053E01390134012F012AE7
:10E580000624012B013201390140064801440140B3
:10E59000013C0138033301320131012F012E042CDB
:10E5A000012D062E07510157095D0166016F06799D
:10E5B00001700167095D0157065101540558015C5E
:10E5C000016001650169066E016B0168016401610A
:10E5D0000E5D015C015B015A0459015506515B62F5
:10E5E0000809090B010901080605010601080A0BC3
:10E5F0000609010B070F020D120B020907080B0990
:10E60000070201040A0801060705010609080104BA
:10E6100006020104050D010B0109010801060704AA
:10E6200002050106060801060204010304020203B2
:10E6300001040405010306020700010209040103A5
:10E64000010206000202090401020600010206049A
:10E65000010302020601030201030604020302028F
:10E660001200470006010E0028483E2A26241806FC
:10E6700004060109010C010F111202110210010F11
:10E68000010E010D010C010A01090108070601082C
:10E69000010B010E0511071002490132011A012474
:10E6A000012E013805420140013E013C013901378C
:10E6B0000135053201350138013B013E014101447C
:10E6C0000148014A014C014E015001520754014CCE
:10E6D0000144013C01340131012E012B01280724A2
:10E6E0000263015A0151015301560158055B01575C
:10E6F0000153014F014B01470143053E01420146D1
:10E70000014B014F01540158065D075E015D015C3C
:10E71000015B015A015E01620166016A076E0262D5
:10E72000015F015B015A0159015801570156035518
:10E73000015601570158015A015B015C015E015FFE
:10E74000016005620963166204000102010401060A
:10E750000B0D0C0B01080105010401030102070068
:10E76000020201040205010601080109070B040069
:10E770000102010301050B0B0B090108010601044D
:10E78000010302020300010603000101010201036B
:10E790000C040400020201030B040B030104020336
:10E7A0000302030001030B00070102F102D335004D
:10E7B000363C421A2A3E260802060108010A010CCC
:10E7C000050E020F0810020F070E010C010A0108C6
:10E7D0000906010B011007160112010E010A0109B9
:10E7E0000108010705060109010C010F0812021AB0
:10E7F00001250131013C03480141013A0133012C5B
:10E800000624012B0132013901400748013D013145
:10E810000126091A01200126072C0133013A04417F
:10E820000542013E013901350830025101540157BA
:10E83000015A035D016001630167016A066E016BA5
:10E84000016801640161075D015A015701540951D2
:10E85000015301550757015A015D01600166016CC2
:10E8600001720579016B015C014D083E296201616D
:10E870000160015F015E015D045B015C015D015EA1
:10E88000015F016011620200010201030105180B22
:10E890000108010401030702020001030106070F3A
:10E8A0000109010408020100010201030105080930
:10E8B0000200010201030104040802060105070425
:10E8C0000205010607080105010301020600010116
:10E8D000020001020104070901050103030201010D
:10E8E0000300010101000102010301040808020004
:10E8F00001010102010303040203020206010302F3
:10E9000001030704010302020B000D0105000101D0
:10E910000202080302D3320002F112002A2A1E0268
:10E92000181C0606091A01150110010B010A01093C
:10E9300001080506010A010F031401120110010E5E
:10E94000010C030A010C010E011101130316092821
:10E95000012E0135013B013C013E01400542013BD6
:10E960000134032C012801240120011C0318011C7F
:10E97000012001240128032C095901610169017159
:10E980000173017501770579016F01640759045A14
:10E990000259015803572762090F010901040302B4
:10E9A00001010500010201040709050B020D030F17
:10E9B000090B010601040302010105000102010324
:10E9C0000705040401050106010803090F011500EC
:10E9D0000301100002191500000000002A150000B4
:10E9E00004020000C80200000A030000D403000073
:10E9F00096040000360500000A060000F606000036
:10EA00008A0800003A090000CC090000E80C000068
:10EA10003A0E00007210000016110000EE11000006
:10EA2000B41300002A15000080160000B81700007B
:10EA300070190000F61A0000A61C0000361E000027
:10EA4000961F000020210000BE22000010240000BC
:10EA500058250000C4260000020002000204020241
:10EA60000202020206000402000402000004020680
:10EA7000040206060004040200012F300001000118
:10EA80000A0B16170001040508090001191A0E0FD8
:10EA90003C3D5D5E1E1F4B4C00011F204748232458
:10EAA000292A4C4D474808093132484900011B1CAE
:10EAB0002F3012131415555600011A1B3738000158
:10EAC0000203000134351011000028000200040088
:10EAD000040006000A000C000E00100012001400D2
:10EAE00016001C001C002000220022002600280026
:10EAF000280028002C002E00340038003A00400086
:10EB0000460046004A004E00F8B500BFF8BC08BCFD
:10EB10009E467047F8B500BFF8BC08BC9E467047DB
:10EB20004D49000800000000734A00080000000082
:10EB30009945000800000000994700080000000007
:10EB40000D4100080000000089410008000000009D
:10EB5000FD410008000000004943000800000000DB
:10EB6000B944000800000000FF000000297A0008F6
:10EB70000000000051B000080000000051B0000883
:10EB80000000000051B000080000000051B0000873
:10EB90000000000051B0000800000000C9B00008EB
:10EBA00000000000C9B0000800000000C9B0000863
:10EBB00000000000C9B0000800000000C9B0000853
:10EBC00000000000517B000800000000418A00089E
:10EBD000000000006D56000800000000597D00088C
:10EBE00000000000597D000800000000597D000869
:10EBF00000000000597D000800000000697F000847
:10EC000000000000C56A000800000000BD8C00087C
:10EC100000000000B98E00080000000065800008B8
:10EC2000000000003D81000800000000658200082F
:10EC300000000000D177000800000000DD6100083E
:10EC4000000000005D6C000800000000F56D000889
:10EC50000000000091880008000000004D830008BB
:10EC6000000000001966000800000000F986000896
:10EC7000000000007175000800000000095700083E
:10EC8000000000005958000800000000B15A0008B8
:10EC900000000000656400080000000065640008D2
:10ECA000000000004D70000800000000B171000875
:10ECB000000000001586000800000000D97300085D
:10ECC00000000000C567000800000000279200084F
:10ECD00000000000959500080000000077920008F1
:10ECE00000000000AF94000800000000AD91000893
:10ECF000000000001F930008000000001F930008A0
:10ED000000000000F593000800000000F5930008E3
:10ED10000000000039970008000000003997000843
:10ED20000000000039970008000000003997000833
:10ED30000000000019980008000000001998000861
:10ED40000000000019980008000000001998000851
:10ED50000000000019980008000000001998000841
:10ED60000000000019980008000000001998000831
:10ED70000000000019980008000000001998000821
:10ED80000000000019980008000000001998000811
:10ED9000000000005D9800080000000019980008BD
:10EDA00000000000199800080000000019980008F1
:10EDB00000000000199800080000000019980008E1
:10EDC00000000000199800080000000019980008D1
:10EDD00000000000199800080000000019980008C1
:10EDE00000000000199800080000000019980008B1
:10EDF00000000000199800080000000019980008A1
:10EE00000000000019980008000000001998000890
:10EE10000000000019980008000000001998000880
:10EE20000000000019980008000000001998000870
:10EE30000000000019980008000000001998000860
:10EE40000000000019980008000000001998000850
:10EE50000000000019980008000000001998000840
:10EE60000000000019980008000000001998000830
:10EE70000000000019980008000000001998000820
:10EE80000000000019980008000000001998000810
:10EE90000000000078AE010844E10008E2820108A9
:10EEA00040DD000852F3000844E30008EC8C010840
:10EEB00048E70008F09001084EED000804980108AA
:10EEC000EEA701080A9E01084CEB00083ED9000895
:10EED00042DF0008069A010856F7000821000000EA
:0400000508004000AF
:00000001FF
